scenario,index,parent,depth,children,rotation_bits,local_rotation_bits,scale_bits,local_tx_bits,local_ty_bits,key_x_bits,key_y_bits,id
STATIC,0,9,5,0,00000000,00000000,3f800000,00000000,00000000,43200000,43128000,back_hair
STATIC,1,-1,1,1,00000000,00000000,3f800000,00000000,00000000,431e0000,437b0000,cloth
STATIC,2,3,3,6,00000000,00000000,3f800000,00000000,00000000,431c8000,43228000,face
STATIC,3,1,2,1,00000000,00000000,3f800000,00000000,00000000,431c0000,43588000,neck
STATIC,4,2,4,0,00000000,00000000,3f800000,00000000,00000000,431a0000,43490000,mouth
STATIC,5,2,4,0,00000000,00000000,3f800000,00000000,00000000,43358000,43308000,left_eye
STATIC,6,2,4,0,00000000,00000000,3f800000,00000000,00000000,42f40000,432f8000,right_eye
STATIC,7,2,4,0,00000000,00000000,3f800000,00000000,00000000,433862b3,4323b783,right_eyeup
STATIC,8,2,4,0,00000000,00000000,3f800000,00000000,00000000,42f27534,4324424f,left_eyeup
STATIC,9,2,4,2,00000000,00000000,3f800000,00000000,00000000,431d0000,42f50000,front_hair
STATIC,10,9,5,0,00000000,00000000,3f800000,00000000,00000000,43550000,430b0000,hairwear
EYE_L_SWEEP,0,9,5,0,00000000,00000000,3f800000,00000000,00000000,43200000,43128000,back_hair
EYE_L_SWEEP,1,-1,1,1,00000000,00000000,3f800000,00000000,00000000,431e0000,437b0000,cloth
EYE_L_SWEEP,2,3,3,6,00000000,00000000,3f800000,00000000,00000000,431c8000,43228000,face
EYE_L_SWEEP,3,1,2,1,00000000,00000000,3f800000,00000000,00000000,431c0000,43588000,neck
EYE_L_SWEEP,4,2,4,0,00000000,00000000,3f800000,00000000,00000000,431a0000,43490000,mouth
EYE_L_SWEEP,5,2,4,0,00000000,00000000,3f800000,00000000,00000000,43358000,43308000,left_eye
EYE_L_SWEEP,6,2,4,0,00000000,00000000,3f39cc00,00000000,bf300000,42f40000,432f8000,right_eye
EYE_L_SWEEP,7,2,4,0,00000000,00000000,3f800000,00000000,00000000,433862b3,4323b783,right_eyeup
EYE_L_SWEEP,8,2,4,0,00000000,00000000,3f800000,3e000000,40500000,42f27534,4324424f,left_eyeup
EYE_L_SWEEP,9,2,4,2,00000000,00000000,3f800000,00000000,00000000,431d0000,42f50000,front_hair
EYE_L_SWEEP,10,9,5,0,00000000,00000000,3f800000,00000000,00000000,43550000,430b0000,hairwear
NECK_SWEEP,0,9,5,0,00000000,00000000,3f800000,00000000,00000000,43200000,43128000,back_hair
NECK_SWEEP,1,-1,1,1,00000000,00000000,3f800000,00000000,00000000,431e0000,437b0000,cloth
NECK_SWEEP,2,3,3,6,00000000,00000000,3f800000,00000000,00000000,431c8000,43228000,face
NECK_SWEEP,3,1,2,1,00000000,c109c000,3f800000,00000000,00000000,431c0000,43588000,neck
NECK_SWEEP,4,2,4,0,00000000,00000000,3f800000,00000000,00000000,431a0000,43490000,mouth
NECK_SWEEP,5,2,4,0,00000000,00000000,3f800000,00000000,00000000,43358000,43308000,left_eye
NECK_SWEEP,6,2,4,0,00000000,00000000,3f800000,00000000,00000000,42f40000,432f8000,right_eye
NECK_SWEEP,7,2,4,0,00000000,00000000,3f800000,00000000,00000000,433862b3,4323b783,right_eyeup
NECK_SWEEP,8,2,4,0,00000000,00000000,3f800000,00000000,00000000,42f27534,4324424f,left_eyeup
NECK_SWEEP,9,2,4,2,00000000,00000000,3f800000,00000000,00000000,431d0000,42f50000,front_hair
NECK_SWEEP,10,9,5,0,00000000,00000000,3f800000,00000000,00000000,43550000,430b0000,hairwear
FACE_SWEEP,0,9,5,0,00000000,00000000,3f800000,00000000,00000000,43200000,43128000,back_hair
FACE_SWEEP,1,-1,1,1,00000000,00000000,3f800000,00000000,00000000,431e0000,437b0000,cloth
FACE_SWEEP,2,3,3,6,00000000,00000000,3f800000,00000000,00000000,431c8000,43228000,face
FACE_SWEEP,3,1,2,1,00000000,00000000,3f800000,00000000,00000000,431c0000,43588000,neck
FACE_SWEEP,4,2,4,0,00000000,00000000,3f800000,00000000,00000000,431a0000,43490000,mouth
FACE_SWEEP,5,2,4,0,00000000,00000000,3f800000,00000000,00000000,43358000,43308000,left_eye
FACE_SWEEP,6,2,4,0,00000000,00000000,3f800000,00000000,00000000,42f40000,432f8000,right_eye
FACE_SWEEP,7,2,4,0,00000000,00000000,3f800000,00000000,00000000,433862b3,4323b783,right_eyeup
FACE_SWEEP,8,2,4,0,00000000,00000000,3f800000,00000000,00000000,42f27534,4324424f,left_eyeup
FACE_SWEEP,9,2,4,2,00000000,00000000,3f800000,00000000,00000000,431d0000,42f50000,front_hair
FACE_SWEEP,10,9,5,0,00000000,00000000,3f800000,00000000,00000000,43550000,430b0000,hairwear
MULTI_AXIS,0,9,5,0,00000000,00000000,3f800000,00000000,00000000,43200000,43128000,back_hair
MULTI_AXIS,1,-1,1,1,00000000,00000000,3f800000,00000000,00000000,431e0000,437b0000,cloth
MULTI_AXIS,2,3,3,6,00000000,00000000,3f800000,00000000,00000000,431c8000,43228000,face
MULTI_AXIS,3,1,2,1,00000000,40808000,3f800000,00000000,00000000,431c0000,43588000,neck
MULTI_AXIS,4,2,4,0,00000000,00000000,3f800000,00000000,00000000,431a0000,43490000,mouth
MULTI_AXIS,5,2,4,0,00000000,00000000,3eb42000,00000000,00000000,43358000,43308000,left_eye
MULTI_AXIS,6,2,4,0,00000000,00000000,3f39cc00,00000000,bf300000,42f40000,432f8000,right_eye
MULTI_AXIS,7,2,4,0,00000000,00000000,3f800000,3e800000,41190000,433862b3,4323b783,right_eyeup
MULTI_AXIS,8,2,4,0,00000000,00000000,3f800000,3e000000,40500000,42f27534,4324424f,left_eyeup
MULTI_AXIS,9,2,4,2,00000000,00000000,3f800000,00000000,00000000,431d0000,42f50000,front_hair
MULTI_AXIS,10,9,5,0,00000000,00000000,3f800000,00000000,00000000,43550000,430b0000,hairwear
