window,phase,cpu0_pct,cpu1_pct,fps,frames,over_budget,pose_us,physical_us,draw_us,convert_us,total_us,budget_remain_us,actual_wait_us,period_us,max_total_us
0,transition,79,0,30.88,31,0,877,4874,13163,6409,26878,6454,5443,32378,27208
1,steady_0.75x,69,0,30.36,31,0,874,4874,13132,6417,26800,6532,5441,32297,27006
2,steady_0.75x,69,0,30.33,31,0,877,4873,13134,6410,26832,6500,5449,32337,27060
3,steady_0.75x,68,0,30.30,31,0,875,4878,13161,6418,26869,6464,5436,32360,27125
4,steady_0.75x,68,0,30.33,31,0,879,4876,13150,6409,26877,6455,5398,32331,27127
5,steady_0.75x,68,0,30.13,31,0,871,4877,13150,6481,26993,6339,5508,32557,28384
6,steady_0.75x,68,0,30.19,31,0,877,4879,13136,6465,27056,6276,5379,32491,28221
7,steady_0.75x,68,0,30.07,31,0,878,4879,13144,6486,27054,6278,5512,32622,28012
8,steady_0.75x,67,0,29.94,30,0,883,4885,13158,6532,27215,6117,5466,32738,28138
9,steady_0.75x,68,0,29.97,30,0,883,4879,13143,6487,27088,6244,5563,32706,28172
10,steady_0.75x,67,0,30.00,30,0,884,4885,13127,6477,27020,6312,5595,32672,27937
11,steady_0.75x,68,0,30.00,30,0,882,4879,13116,6529,27236,6096,5374,32666,28436
12,steady_0.75x,68,0,29.97,30,0,885,4873,13123,6578,27284,6048,5361,32700,28389
13,steady_0.75x,68,0,30.21,31,0,877,4877,13128,6453,26966,6366,5434,32455,28321
