scenario,scale_q100,round,metric,count,avg,p50,p95,p99,min,max,backend
LOAD,0,0,load_us,1,283705,283705,283705,283705,283705,283705,0
STATIC,100,1,slot_wait_us,50,0.00,0,0,0,0,0,0
STATIC,100,1,controller_us,50,18.00,17,26,26,12,26,0
STATIC,100,1,rt30_us,50,41.12,39,49,52,37,52,0
STATIC,100,1,hierarchy_vertex_us,50,130.60,127,157,159,95,159,0
STATIC,100,1,bounds_us,50,1.04,1,2,2,0,2,0
STATIC,100,1,clear_us,50,1120.32,1131,1146,1153,915,1153,0
STATIC,100,1,raster_us,50,18564.18,18556,18635,18701,18485,18701,0
STATIC,100,1,convert_us,50,6517.18,6472,6712,6746,6443,6746,0
STATIC,100,1,cache_sync_us,50,24.48,24,25,26,24,26,0
STATIC,100,1,producer_total_us,50,26653.02,26617,26870,26972,26468,26972,0
STATIC,100,1,publish_consume_us,50,22.04,22,26,35,14,35,0
STATIC,100,1,ppa_wait_us,50,7584.88,7547,7788,7837,7313,7837,0
STATIC,100,1,ppa_blend_us,50,0.00,0,0,0,0,0,0
STATIC,100,1,panel_submit_us,50,169.34,168,182,183,154,183,0
STATIC,100,1,frame_drop,50,0.00,0,0,0,0,0,0
STATIC,100,1,ppa_fill_us,50,1095.70,1107,1120,1126,892,1126,0
STATIC,100,1,ppa_srm_us,50,6489.18,6443,6680,6718,6416,6718,0
STATIC,100,1,ppa_total_us,50,7584.88,7547,7788,7837,7313,7837,0
STATIC,100,1,clear_cache_sync_us,50,11.24,11,12,12,11,12,0
STATIC,100,1,convert_cache_sync_us,50,0.00,0,0,0,0,0,0
STATIC,100,1,flush_cache_sync_us,50,13.24,13,14,14,13,14,0
STATIC,100,1,cache_sync_total_us,50,24.48,24,25,26,24,26,0
STATIC,100,1,display_lock_wait_us,50,151.46,20,683,808,16,808,0
STATIC,100,1,flush_total_us,50,341.44,211,883,1002,191,1002,0
STATIC,100,1,frame_total_us,50,27016.50,26866,27739,27875,26700,27875,0
STATIC,100,1,keypoint_us,50,0.00,0,0,0,0,0,0
STATIC,100,1,visual_transform_us,50,0.00,0,0,0,0,0,0
STATIC,100,1,stretch_us,50,0.00,0,0,0,0,0,0
STATIC,100,1,vertex_transform_us,50,0.00,0,0,0,0,0,0
STATIC,100,1,uv_update_us,50,0.00,0,0,0,0,0,0
STATIC,100,1,trig_cache_hit,50,0.00,0,0,0,0,0,0
STATIC,100,1,trig_cache_miss,50,0.00,0,0,0,0,0,0
STATIC,100,1,slot_miss,50,0.00,0,0,0,0,0,0
STATIC,100,1,lock_skip,50,0.00,0,0,0,0,0,0
STATIC,100,1,deadline_miss,50,0.00,0,0,0,0,0,0
EYE_L_SWEEP,100,1,slot_wait_us,50,0.00,0,0,0,0,0,0
EYE_L_SWEEP,100,1,controller_us,50,57.98,57,67,71,56,71,0
EYE_L_SWEEP,100,1,rt30_us,50,557.66,556,586,595,482,595,0
EYE_L_SWEEP,100,1,hierarchy_vertex_us,50,1208.72,1202,1241,1248,1189,1248,0
EYE_L_SWEEP,100,1,bounds_us,50,1.42,1,2,2,0,2,0
EYE_L_SWEEP,100,1,clear_us,50,1111.02,1130,1145,1149,904,1149,0
EYE_L_SWEEP,100,1,raster_us,50,18469.44,18457,18626,18666,18269,18666,0
EYE_L_SWEEP,100,1,convert_us,50,6575.60,6533,6747,6829,6450,6829,0
EYE_L_SWEEP,100,1,cache_sync_us,50,24.58,24,28,29,24,29,0
EYE_L_SWEEP,100,1,producer_total_us,50,28238.78,28178,28519,28605,27949,28605,0
EYE_L_SWEEP,100,1,publish_consume_us,50,22.84,22,27,56,15,56,0
EYE_L_SWEEP,100,1,ppa_wait_us,50,7635.06,7569,7841,7889,7454,7889,0
EYE_L_SWEEP,100,1,ppa_blend_us,50,0.00,0,0,0,0,0,0
EYE_L_SWEEP,100,1,panel_submit_us,50,165.86,165,181,190,146,190,0
EYE_L_SWEEP,100,1,frame_drop,50,0.00,0,0,0,0,0,0
EYE_L_SWEEP,100,1,ppa_fill_us,50,1086.72,1107,1121,1126,878,1126,0
EYE_L_SWEEP,100,1,ppa_srm_us,50,6548.34,6506,6722,6800,6424,6800,0
EYE_L_SWEEP,100,1,ppa_total_us,50,7635.06,7569,7841,7889,7454,7889,0
EYE_L_SWEEP,100,1,clear_cache_sync_us,50,11.28,11,15,15,10,15,0
EYE_L_SWEEP,100,1,convert_cache_sync_us,50,0.00,0,0,0,0,0,0
EYE_L_SWEEP,100,1,flush_cache_sync_us,50,13.30,13,14,14,13,14,0
EYE_L_SWEEP,100,1,cache_sync_total_us,50,24.58,24,28,29,24,29,0
EYE_L_SWEEP,100,1,display_lock_wait_us,50,54.92,16,516,787,16,787,0
EYE_L_SWEEP,100,1,flush_total_us,50,241.46,204,702,991,180,991,0
EYE_L_SWEEP,100,1,frame_total_us,50,28503.08,28424,28871,29403,28191,29403,0
EYE_L_SWEEP,100,1,keypoint_us,50,0.00,0,0,0,0,0,0
EYE_L_SWEEP,100,1,visual_transform_us,50,0.00,0,0,0,0,0,0
EYE_L_SWEEP,100,1,stretch_us,50,0.00,0,0,0,0,0,0
EYE_L_SWEEP,100,1,vertex_transform_us,50,0.00,0,0,0,0,0,0
EYE_L_SWEEP,100,1,uv_update_us,50,0.00,0,0,0,0,0,0
EYE_L_SWEEP,100,1,trig_cache_hit,50,51.00,51,51,51,51,51,0
EYE_L_SWEEP,100,1,trig_cache_miss,50,0.00,0,0,0,0,0,0
EYE_L_SWEEP,100,1,slot_miss,50,0.00,0,0,0,0,0,0
EYE_L_SWEEP,100,1,lock_skip,50,0.00,0,0,0,0,0,0
EYE_L_SWEEP,100,1,deadline_miss,50,0.00,0,0,0,0,0,0
NECK_SWEEP,100,1,slot_wait_us,50,0.00,0,0,0,0,0,0
NECK_SWEEP,100,1,controller_us,50,57.26,57,58,60,57,60,0
NECK_SWEEP,100,1,rt30_us,50,580.52,577,609,611,561,611,0
NECK_SWEEP,100,1,hierarchy_vertex_us,50,1360.08,1357,1392,1404,1248,1404,0
NECK_SWEEP,100,1,bounds_us,50,1.32,1,2,2,0,2,0
NECK_SWEEP,100,1,clear_us,50,1123.94,1124,1143,1152,1099,1152,0
NECK_SWEEP,100,1,raster_us,50,18705.22,18712,18816,18847,18569,18847,0
NECK_SWEEP,100,1,convert_us,50,6548.92,6511,6741,6793,6450,6793,0
NECK_SWEEP,100,1,cache_sync_us,50,24.34,24,26,26,24,26,0
NECK_SWEEP,100,1,producer_total_us,50,28635.42,28641,28847,28923,28287,28923,0
NECK_SWEEP,100,1,publish_consume_us,50,21.54,22,28,41,15,41,0
NECK_SWEEP,100,1,ppa_wait_us,50,7621.52,7577,7803,7850,7505,7850,0
NECK_SWEEP,100,1,ppa_blend_us,50,0.00,0,0,0,0,0,0
NECK_SWEEP,100,1,panel_submit_us,50,165.78,166,178,186,153,186,0
NECK_SWEEP,100,1,frame_drop,50,0.00,0,0,0,0,0,0
NECK_SWEEP,100,1,ppa_fill_us,50,1099.80,1101,1119,1129,1075,1129,0
NECK_SWEEP,100,1,ppa_srm_us,50,6521.72,6485,6719,6765,6414,6765,0
NECK_SWEEP,100,1,ppa_total_us,50,7621.52,7577,7803,7850,7505,7850,0
NECK_SWEEP,100,1,clear_cache_sync_us,50,11.18,11,12,12,11,12,0
NECK_SWEEP,100,1,convert_cache_sync_us,50,0.00,0,0,0,0,0,0
NECK_SWEEP,100,1,flush_cache_sync_us,50,13.16,13,14,14,13,14,0
NECK_SWEEP,100,1,cache_sync_total_us,50,24.34,24,26,26,24,26,0
NECK_SWEEP,100,1,display_lock_wait_us,50,191.02,20,712,842,16,842,0
NECK_SWEEP,100,1,flush_total_us,50,377.48,212,905,1035,189,1035,0
NECK_SWEEP,100,1,frame_total_us,50,29034.44,28938,29712,29813,28511,29813,0
NECK_SWEEP,100,1,keypoint_us,50,0.00,0,0,0,0,0,0
NECK_SWEEP,100,1,visual_transform_us,50,0.00,0,0,0,0,0,0
NECK_SWEEP,100,1,stretch_us,50,0.00,0,0,0,0,0,0
NECK_SWEEP,100,1,vertex_transform_us,50,0.00,0,0,0,0,0,0
NECK_SWEEP,100,1,uv_update_us,50,0.00,0,0,0,0,0,0
NECK_SWEEP,100,1,trig_cache_hit,50,50.00,50,50,50,50,50,0
NECK_SWEEP,100,1,trig_cache_miss,50,1.00,1,1,1,1,1,0
NECK_SWEEP,100,1,slot_miss,50,0.00,0,0,0,0,0,0
NECK_SWEEP,100,1,lock_skip,50,0.00,0,0,0,0,0,0
NECK_SWEEP,100,1,deadline_miss,50,0.00,0,0,0,0,0,0
FACE_SWEEP,100,1,slot_wait_us,50,0.00,0,0,0,0,0,0
FACE_SWEEP,100,1,controller_us,50,58.54,58,67,67,57,67,0
FACE_SWEEP,100,1,rt30_us,50,915.98,913,940,946,883,946,0
FACE_SWEEP,100,1,hierarchy_vertex_us,50,1205.98,1198,1229,1238,1189,1238,0
FACE_SWEEP,100,1,bounds_us,50,1.08,1,2,2,0,2,0
FACE_SWEEP,100,1,clear_us,50,1123.32,1128,1141,1147,1096,1147,0
FACE_SWEEP,100,1,raster_us,50,18593.42,18584,18723,18819,18394,18819,0
FACE_SWEEP,100,1,convert_us,50,6474.34,6467,6526,6540,6433,6540,0
FACE_SWEEP,100,1,cache_sync_us,50,24.30,24,25,26,24,26,0
FACE_SWEEP,100,1,producer_total_us,50,28638.16,28614,28793,28901,28454,28901,0
FACE_SWEEP,100,1,publish_consume_us,50,20.48,22,26,26,14,26,0
FACE_SWEEP,100,1,ppa_wait_us,50,7546.72,7543,7605,7625,7488,7625,0
FACE_SWEEP,100,1,ppa_blend_us,50,0.00,0,0,0,0,0,0
FACE_SWEEP,100,1,panel_submit_us,50,165.12,165,178,186,153,186,0
FACE_SWEEP,100,1,frame_drop,50,0.00,0,0,0,0,0,0
FACE_SWEEP,100,1,ppa_fill_us,50,1099.16,1105,1116,1122,1073,1122,0
FACE_SWEEP,100,1,ppa_srm_us,50,6447.56,6440,6494,6512,6409,6512,0
FACE_SWEEP,100,1,ppa_total_us,50,7546.72,7543,7605,7625,7488,7625,0
FACE_SWEEP,100,1,clear_cache_sync_us,50,11.12,11,12,12,11,12,0
FACE_SWEEP,100,1,convert_cache_sync_us,50,0.00,0,0,0,0,0,0
FACE_SWEEP,100,1,flush_cache_sync_us,50,13.18,13,14,14,13,14,0
FACE_SWEEP,100,1,cache_sync_total_us,50,24.30,24,25,26,24,26,0
FACE_SWEEP,100,1,display_lock_wait_us,50,41.48,16,243,324,16,324,0
FACE_SWEEP,100,1,flush_total_us,50,227.48,202,442,516,189,516,0
FACE_SWEEP,100,1,frame_total_us,50,28886.12,28845,29135,29223,28676,29223,0
FACE_SWEEP,100,1,keypoint_us,50,0.00,0,0,0,0,0,0
FACE_SWEEP,100,1,visual_transform_us,50,0.00,0,0,0,0,0,0
FACE_SWEEP,100,1,stretch_us,50,0.00,0,0,0,0,0,0
FACE_SWEEP,100,1,vertex_transform_us,50,0.00,0,0,0,0,0,0
FACE_SWEEP,100,1,uv_update_us,50,0.00,0,0,0,0,0,0
FACE_SWEEP,100,1,trig_cache_hit,50,51.00,51,51,51,51,51,0
FACE_SWEEP,100,1,trig_cache_miss,50,0.00,0,0,0,0,0,0
FACE_SWEEP,100,1,slot_miss,50,0.00,0,0,0,0,0,0
FACE_SWEEP,100,1,lock_skip,50,0.00,0,0,0,0,0,0
FACE_SWEEP,100,1,deadline_miss,50,0.00,0,0,0,0,0,0
MULTI_AXIS,100,1,slot_wait_us,50,0.00,0,0,0,0,0,0
MULTI_AXIS,100,1,controller_us,50,59.26,59,60,68,58,68,0
MULTI_AXIS,100,1,rt30_us,50,936.16,940,971,973,881,973,0
MULTI_AXIS,100,1,hierarchy_vertex_us,50,1364.50,1364,1393,1411,1271,1411,0
MULTI_AXIS,100,1,bounds_us,50,1.40,1,2,2,0,2,0
MULTI_AXIS,100,1,clear_us,50,1123.20,1130,1148,1151,922,1151,0
MULTI_AXIS,100,1,raster_us,50,18413.04,18442,18605,18755,18090,18755,0
MULTI_AXIS,100,1,convert_us,50,6559.80,6510,6748,6779,6447,6779,0
MULTI_AXIS,100,1,cache_sync_us,50,24.22,24,25,26,23,26,0
MULTI_AXIS,100,1,producer_total_us,50,28713.64,28689,28932,29062,28545,29062,0
MULTI_AXIS,100,1,publish_consume_us,50,20.36,19,26,31,14,31,0
MULTI_AXIS,100,1,ppa_wait_us,50,7632.48,7573,7828,7842,7511,7842,0
MULTI_AXIS,100,1,ppa_blend_us,50,0.00,0,0,0,0,0,0
MULTI_AXIS,100,1,panel_submit_us,50,167.12,167,184,205,146,205,0
MULTI_AXIS,100,1,frame_drop,50,0.00,0,0,0,0,0,0
MULTI_AXIS,100,1,ppa_fill_us,50,1099.20,1108,1122,1127,895,1127,0
MULTI_AXIS,100,1,ppa_srm_us,50,6533.28,6483,6723,6751,6422,6751,0
MULTI_AXIS,100,1,ppa_total_us,50,7632.48,7573,7828,7842,7511,7842,0
MULTI_AXIS,100,1,clear_cache_sync_us,50,11.02,11,12,12,10,12,0
MULTI_AXIS,100,1,convert_cache_sync_us,50,0.00,0,0,0,0,0,0
MULTI_AXIS,100,1,flush_cache_sync_us,50,13.20,13,14,14,13,14,0
MULTI_AXIS,100,1,cache_sync_total_us,50,24.22,24,25,26,23,26,0
MULTI_AXIS,100,1,display_lock_wait_us,50,69.98,16,621,1026,16,1026,0
MULTI_AXIS,100,1,flush_total_us,50,258.40,207,806,1227,184,1227,0
MULTI_AXIS,100,1,frame_total_us,50,28992.40,28912,29392,30074,28768,30074,0
MULTI_AXIS,100,1,keypoint_us,50,0.00,0,0,0,0,0,0
MULTI_AXIS,100,1,visual_transform_us,50,0.00,0,0,0,0,0,0
MULTI_AXIS,100,1,stretch_us,50,0.00,0,0,0,0,0,0
MULTI_AXIS,100,1,vertex_transform_us,50,0.00,0,0,0,0,0,0
MULTI_AXIS,100,1,uv_update_us,50,0.00,0,0,0,0,0,0
MULTI_AXIS,100,1,trig_cache_hit,50,50.00,50,50,50,50,50,0
MULTI_AXIS,100,1,trig_cache_miss,50,1.00,1,1,1,1,1,0
MULTI_AXIS,100,1,slot_miss,50,0.00,0,0,0,0,0,0
MULTI_AXIS,100,1,lock_skip,50,0.00,0,0,0,0,0,0
MULTI_AXIS,100,1,deadline_miss,50,0.00,0,0,0,0,0,0
