pose,scale_q100,frame_id,argb_crc32,rgb565_crc32,render_ok,submit_ok
STATIC,100,1,eae4bd6c,8694d6e4,1,1
ALL_14_5,100,2,d522cbf1,53529722,1,1
ALL_29,100,3,1033faa1,9fddce6e,1,1
EYE_L_0,100,4,eae4bd6c,8694d6e4,1,1
EYE_L_15,100,5,1aa498d4,5ef88359,1,1
EYE_L_29,100,6,eae4bd6c,8694d6e4,1,1
EYE_R_0,100,7,eae4bd6c,8694d6e4,1,1
EYE_R_15,100,8,53359601,5c660276,1,1
EYE_R_29,100,9,eae4bd6c,8694d6e4,1,1
NECK_1,100,10,3d2489bf,ee50cd9a,1,1
NECK_15,100,11,eae4bd6c,8694d6e4,1,1
NECK_29,100,12,271b9863,1e5536a3,1,1
FACE_5,100,13,3fd49846,5e024748,1,1
FACE_15,100,14,eae4bd6c,8694d6e4,1,1
FACE_25,100,15,2e5cee31,c6a5cd60,1,1
