frame_id,scenario,scale_q100,round,frame,slot_wait_us,controller_us,rt30_us,hierarchy_vertex_us,bounds_us,clear_us,raster_us,cache_sync_us,producer_total_us,publish_consume_us,ppa_wait_us,ppa_blend_us,panel_submit_us,ppa_fill_us,ppa_srm_us,ppa_total_us,clear_cache_sync_us,convert_cache_sync_us,flush_cache_sync_us,cache_sync_total_us,display_lock_wait_us,flush_total_us,frame_total_us,dirty_x,dirty_y,dirty_w,dirty_h,frame_drop,slot_miss,lock_skip,deadline_miss,backend,convert_us
6,STATIC,100,1,5,0,17,41,132,3,1103,18696,27,26957,15,7788,0,161,1085,6703,7788,10,0,17,27,19,204,27176,0,0,320,320,0,0,0,0,0,6733
7,STATIC,100,1,6,0,13,41,134,3,1139,18701,21,26993,15,7824,0,161,1120,6704,7824,11,0,10,21,24,201,27209,0,0,320,320,0,0,0,0,0,6732
8,STATIC,100,1,7,0,12,39,165,3,1116,18601,21,26898,16,7787,0,155,1093,6694,7787,11,0,10,21,24,196,27110,0,0,320,320,0,0,0,0,0,6725
9,STATIC,100,1,8,0,12,42,131,1,1117,18640,21,26904,13,7800,0,166,1098,6702,7800,11,0,10,21,24,207,27124,0,0,320,320,0,0,0,0,0,6730
10,STATIC,100,1,9,0,13,38,135,2,1109,18665,21,26904,13,7775,0,156,1090,6685,7775,11,0,10,21,687,864,27781,0,0,320,320,0,0,0,0,0,6715
11,STATIC,100,1,10,0,13,41,133,3,1111,18688,21,26955,16,7804,0,191,1092,6712,7804,11,0,10,21,1083,1308,28279,0,0,320,320,0,0,0,0,0,6739
12,STATIC,100,1,11,0,12,46,130,3,1113,18589,21,26736,16,7670,0,157,1094,6576,7670,11,0,10,21,521,699,27451,0,0,320,320,0,0,0,0,0,6619
13,STATIC,100,1,12,0,13,44,134,3,1116,18683,21,26857,15,7693,0,164,1097,6596,7693,11,0,10,21,615,801,27673,0,0,320,320,0,0,0,0,0,6626
14,STATIC,100,1,13,0,12,81,133,3,1143,18661,22,26990,16,7809,0,148,1124,6685,7809,11,0,11,22,776,940,27946,0,0,320,320,0,0,0,0,0,6716
15,STATIC,100,1,14,0,13,55,133,2,1140,18667,21,26746,15,7586,0,160,1121,6465,7586,11,0,10,21,301,479,27240,0,0,320,320,0,0,0,0,0,6497
16,STATIC,100,1,15,0,13,47,133,1,1134,18620,22,26718,16,7623,0,161,1115,6508,7623,12,0,10,22,19,204,26938,0,0,320,320,0,0,0,0,0,6535
17,STATIC,100,1,16,0,13,43,129,2,1136,18647,20,26683,14,7563,0,153,1115,6448,7563,10,0,10,20,22,195,26892,0,0,320,320,0,0,0,0,0,6478
18,STATIC,100,1,17,0,13,40,137,3,1135,18607,21,26699,13,7623,0,157,1116,6507,7623,11,0,10,21,24,197,26909,0,0,320,320,0,0,0,0,0,6535
19,STATIC,100,1,18,0,13,43,132,3,1113,18669,21,26679,14,7539,0,154,1090,6449,7539,11,0,10,21,24,195,26888,0,0,320,320,0,0,0,0,0,6479
20,STATIC,100,1,19,0,13,42,163,3,1105,18606,21,26635,15,7520,0,149,1083,6437,7520,11,0,10,21,20,190,26840,0,0,320,320,0,0,0,0,0,6468
21,STATIC,100,1,20,0,12,44,131,3,1134,18677,21,26709,15,7548,0,170,1115,6433,7548,11,0,10,21,198,390,27114,0,0,320,320,0,0,0,0,0,6474
22,STATIC,100,1,21,0,22,67,134,3,1137,18635,21,26705,13,7551,0,150,1114,6437,7551,11,0,10,21,20,188,26906,0,0,320,320,0,0,0,0,0,6468
23,STATIC,100,1,22,0,12,50,130,3,1136,18692,21,26728,14,7560,0,157,1113,6447,7560,11,0,10,21,24,197,26939,0,0,320,320,0,0,0,0,0,6478
24,STATIC,100,1,23,0,12,41,164,1,1106,18537,21,26568,13,7529,0,151,1087,6442,7529,11,0,10,21,20,188,26769,0,0,320,320,0,0,0,0,0,6473
25,STATIC,100,1,24,0,13,43,132,2,1135,18707,21,26746,13,7571,0,149,1116,6455,7571,11,0,10,21,24,193,26952,0,0,320,320,0,0,0,0,0,6486
26,STATIC,100,1,25,0,13,39,162,3,1115,18593,21,26618,14,7536,0,152,1096,6440,7536,11,0,10,21,23,192,26824,0,0,320,320,0,0,0,0,0,6470
27,STATIC,100,1,26,0,13,39,129,2,1108,18689,21,26699,13,7541,0,153,1089,6452,7541,11,0,10,21,24,198,26910,0,0,320,320,0,0,0,0,0,6480
28,STATIC,100,1,27,0,13,44,132,3,1152,18612,21,26648,13,7568,0,156,1129,6439,7568,11,0,10,21,20,193,26854,0,0,320,320,0,0,0,0,0,6465
29,STATIC,100,1,28,0,13,43,135,3,1135,18631,21,26722,13,7618,0,149,1116,6502,7618,11,0,10,21,24,190,26925,0,0,320,320,0,0,0,0,0,6530
30,STATIC,100,1,29,0,12,39,132,1,1117,18723,21,26744,14,7556,0,149,1098,6458,7556,11,0,10,21,20,189,26947,0,0,320,320,0,0,0,0,0,6488
31,STATIC,100,1,30,0,12,44,134,3,1126,18580,22,26663,13,7614,0,148,1108,6506,7614,11,0,11,22,24,192,26868,0,0,320,320,0,0,0,0,0,6537
32,STATIC,100,1,31,0,13,40,132,3,1133,18641,22,26671,16,7566,0,149,1114,6452,7566,11,0,11,22,24,190,26877,0,0,320,320,0,0,0,0,0,6480
33,STATIC,100,1,32,0,12,39,163,3,1107,18602,20,26613,15,7520,0,152,1088,6432,7520,10,0,10,20,20,190,26818,0,0,320,320,0,0,0,0,0,6462
34,STATIC,100,1,33,0,13,44,131,2,1112,18669,21,26684,14,7541,0,160,1094,6447,7541,11,0,10,21,80,260,26958,0,0,320,320,0,0,0,0,0,6478
35,STATIC,100,1,34,0,12,39,161,2,1114,18601,20,26624,13,7520,0,153,1092,6428,7520,10,0,10,20,22,196,26833,0,0,320,320,0,0,0,0,0,6459
36,STATIC,100,1,35,0,13,41,134,3,1136,18652,21,26686,13,7561,0,145,1118,6443,7561,10,0,11,21,25,188,26887,0,0,320,320,0,0,0,0,0,6475
37,STATIC,100,1,36,0,13,44,134,4,1129,18632,21,26676,15,7561,0,153,1110,6451,7561,11,0,10,21,18,192,26883,0,0,320,320,0,0,0,0,0,6484
38,STATIC,100,1,37,0,12,40,134,2,1103,18603,22,26687,16,7597,0,162,1084,6513,7597,12,0,10,22,206,385,27088,0,0,320,320,0,0,0,0,0,6556
39,STATIC,100,1,38,0,13,48,132,2,1139,18663,22,26712,13,7570,0,150,1117,6453,7570,11,0,11,22,22,191,26916,0,0,320,320,0,0,0,0,0,6480
40,STATIC,100,1,39,0,13,41,134,3,1129,18581,21,26658,16,7609,0,148,1110,6499,7609,11,0,10,21,20,188,26862,0,0,320,320,0,0,0,0,0,6526
41,STATIC,100,1,40,0,13,39,132,4,1112,18682,21,26687,15,7533,0,159,1089,6444,7533,11,0,10,21,72,250,26952,0,0,320,320,0,0,0,0,0,6471
42,STATIC,100,1,41,0,22,39,134,2,1132,18579,21,26675,13,7623,0,151,1109,6514,7623,11,0,10,21,23,191,26879,0,0,320,320,0,0,0,0,0,6545
43,STATIC,100,1,42,0,13,39,128,3,1134,18664,21,26703,13,7575,0,156,1115,6460,7575,11,0,10,21,19,196,26912,0,0,320,320,0,0,0,0,0,6491
44,STATIC,100,1,43,0,13,71,138,2,1141,18615,21,26683,14,7561,0,154,1118,6443,7561,11,0,10,21,23,194,26891,0,0,320,320,0,0,0,0,0,6474
45,STATIC,100,1,44,0,13,44,131,3,1112,18680,21,26705,14,7541,0,166,1093,6448,7541,11,0,10,21,201,395,27114,0,0,320,320,0,0,0,0,0,6476
46,STATIC,100,1,45,0,13,40,161,3,1118,18604,21,26639,13,7540,0,154,1095,6445,7540,11,0,10,21,22,194,26846,0,0,320,320,0,0,0,0,0,6476
47,STATIC,100,1,46,0,12,39,130,3,1134,18688,21,26726,13,7569,0,153,1115,6454,7569,11,0,10,21,22,197,26936,0,0,320,320,0,0,0,0,0,6482
48,STATIC,100,1,47,0,13,68,132,3,1136,18588,21,26636,14,7551,0,153,1117,6434,7551,11,0,10,21,22,191,26841,0,0,320,320,0,0,0,0,0,6460
49,STATIC,100,1,48,0,13,40,132,2,1139,18726,20,26750,14,7561,0,153,1121,6440,7561,10,0,10,20,22,193,26957,0,0,320,320,0,0,0,0,0,6472
50,STATIC,100,1,49,0,13,81,132,2,1136,18592,22,26683,16,7578,0,148,1117,6461,7578,11,0,11,22,19,184,26883,0,0,320,320,0,0,0,0,0,6492
51,STATIC,100,1,50,0,13,40,130,2,1139,18703,22,26721,13,7556,0,151,1120,6436,7556,11,0,11,22,23,194,26928,0,0,320,320,0,0,0,0,0,6463
52,STATIC,100,1,51,0,13,43,166,2,1109,18624,21,26678,16,7544,0,144,1090,6454,7544,11,0,10,21,24,188,26882,0,0,320,320,0,0,0,0,0,6484
53,STATIC,100,1,52,0,13,41,133,3,1105,18655,21,26667,15,7536,0,151,1086,6450,7536,11,0,10,21,24,193,26875,0,0,320,320,0,0,0,0,0,6481
54,STATIC,100,1,53,0,12,39,135,3,1140,18620,21,26643,13,7556,0,157,1121,6435,7556,11,0,10,21,24,198,26854,0,0,320,320,0,0,0,0,0,6463
55,STATIC,100,1,54,0,13,44,134,3,1139,18567,22,26668,13,7625,0,152,1116,6509,7625,11,0,11,22,20,188,26869,0,0,320,320,0,0,0,0,0,6541
61,MULTI_AXIS,100,1,5,0,54,920,4842,3,1554,18275,29,32575,13,8141,0,153,1531,6610,8141,11,0,18,29,665,847,33435,0,0,320,320,0,0,0,1,0,6695
62,MULTI_AXIS,100,1,6,0,50,972,4843,3,1604,18335,21,32488,13,8013,0,154,1581,6432,8013,11,0,10,21,24,195,32696,0,0,320,320,0,0,0,0,0,6458
63,MULTI_AXIS,100,1,7,0,51,1004,4848,3,1598,18306,22,32497,13,8005,0,157,1575,6430,8005,11,0,11,22,24,202,32712,0,0,320,320,0,0,0,0,0,6461
64,MULTI_AXIS,100,1,8,0,50,979,4840,3,1648,18180,50,32366,14,8003,0,167,1593,6410,8003,40,0,10,50,20,207,32587,0,0,320,320,0,0,0,0,0,6440
65,MULTI_AXIS,100,1,9,0,50,1008,4845,3,1582,18231,21,32397,16,7984,0,153,1563,6421,7984,11,0,10,21,20,194,32607,0,0,320,320,0,0,0,0,0,6452
66,MULTI_AXIS,100,1,10,0,51,992,4842,3,1615,18175,21,32450,13,8103,0,157,1596,6507,8103,11,0,10,21,20,194,32657,0,0,320,320,0,0,0,0,0,6535
67,MULTI_AXIS,100,1,11,0,51,999,4852,3,1608,18351,25,32553,14,8021,0,163,1581,6440,8021,15,0,10,25,22,202,32769,0,0,320,320,0,0,0,0,0,6467
68,MULTI_AXIS,100,1,12,0,51,1009,4825,3,1596,18412,21,32599,13,8009,0,165,1573,6436,8009,11,0,10,21,23,206,32818,0,0,320,320,0,0,0,0,0,6467
69,MULTI_AXIS,100,1,13,0,50,998,4848,3,1599,18375,21,32549,16,8007,0,168,1577,6430,8007,11,0,10,21,18,205,32770,0,0,320,320,0,0,0,0,0,6460
70,MULTI_AXIS,100,1,14,0,50,993,4856,3,1616,18392,25,32579,15,8014,0,160,1590,6424,8014,15,0,10,25,20,197,32791,0,0,320,320,0,0,0,0,0,6450
71,MULTI_AXIS,100,1,15,0,59,1004,4844,3,1628,18268,21,32563,15,8111,0,153,1601,6510,8111,11,0,10,21,19,189,32767,0,0,320,320,0,0,0,0,0,6541
72,MULTI_AXIS,100,1,16,0,50,1003,4841,4,1587,18474,21,32791,16,8146,0,153,1564,6582,8146,11,0,10,21,20,190,32997,0,0,320,320,0,0,0,0,0,6613
73,MULTI_AXIS,100,1,17,0,51,991,4845,3,1624,18376,21,32897,13,8362,0,160,1601,6761,8362,11,0,10,21,26,210,33120,0,0,320,320,0,0,0,0,0,6792
74,MULTI_AXIS,100,1,18,0,50,1005,4838,3,1576,18453,21,32867,15,8240,0,165,1557,6683,8240,11,0,10,21,18,203,33085,0,0,320,320,0,0,0,0,0,6713
75,MULTI_AXIS,100,1,19,0,50,888,4837,3,1606,18541,21,32911,13,8290,0,168,1588,6702,8290,11,0,10,21,1102,1291,34215,0,0,320,320,0,0,0,1,0,6729
76,MULTI_AXIS,100,1,20,0,50,898,4842,3,1574,18517,21,32544,14,7964,0,155,1551,6413,7964,11,0,10,21,243,415,32973,0,0,320,320,0,0,0,0,0,6443
77,MULTI_AXIS,100,1,21,0,50,1022,4831,3,1590,18483,21,32674,13,8009,0,148,1571,6438,8009,11,0,10,21,19,185,32872,0,0,320,320,0,0,0,0,0,6465
78,MULTI_AXIS,100,1,22,0,50,994,4837,3,1604,18662,21,32863,14,8035,0,161,1585,6450,8035,11,0,10,21,20,198,33075,0,0,320,320,0,0,0,0,0,6481
79,MULTI_AXIS,100,1,23,0,50,1002,4832,3,1616,18576,26,32778,16,8039,0,175,1593,6446,8039,15,0,11,26,20,215,33009,0,0,320,320,0,0,0,0,0,6473
80,MULTI_AXIS,100,1,24,0,50,1027,4849,3,1577,18618,25,32828,13,7992,0,154,1554,6438,7992,15,0,10,25,20,191,33032,0,0,320,320,0,0,0,0,0,6468
81,MULTI_AXIS,100,1,25,0,50,994,4840,4,1603,18641,27,32838,13,8020,0,158,1573,6447,8020,18,0,9,27,20,195,33046,0,0,320,320,0,0,0,0,0,6480
82,MULTI_AXIS,100,1,26,0,51,1024,4830,4,1608,18636,22,32972,13,8137,0,156,1584,6553,8137,12,0,10,22,20,195,33180,0,0,320,320,0,0,0,0,0,6585
83,MULTI_AXIS,100,1,27,0,50,1001,4853,3,1610,18727,25,33097,13,8175,0,150,1583,6592,8175,15,0,10,25,24,191,33301,0,0,320,320,0,0,0,0,0,6623
84,MULTI_AXIS,100,1,28,0,50,910,4853,3,1417,18617,23,32791,13,8087,0,157,1394,6693,8087,12,0,11,23,22,199,33003,0,0,320,320,0,0,0,0,0,6724
85,MULTI_AXIS,100,1,29,0,50,928,4630,3,1583,18554,21,32760,15,8314,0,176,1556,6758,8314,11,0,10,21,22,221,32996,0,0,320,320,0,0,0,0,0,6785
86,MULTI_AXIS,100,1,30,0,50,949,4836,4,1589,18604,21,32972,13,8255,0,190,1570,6685,8255,11,0,10,21,20,234,33219,0,0,320,320,0,0,0,0,0,6717
87,MULTI_AXIS,100,1,31,0,64,943,4825,3,1539,18638,21,32804,16,8059,0,154,1520,6539,8059,11,0,10,21,556,732,33552,0,0,320,320,0,0,0,1,0,6566
88,MULTI_AXIS,100,1,32,0,50,897,4837,3,1429,18563,22,32459,13,7832,0,150,1411,6421,7832,11,0,11,22,24,195,32667,0,0,320,320,0,0,0,0,0,6448
89,MULTI_AXIS,100,1,33,0,50,1014,4851,3,1624,18413,21,32658,15,8048,0,151,1605,6443,8048,11,0,10,21,19,190,32863,0,0,320,320,0,0,0,0,0,6469
90,MULTI_AXIS,100,1,34,0,49,1006,4848,3,1606,18509,21,32731,15,8037,0,144,1587,6450,8037,11,0,10,21,20,185,32931,0,0,320,320,0,0,0,0,0,6480
91,MULTI_AXIS,100,1,35,0,50,1013,4846,3,1581,18499,21,32763,13,8068,0,149,1558,6510,8068,11,0,10,21,24,193,32969,0,0,320,320,0,0,0,0,0,6542
92,MULTI_AXIS,100,1,36,0,50,1006,4854,3,1599,18525,21,32757,15,8041,0,161,1576,6465,8041,11,0,10,21,22,202,32974,0,0,320,320,0,0,0,0,0,6495
93,MULTI_AXIS,100,1,37,0,50,1014,4864,4,1600,18585,21,32947,14,8156,0,154,1581,6575,8156,11,0,10,21,26,200,33161,0,0,320,320,0,0,0,0,0,6606
94,MULTI_AXIS,100,1,38,0,60,1024,4856,4,1591,18569,28,33019,14,8228,0,158,1572,6656,8228,11,0,17,28,22,208,33241,0,0,320,320,0,0,0,0,0,6687
95,MULTI_AXIS,100,1,39,0,50,1003,4865,3,1599,18472,21,32921,13,8257,0,156,1580,6677,8257,11,0,10,21,18,191,33125,0,0,320,320,0,0,0,0,0,6704
96,MULTI_AXIS,100,1,40,0,50,964,4840,3,1609,18467,21,32899,15,8293,0,149,1590,6703,8293,11,0,10,21,22,188,33102,0,0,320,320,0,0,0,0,0,6729
97,MULTI_AXIS,100,1,41,0,50,920,4845,3,1573,18394,21,32746,15,8265,0,152,1554,6711,8265,11,0,10,21,20,190,32951,0,0,320,320,0,0,0,0,0,6739
98,MULTI_AXIS,100,1,42,0,51,951,4849,3,1522,18400,21,32725,16,8195,0,156,1503,6692,8195,11,0,10,21,22,199,32940,0,0,320,320,0,0,0,0,0,6718
99,MULTI_AXIS,100,1,43,0,51,970,4858,3,1527,18337,21,32711,13,8214,0,157,1508,6706,8214,11,0,10,21,754,929,33653,0,0,320,320,0,0,0,1,0,6734
100,MULTI_AXIS,100,1,44,0,50,952,4841,3,1616,18441,21,32602,15,8036,0,153,1593,6443,8036,11,0,10,21,20,194,32811,0,0,320,320,0,0,0,0,0,6474
101,MULTI_AXIS,100,1,45,0,51,1015,4850,3,1585,18451,21,32640,15,7992,0,146,1566,6426,7992,11,0,10,21,20,184,32839,0,0,320,320,0,0,0,0,0,6452
102,MULTI_AXIS,100,1,46,0,50,1004,4845,3,1601,18435,21,32707,14,8073,0,154,1582,6491,8073,11,0,10,21,20,194,32915,0,0,320,320,0,0,0,0,0,6522
103,MULTI_AXIS,100,1,47,0,50,1044,4866,4,1511,18627,22,32796,13,7927,0,154,1492,6435,7927,12,0,10,22,18,189,32998,0,0,320,320,0,0,0,0,0,6464
104,MULTI_AXIS,100,1,48,0,50,1005,4852,3,1608,18723,21,32937,15,8024,0,155,1589,6435,8024,11,0,10,21,18,191,33143,0,0,320,320,0,0,0,0,0,6465
105,MULTI_AXIS,100,1,49,0,50,1042,4856,3,1585,18663,21,33036,14,8141,0,160,1562,6579,8141,11,0,10,21,18,200,33250,0,0,320,320,0,0,0,0,0,6608
106,MULTI_AXIS,100,1,50,0,50,1016,4853,3,1584,18724,22,33179,13,8238,0,157,1563,6675,8238,12,0,10,22,18,192,33384,0,0,320,320,0,0,0,1,0,6706
107,MULTI_AXIS,100,1,51,0,50,942,4863,3,1619,18718,21,33140,16,8293,0,168,1600,6693,8293,11,0,10,21,1068,1257,34413,0,0,320,320,0,0,0,1,0,6720
108,MULTI_AXIS,100,1,52,0,50,895,4850,8,1571,18664,21,32876,14,8123,0,157,1552,6571,8123,11,0,10,21,572,747,33637,0,0,320,320,0,0,0,1,0,6600
109,MULTI_AXIS,100,1,53,0,50,934,4842,4,1609,18525,21,32703,13,8067,0,155,1586,6481,8067,11,0,10,21,20,199,32915,0,0,320,320,0,0,0,0,0,6511
110,MULTI_AXIS,100,1,54,0,50,1004,4842,3,1594,18620,21,32810,15,8013,0,163,1575,6438,8013,11,0,10,21,20,201,33026,0,0,320,320,0,0,0,0,0,6466
116,STATIC,100,1,5,0,17,49,231,4,6871,19222,11,33253,13,6592,0,152,0,6592,6592,0,0,11,11,20,195,33461,0,0,320,320,0,0,0,1,1,6623
117,STATIC,100,1,6,0,12,51,231,4,6378,19085,10,32739,15,6686,0,152,0,6686,6686,0,0,10,10,20,193,32947,0,0,320,320,0,0,0,0,1,6715
118,STATIC,100,1,7,0,13,54,269,4,6922,19007,10,33337,16,6799,0,156,0,6799,6799,0,0,10,10,19,197,33550,0,0,320,320,0,0,0,1,1,6826
119,STATIC,100,1,8,0,12,51,241,3,6720,19132,10,33002,13,6574,0,148,0,6574,6574,0,0,10,10,18,188,33203,0,0,320,320,0,0,0,0,1,6601
120,STATIC,100,1,9,0,12,50,231,3,7054,19079,10,33351,13,6418,0,144,0,6418,6418,0,0,10,10,20,187,33551,0,0,320,320,0,0,0,1,1,6445
121,STATIC,100,1,10,0,12,47,232,3,7033,19082,10,33142,13,6456,0,152,0,6456,6456,0,0,10,10,20,189,33344,0,0,320,320,0,0,0,1,1,6488
122,STATIC,100,1,11,0,12,49,176,3,6799,19078,10,32848,13,6442,0,161,0,6442,6442,0,0,10,10,20,201,33062,0,0,320,320,0,0,0,0,1,6470
123,STATIC,100,1,12,0,12,44,228,3,6874,19130,10,33011,15,6460,0,153,0,6460,6460,0,0,10,10,20,190,33216,0,0,320,320,0,0,0,0,1,6492
124,STATIC,100,1,13,0,13,48,233,3,6855,19116,10,33135,16,6591,0,153,0,6591,6591,0,0,10,10,20,194,33345,0,0,320,320,0,0,0,1,1,6622
125,STATIC,100,1,14,0,13,50,242,4,6769,19085,10,33153,15,6688,0,154,0,6688,6688,0,0,10,10,19,192,33360,0,0,320,320,0,0,0,1,1,6719
126,STATIC,100,1,15,0,13,50,236,3,6598,19106,10,33024,15,6738,0,144,0,6738,6738,0,0,10,10,20,182,33221,0,0,320,320,0,0,0,0,1,6766
127,STATIC,100,1,16,0,13,53,231,3,6839,19091,10,33224,15,6719,0,172,0,6719,6719,0,0,10,10,20,217,33456,0,0,320,320,0,0,0,1,1,6745
128,STATIC,100,1,17,0,12,50,235,3,6834,19132,11,32991,15,6442,0,164,0,6442,6442,0,0,11,11,74,254,33260,0,0,320,320,0,0,0,0,1,6484
129,STATIC,100,1,18,0,13,47,234,3,7097,19040,10,33148,15,6442,0,153,0,6442,6442,0,0,10,10,20,191,33354,0,0,320,320,0,0,0,1,1,6479
130,STATIC,100,1,19,0,12,49,236,3,6968,19026,10,33013,14,6443,0,150,0,6443,6443,0,0,10,10,20,186,33213,0,0,320,320,0,0,0,0,1,6483
131,STATIC,100,1,20,0,13,44,168,3,7087,19136,10,33156,16,6441,0,154,0,6441,6441,0,0,10,10,19,189,33361,0,0,320,320,0,0,0,1,1,6472
132,STATIC,100,1,21,0,13,47,241,4,6697,19086,10,32800,13,6447,0,163,0,6447,6447,0,0,10,10,20,202,33015,0,0,320,320,0,0,0,0,1,6477
133,STATIC,100,1,22,0,12,49,235,3,6899,19210,10,33248,13,6577,0,153,0,6577,6577,0,0,10,10,19,193,33454,0,0,320,320,0,0,0,1,1,6608
134,STATIC,100,1,23,0,13,55,239,3,6633,19133,10,33058,15,6721,0,154,0,6721,6721,0,0,10,10,20,196,33269,0,0,320,320,0,0,0,0,1,6752
135,STATIC,100,1,24,0,13,98,233,3,6812,19013,10,33217,15,6774,0,157,0,6774,6774,0,0,10,10,18,195,33427,0,0,320,320,0,0,0,1,1,6803
136,STATIC,100,1,25,0,13,46,241,3,6814,19098,10,33179,16,6698,0,183,0,6698,6698,0,0,10,10,18,219,33414,0,0,320,320,0,0,0,1,1,6728
137,STATIC,100,1,26,0,13,51,240,2,6791,19114,10,32914,13,6431,0,163,0,6431,6431,0,0,10,10,22,202,33129,0,0,320,320,0,0,0,0,1,6463
138,STATIC,100,1,27,0,13,52,227,3,7084,19058,10,33142,13,6440,0,153,0,6440,6440,0,0,10,10,18,189,33344,0,0,320,320,0,0,0,1,1,6470
139,STATIC,100,1,28,0,12,60,266,3,6892,18917,10,32874,16,6442,0,163,0,6442,6442,0,0,10,10,18,199,33089,0,0,320,320,0,0,0,0,1,6472
140,STATIC,100,1,29,0,13,44,195,3,6976,19138,10,33103,15,6460,0,145,0,6460,6460,0,0,10,10,20,187,33305,0,0,320,320,0,0,0,0,1,6491
141,STATIC,100,1,30,0,13,48,237,3,6639,19147,18,32945,15,6591,0,159,0,6591,6591,0,0,18,18,24,216,33176,0,0,320,320,0,0,0,0,1,6621
142,STATIC,100,1,31,0,12,47,284,3,6828,19041,10,33261,15,6778,0,157,0,6778,6778,0,0,10,10,22,196,33472,0,0,320,320,0,0,0,1,1,6809
143,STATIC,100,1,32,0,13,47,240,3,6769,19086,10,33112,15,6696,0,191,0,6696,6696,0,0,10,10,19,233,33360,0,0,320,320,0,0,0,1,1,6727
144,STATIC,100,1,33,0,12,48,236,3,6610,19107,10,32997,13,6698,0,179,0,6698,6698,0,0,10,10,18,213,33223,0,0,320,320,0,0,0,0,1,6729
145,STATIC,100,1,34,0,12,49,230,3,6858,19147,10,33004,15,6436,0,159,0,6436,6436,0,0,10,10,210,387,33406,0,0,320,320,0,0,0,1,1,6467
146,STATIC,100,1,35,0,13,54,270,3,6963,18955,11,33038,13,6524,0,161,0,6524,6524,0,0,11,11,20,198,33249,0,0,320,320,0,0,0,0,1,6555
147,STATIC,100,1,36,0,12,50,235,3,7117,19013,11,33153,13,6455,0,150,0,6455,6455,0,0,11,11,19,187,33353,0,0,320,320,0,0,0,1,1,6485
148,STATIC,100,1,37,0,13,45,169,3,6918,19094,11,32966,24,6452,0,162,0,6452,6452,0,0,11,11,18,198,33188,0,0,320,320,0,0,0,0,1,6487
149,STATIC,100,1,38,0,13,53,282,4,6825,19030,11,32995,16,6520,0,160,0,6520,6520,0,0,11,11,20,201,33212,0,0,320,320,0,0,0,0,1,6550
150,STATIC,100,1,39,0,12,50,235,3,6873,19238,10,33255,13,6576,0,158,0,6576,6576,0,0,10,10,24,198,33466,0,0,320,320,0,0,0,1,1,6608
151,STATIC,100,1,40,0,12,50,237,3,6378,19121,10,32780,15,6703,0,169,0,6703,6703,0,0,10,10,23,209,33004,0,0,320,320,0,0,0,0,1,6733
152,STATIC,100,1,41,0,13,49,234,4,6882,19128,10,33281,15,6709,0,153,0,6709,6709,0,0,10,10,18,189,33485,0,0,320,320,0,0,0,1,1,6740
153,STATIC,100,1,42,0,13,46,239,3,6690,19101,17,32950,16,6604,0,159,0,6604,6604,0,0,17,17,628,816,33782,0,0,320,320,0,0,0,1,1,6634
154,STATIC,100,1,43,0,12,55,232,3,7015,19056,10,33089,16,6450,0,179,0,6450,6450,0,0,10,10,20,216,33321,0,0,320,320,0,0,0,0,1,6482
155,STATIC,100,1,44,0,12,48,245,3,6795,19025,10,32824,14,6434,0,177,0,6434,6434,0,0,10,10,20,213,33051,0,0,320,320,0,0,0,0,1,6460
156,STATIC,100,1,45,0,12,45,170,3,7011,19150,10,33113,16,6462,0,149,0,6462,6462,0,0,10,10,18,185,33314,0,0,320,320,0,0,0,0,1,6492
157,STATIC,100,1,46,0,13,53,227,3,6590,19078,11,32799,16,6551,0,161,0,6551,6551,0,0,11,11,20,198,33013,0,0,320,320,0,0,0,0,1,6581
158,STATIC,100,1,47,0,12,50,236,3,6907,19150,10,33328,13,6700,0,156,0,6700,6700,0,0,10,10,18,192,33533,0,0,320,320,0,0,0,1,1,6731
159,STATIC,100,1,48,0,13,54,231,3,6691,19106,10,33083,16,6708,0,161,0,6708,6708,0,0,10,10,20,202,33301,0,0,320,320,0,0,0,0,1,6735
160,STATIC,100,1,49,0,13,55,233,4,6606,18984,10,32938,15,6760,0,154,0,6760,6760,0,0,10,10,27,203,33156,0,0,320,320,0,0,0,0,1,6791
161,STATIC,100,1,50,0,13,50,235,3,6898,19052,10,33066,14,6512,0,148,0,6512,6512,0,0,10,10,18,183,33263,0,0,320,320,0,0,0,0,1,6543
162,STATIC,100,1,51,0,12,53,248,3,7108,19087,10,33232,13,6452,0,149,0,6452,6452,0,0,10,10,22,191,33436,0,0,320,320,0,0,0,1,1,6478
163,STATIC,100,1,52,0,12,51,234,3,6618,19053,10,32685,13,6433,0,153,0,6433,6433,0,0,10,10,23,197,32895,0,0,320,320,0,0,0,0,1,6465
164,STATIC,100,1,53,0,13,44,213,3,7062,19060,10,33196,16,6522,0,152,0,6522,6522,0,0,10,10,19,188,33400,0,0,320,320,0,0,0,1,1,6552
165,STATIC,100,1,54,0,13,53,229,3,6578,19021,10,32649,13,6476,0,150,0,6476,6476,0,0,10,10,22,190,32852,0,0,320,320,0,0,0,0,1,6506
171,MULTI_AXIS,100,1,5,0,53,1051,4928,3,6746,18676,10,38422,15,6696,0,154,0,6696,6696,0,0,10,10,18,195,38632,0,0,320,320,0,0,0,1,1,6727
172,MULTI_AXIS,100,1,6,0,50,1055,4919,3,6685,18590,10,38010,15,6426,0,158,0,6426,6426,0,0,10,10,18,194,38219,0,0,320,320,0,0,0,1,1,6469
173,MULTI_AXIS,100,1,7,0,50,1037,4907,3,6594,18649,10,38177,16,6685,0,154,0,6685,6685,0,0,10,10,24,195,38388,0,0,320,320,0,0,0,1,1,6712
174,MULTI_AXIS,100,1,8,0,50,1104,4909,3,6698,18603,10,38290,15,6661,0,154,0,6661,6661,0,0,10,10,20,196,38501,0,0,320,320,0,0,0,1,1,6692
175,MULTI_AXIS,100,1,9,0,50,1056,4916,3,6651,18577,10,37935,14,6426,0,164,0,6426,6426,0,0,10,10,26,206,38155,0,0,320,320,0,0,0,1,1,6456
176,MULTI_AXIS,100,1,10,0,50,1038,4916,3,6686,18630,10,38267,13,6681,0,153,0,6681,6681,0,0,10,10,20,190,38470,0,0,320,320,0,0,0,1,1,6713
177,MULTI_AXIS,100,1,11,0,51,1052,4931,3,6637,18712,10,38092,13,6445,0,148,0,6445,6445,0,0,10,10,22,195,38300,0,0,320,320,0,0,0,1,1,6475
178,MULTI_AXIS,100,1,12,0,51,1048,4896,3,6530,18671,18,37951,15,6494,0,152,0,6494,6494,0,0,18,18,537,719,38685,0,0,320,320,0,0,0,1,1,6521
179,MULTI_AXIS,100,1,13,0,51,1098,4905,3,6960,18599,10,38646,13,6763,0,150,0,6763,6763,0,0,10,10,20,190,38849,0,0,320,320,0,0,0,1,1,6794
180,MULTI_AXIS,100,1,14,0,51,1067,4897,3,6817,18527,10,38222,45,6419,0,152,0,6419,6419,0,0,10,10,20,189,38456,0,0,320,320,0,0,0,1,1,6450
181,MULTI_AXIS,100,1,15,0,50,1035,4925,3,6728,18605,10,38275,15,6671,0,161,0,6671,6671,0,0,10,10,20,202,38492,0,0,320,320,0,0,0,1,1,6702
182,MULTI_AXIS,100,1,16,0,50,1046,4928,2,6728,18673,10,38247,15,6563,0,154,0,6563,6563,0,0,10,10,20,192,38454,0,0,320,320,0,0,0,1,1,6595
183,MULTI_AXIS,100,1,17,0,51,1052,4903,3,6597,18759,11,38068,13,6437,0,153,0,6437,6437,0,0,11,11,19,192,38273,0,0,320,320,0,0,0,1,1,6468
184,MULTI_AXIS,100,1,18,0,51,1088,4871,3,6777,18719,10,38507,13,6747,0,153,0,6747,6747,0,0,10,10,19,188,38708,0,0,320,320,0,0,0,1,1,6773
185,MULTI_AXIS,100,1,19,0,50,1045,4926,3,6779,18846,11,38360,16,6451,0,153,0,6451,6451,0,0,11,11,20,190,38566,0,0,320,320,0,0,0,1,1,6482
186,MULTI_AXIS,100,1,20,0,50,1059,4923,3,6668,18874,11,38270,13,6433,0,145,0,6433,6433,0,0,11,11,24,186,38469,0,0,320,320,0,0,0,1,1,6464
187,MULTI_AXIS,100,1,21,0,51,1058,4934,3,6818,18998,10,38836,13,6699,0,157,0,6699,6699,0,0,10,10,24,204,39053,0,0,320,320,0,0,0,1,1,6730
188,MULTI_AXIS,100,1,22,0,58,1055,4933,1,6461,18977,10,38184,15,6439,0,152,0,6439,6439,0,0,10,10,19,189,38388,0,0,320,320,0,0,0,1,1,6465
189,MULTI_AXIS,100,1,23,0,50,1069,4914,2,6593,19000,10,38418,27,6536,0,156,0,6536,6536,0,0,10,10,542,714,39159,0,0,320,320,0,0,0,1,1,6563
190,MULTI_AXIS,100,1,24,0,51,1054,4946,2,6721,18993,10,38731,14,6699,0,152,0,6699,6699,0,0,10,10,20,191,38936,0,0,320,320,0,0,0,1,1,6739
191,MULTI_AXIS,100,1,25,0,59,1061,4933,3,6446,19026,10,38250,15,6456,0,158,0,6456,6456,0,0,10,10,18,195,38460,0,0,320,320,0,0,0,1,1,6491
192,MULTI_AXIS,100,1,26,0,50,1120,4880,3,6627,18945,11,38404,16,6515,0,167,0,6515,6515,0,0,11,11,80,268,38688,0,0,320,320,0,0,0,1,1,6546
193,MULTI_AXIS,100,1,27,0,51,1063,4908,3,6966,19016,18,38950,13,6688,0,155,0,6688,6688,0,0,18,18,20,200,39163,0,0,320,320,0,0,0,1,1,6719
194,MULTI_AXIS,100,1,28,0,50,1058,4940,4,6540,18970,10,38280,13,6434,0,154,0,6434,6434,0,0,10,10,20,191,38484,0,0,320,320,0,0,0,1,1,6461
195,MULTI_AXIS,100,1,29,0,50,1046,4692,3,6639,18934,10,38169,16,6550,0,159,0,6550,6550,0,0,10,10,559,740,38925,0,0,320,320,0,0,0,1,1,6581
196,MULTI_AXIS,100,1,30,0,50,1060,4938,3,6579,18932,10,38515,14,6688,0,153,0,6688,6688,0,0,10,10,20,190,38719,0,0,320,320,0,0,0,1,1,6719
197,MULTI_AXIS,100,1,31,0,50,1056,4944,3,6744,18940,10,38421,14,6424,0,158,0,6424,6424,0,0,10,10,23,198,38633,0,0,320,320,0,0,0,1,1,6455
198,MULTI_AXIS,100,1,32,0,50,1055,4899,3,6701,18983,11,38538,13,6584,0,155,0,6584,6584,0,0,11,11,604,776,39327,0,0,320,320,0,0,0,1,1,6616
199,MULTI_AXIS,100,1,33,0,50,1054,4941,3,6769,18910,10,38695,13,6692,0,152,0,6692,6692,0,0,10,10,22,191,38899,0,0,320,320,0,0,0,1,1,6719
200,MULTI_AXIS,100,1,34,0,50,1112,4924,3,6851,18766,10,38485,14,6514,0,157,0,6514,6514,0,0,10,10,18,192,38691,0,0,320,320,0,0,0,1,1,6540
201,MULTI_AXIS,100,1,35,0,50,1050,4917,3,6735,18830,10,38559,16,6712,0,155,0,6712,6712,0,0,10,10,20,192,38767,0,0,320,320,0,0,0,1,1,6743
202,MULTI_AXIS,100,1,36,0,50,1053,4946,3,6915,18899,10,38712,13,6580,0,149,0,6580,6580,0,0,10,10,20,186,38911,0,0,320,320,0,0,0,1,1,6611
203,MULTI_AXIS,100,1,37,0,51,1053,4930,3,6812,18765,10,38336,13,6458,0,146,0,6458,6458,0,0,10,10,20,183,38532,0,0,320,320,0,0,0,1,1,6484
204,MULTI_AXIS,100,1,38,0,50,964,4925,3,6880,18827,10,38614,14,6681,0,148,0,6681,6681,0,0,10,10,19,184,38812,0,0,320,320,0,0,0,1,1,6711
205,MULTI_AXIS,100,1,39,0,50,1115,4905,4,6801,18797,11,38456,13,6502,0,157,0,6502,6502,0,0,11,11,23,201,38670,0,0,320,320,0,0,0,1,1,6532
206,MULTI_AXIS,100,1,40,0,50,1065,4918,3,6705,18793,10,38231,44,6429,0,157,0,6429,6429,0,0,10,10,19,193,38468,0,0,320,320,0,0,0,1,1,6456
207,MULTI_AXIS,100,1,41,0,51,1065,4946,3,6846,18753,11,38653,13,6715,0,158,0,6715,6715,0,0,11,11,20,195,38861,0,0,320,320,0,0,0,1,1,6746
208,MULTI_AXIS,100,1,42,0,51,1060,4930,3,6804,18773,10,38334,14,6441,0,154,0,6441,6441,0,0,10,10,23,197,38545,0,0,320,320,0,0,0,1,1,6468
209,MULTI_AXIS,100,1,43,0,50,1043,4930,3,6730,18785,10,38502,13,6700,0,172,0,6700,6700,0,0,10,10,18,206,38721,0,0,320,320,0,0,0,1,1,6731
210,MULTI_AXIS,100,1,44,0,50,1115,4913,4,6798,18780,10,38621,13,6680,0,153,0,6680,6680,0,0,10,10,22,195,38829,0,0,320,320,0,0,0,1,1,6711
211,MULTI_AXIS,100,1,45,0,50,1056,4914,3,6808,18731,10,38312,13,6480,0,150,0,6480,6480,0,0,10,10,18,186,38511,0,0,320,320,0,0,0,1,1,6507
212,MULTI_AXIS,100,1,46,0,50,1009,4913,4,6898,18869,10,38712,13,6703,0,145,0,6703,6703,0,0,10,10,19,182,38907,0,0,320,320,0,0,0,1,1,6729
213,MULTI_AXIS,100,1,47,0,50,1070,4940,3,6824,18984,10,38570,15,6432,0,150,0,6432,6432,0,0,10,10,18,186,38771,0,0,320,320,0,0,0,1,1,6459
214,MULTI_AXIS,100,1,48,0,50,1059,4923,3,6729,19025,11,38490,16,6418,0,159,0,6418,6418,0,0,11,11,70,249,38755,0,0,320,320,0,0,0,1,1,6458
215,MULTI_AXIS,100,1,49,0,51,1102,4931,3,6998,19185,10,39179,13,6651,0,165,0,6651,6651,0,0,10,10,19,200,39392,0,0,320,320,0,0,0,1,1,6682
216,MULTI_AXIS,100,1,50,0,50,1105,4917,3,6618,19004,11,38456,13,6502,0,152,0,6502,6502,0,0,11,11,19,189,38658,0,0,320,320,0,0,0,1,1,6529
217,MULTI_AXIS,100,1,51,0,50,1047,4922,3,6711,18989,10,38470,13,6484,0,150,0,6484,6484,0,0,10,10,20,189,38672,0,0,320,320,0,0,0,1,1,6516
218,MULTI_AXIS,100,1,52,0,50,1058,4935,3,6962,19087,10,39055,15,6698,0,189,0,6698,6698,0,0,10,10,20,227,39297,0,0,320,320,0,0,0,1,1,6725
219,MULTI_AXIS,100,1,53,0,50,1047,4920,4,6559,18927,10,38229,16,6435,0,149,0,6435,6435,0,0,10,10,20,186,38431,0,0,320,320,0,0,0,1,1,6462
220,MULTI_AXIS,100,1,54,0,50,1045,4924,3,6572,18988,10,38500,13,6663,0,154,0,6663,6663,0,0,10,10,787,963,39476,0,0,320,320,0,0,0,1,1,6689
226,STATIC,100,1,5,0,16,49,318,3,1657,18762,317,32478,19,1636,0,303,1636,0,1636,11,0,306,317,583,1197,33694,0,0,320,320,0,0,0,1,2,11433
227,STATIC,100,1,6,0,12,43,162,3,1485,18815,343,32168,19,1464,0,308,1464,0,1464,11,0,332,343,31,679,32866,0,0,320,320,0,0,0,0,2,11414
228,STATIC,100,1,7,0,12,53,259,4,1640,18869,302,32509,15,1618,0,305,1618,0,1618,12,0,290,302,572,1171,33695,0,0,320,320,0,0,0,1,2,11407
229,STATIC,100,1,8,0,12,50,268,2,1711,18804,291,32467,21,1690,0,312,1690,0,1690,11,0,280,291,30,630,33118,0,0,320,320,0,0,0,0,2,11395
230,STATIC,100,1,9,0,12,53,253,2,1647,18765,310,32447,16,1620,0,304,1620,0,1620,12,0,298,310,580,1190,33653,0,0,320,320,0,0,0,1,2,11427
231,STATIC,100,1,10,0,13,51,269,2,1637,18870,254,32469,20,1612,0,314,1612,0,1612,11,0,243,254,28,590,33079,0,0,320,320,0,0,0,0,2,11399
232,STATIC,100,1,11,0,12,56,269,2,1706,18972,312,32555,16,1679,0,304,1679,0,1679,11,0,301,312,581,1195,33766,0,0,320,320,0,0,0,1,2,11321
233,STATIC,100,1,12,0,12,50,271,2,1663,18869,317,32537,16,1633,0,321,1633,0,1633,15,0,302,317,30,658,33211,0,0,320,320,0,0,0,0,2,11457
234,STATIC,100,1,13,0,13,47,259,1,1661,18864,306,32481,19,1624,0,300,1624,0,1624,18,0,288,306,597,1189,33689,0,0,320,320,0,0,0,1,2,11401
235,STATIC,100,1,14,0,12,49,165,3,1513,18808,306,32176,19,1489,0,310,1489,0,1489,11,0,295,306,32,641,32836,0,0,320,320,0,0,0,0,2,11392
236,STATIC,100,1,15,0,13,47,268,2,1653,18841,286,32455,19,1628,0,299,1628,0,1628,11,0,275,286,591,1174,33648,0,0,320,320,0,0,0,1,2,11402
237,STATIC,100,1,16,0,13,48,267,1,1645,18701,316,32362,15,1620,0,312,1620,0,1620,11,0,305,316,31,656,33033,0,0,320,320,0,0,0,0,2,11452
238,STATIC,100,1,17,0,13,47,285,2,1669,18845,304,32503,20,1647,0,309,1647,0,1647,12,0,292,304,643,1254,33777,0,0,320,320,0,0,0,1,2,11408
239,STATIC,100,1,18,0,12,48,269,2,1629,18866,294,32460,21,1600,0,313,1600,0,1600,11,0,283,294,30,634,33115,0,0,320,320,0,0,0,0,2,11412
240,STATIC,100,1,19,0,13,51,265,2,1682,18838,312,32664,17,1656,0,309,1656,0,1656,12,0,300,312,601,1216,33897,0,0,320,320,0,0,0,1,2,11286
241,STATIC,100,1,20,0,13,48,165,3,1607,18762,303,32274,17,1586,0,309,1586,0,1586,11,0,292,303,34,644,32935,0,0,320,320,0,0,0,0,2,11438
242,STATIC,100,1,21,0,12,48,267,2,1649,18912,303,32542,19,1628,0,304,1628,0,1628,11,0,292,303,646,1249,33810,0,0,320,320,0,0,0,1,2,11421
243,STATIC,100,1,22,0,13,46,268,2,1693,18855,310,32517,16,1668,0,310,1668,0,1668,15,0,295,310,31,644,33177,0,0,320,320,0,0,0,0,2,11414
244,STATIC,100,1,23,0,12,55,260,2,1664,18737,312,32418,16,1630,0,300,1630,0,1630,11,0,301,312,574,1180,33614,0,0,320,320,0,0,0,1,2,11455
245,STATIC,100,1,24,0,13,49,269,2,1669,18837,308,32507,17,1640,0,312,1640,0,1640,11,0,297,308,34,654,33178,0,0,320,320,0,0,0,0,2,11450
246,STATIC,100,1,25,0,13,63,275,2,1657,18854,312,32499,20,1632,0,307,1632,0,1632,11,0,301,312,570,1191,33710,0,0,320,320,0,0,0,1,2,11414
247,STATIC,100,1,26,0,12,59,165,3,1250,18787,218,31933,16,1228,0,312,1228,0,1228,11,0,207,218,1070,1597,33546,0,0,320,320,0,0,0,1,2,11424
248,STATIC,100,1,27,0,12,50,270,2,1725,18847,297,32572,19,1702,0,304,1702,0,1702,11,0,286,297,591,1186,33777,0,0,320,320,0,0,0,1,2,11413
249,STATIC,100,1,28,0,13,55,266,4,1649,18729,317,32385,19,1628,0,324,1628,0,1628,11,0,306,317,30,669,33073,0,0,320,320,0,0,0,0,2,11452
250,STATIC,100,1,29,0,13,45,270,1,1662,18912,305,32521,19,1627,0,303,1627,0,1627,11,0,294,305,643,1245,33785,0,0,320,320,0,0,0,1,2,11398
251,STATIC,100,1,30,0,13,47,271,1,1651,18881,307,32510,16,1630,0,314,1630,0,1630,11,0,296,307,27,642,33168,0,0,320,320,0,0,0,0,2,11415
252,STATIC,100,1,31,0,12,45,259,2,1691,18744,307,32425,17,1670,0,309,1670,0,1670,11,0,296,307,587,1202,33644,0,0,320,320,0,0,0,1,2,11432
253,STATIC,100,1,32,0,13,50,285,2,1656,18820,314,32482,23,1631,0,319,1631,0,1631,15,0,299,314,28,651,33156,0,0,320,320,0,0,0,0,2,11419
254,STATIC,100,1,33,0,13,61,256,1,1616,18878,316,32457,19,1590,0,321,1590,0,1590,11,0,305,316,577,1211,33687,0,0,320,320,0,0,0,1,2,11398
255,STATIC,100,1,34,0,13,50,268,1,1719,18919,269,32485,20,1698,0,312,1698,0,1698,11,0,258,269,31,609,33114,0,0,320,320,0,0,0,0,2,11269
256,STATIC,100,1,35,0,13,45,273,2,1657,18828,311,32547,19,1628,0,296,1628,0,1628,11,0,300,311,567,1171,33737,0,0,320,320,0,0,0,1,2,11432
257,STATIC,100,1,36,0,13,47,271,2,1667,18947,302,32563,15,1642,0,316,1642,0,1642,11,0,291,302,30,642,33220,0,0,320,320,0,0,0,0,2,11398
258,STATIC,100,1,37,0,13,47,260,2,1651,18827,311,32430,19,1626,0,310,1626,0,1626,11,0,300,311,584,1202,33651,0,0,320,320,0,0,0,1,2,11393
259,STATIC,100,1,38,0,12,45,164,3,1529,18818,292,32211,16,1508,0,306,1508,0,1508,11,0,281,292,1061,1652,33879,0,0,320,320,0,0,0,1,2,11406
260,STATIC,100,1,39,0,13,47,270,2,1659,18749,314,32420,15,1638,0,312,1638,0,1638,11,0,303,314,28,648,33083,0,0,320,320,0,0,0,0,2,11460
261,STATIC,100,1,40,0,13,54,286,1,1652,18808,307,32454,19,1631,0,304,1631,0,1631,11,0,296,307,641,1245,33718,0,0,320,320,0,0,0,1,2,11412
262,STATIC,100,1,41,0,13,54,274,1,1597,18862,316,32424,19,1570,0,307,1570,0,1570,12,0,304,316,291,909,33352,0,0,320,320,0,0,0,1,2,11399
263,STATIC,100,1,42,0,12,47,206,2,1709,18907,290,32508,18,1684,0,303,1684,0,1684,11,0,279,290,587,1172,33698,0,0,320,320,0,0,0,1,2,11390
264,STATIC,100,1,43,0,13,56,266,1,1669,18776,318,32457,21,1644,0,308,1644,0,1644,15,0,303,318,32,647,33125,0,0,320,320,0,0,0,0,2,11440
265,STATIC,100,1,44,0,12,52,277,1,1566,18936,305,32465,19,1536,0,301,1536,0,1536,15,0,290,305,646,1245,33729,0,0,320,320,0,0,0,1,2,11400
266,STATIC,100,1,45,0,13,54,268,1,1670,18862,303,32512,16,1644,0,310,1644,0,1644,12,0,291,303,30,636,33164,0,0,320,320,0,0,0,0,2,11422
267,STATIC,100,1,46,0,12,62,259,2,1658,18775,314,32446,16,1631,0,303,1631,0,1631,12,0,302,314,584,1198,33660,0,0,320,320,0,0,0,1,2,11457
268,STATIC,100,1,47,0,12,45,271,2,1654,18813,306,32471,21,1628,0,310,1628,0,1628,15,0,291,306,28,638,33130,0,0,320,320,0,0,0,0,2,11439
269,STATIC,100,1,48,0,12,58,257,2,1668,18809,312,32481,19,1637,0,308,1637,0,1637,11,0,301,312,570,1189,33689,0,0,320,320,0,0,0,1,2,11425
270,STATIC,100,1,49,0,13,51,268,2,1683,18878,298,32514,19,1658,0,303,1658,0,1658,15,0,283,298,169,765,33298,0,0,320,320,0,0,0,0,2,11397
271,STATIC,100,1,50,0,12,39,167,2,1658,18818,310,32357,17,1637,0,316,1637,0,1637,11,0,299,310,30,652,33026,0,0,320,320,0,0,0,0,2,11418
272,STATIC,100,1,51,0,12,45,270,2,1675,18874,304,32522,16,1642,0,309,1642,0,1642,18,0,286,304,629,1240,33778,0,0,320,320,0,0,0,1,2,11414
273,STATIC,100,1,52,0,12,48,270,2,1687,18874,309,32532,15,1665,0,313,1665,0,1665,12,0,297,309,30,644,33191,0,0,320,320,0,0,0,0,2,11413
274,STATIC,100,1,53,0,13,68,257,2,1653,18772,317,32445,19,1628,0,301,1628,0,1628,11,0,306,317,580,1192,33656,0,0,320,320,0,0,0,1,2,11446
275,STATIC,100,1,54,0,12,46,271,1,1665,18802,306,32479,23,1644,0,327,1644,0,1644,11,0,295,306,28,654,33156,0,0,320,320,0,0,0,0,2,11446
281,MULTI_AXIS,100,1,5,0,54,950,4859,4,1590,18454,293,37548,17,1569,0,301,1569,0,1569,11,0,282,293,609,1206,38771,0,0,320,320,0,0,0,1,2,11409
282,MULTI_AXIS,100,1,6,0,50,998,4870,3,1637,18406,306,37633,17,1611,0,303,1611,0,1611,12,0,294,306,1086,1690,39340,0,0,320,320,0,0,0,1,2,11449
283,MULTI_AXIS,100,1,7,0,50,970,4866,2,1680,18472,310,37689,20,1655,0,306,1655,0,1655,14,0,296,310,27,634,38343,0,0,320,320,0,0,0,1,2,11363
284,MULTI_AXIS,100,1,8,0,50,1036,4847,3,1667,18322,303,37597,17,1642,0,319,1642,0,1642,11,0,292,303,30,656,38270,0,0,320,320,0,0,0,1,2,11451
285,MULTI_AXIS,100,1,9,0,50,933,4884,2,1673,18366,314,37564,16,1640,0,315,1640,0,1640,15,0,299,314,30,647,38227,0,0,320,320,0,0,0,1,2,11437
286,MULTI_AXIS,100,1,10,0,50,944,4889,3,1689,18427,239,37646,17,1664,0,326,1664,0,1664,11,0,228,239,34,595,38258,0,0,320,320,0,0,0,1,2,11419
287,MULTI_AXIS,100,1,11,0,50,948,4852,3,1663,18394,307,37573,15,1638,0,310,1638,0,1638,11,0,296,307,31,646,38234,0,0,320,320,0,0,0,1,2,11425
288,MULTI_AXIS,100,1,12,0,50,949,4846,3,1670,18328,314,37516,16,1629,0,315,1629,0,1629,11,0,303,314,30,652,38184,0,0,320,320,0,0,0,1,2,11444
289,MULTI_AXIS,100,1,13,0,50,1006,4869,4,1686,18380,308,37651,16,1665,0,313,1665,0,1665,11,0,297,308,38,656,38323,0,0,320,320,0,0,0,1,2,11436
290,MULTI_AXIS,100,1,14,0,50,949,4883,3,1539,18366,304,37431,17,1510,0,314,1510,0,1510,15,0,289,304,32,642,38090,0,0,320,320,0,0,0,1,2,11409
291,MULTI_AXIS,100,1,15,0,50,950,4862,2,1582,18509,310,37557,15,1553,0,310,1553,0,1553,11,0,299,310,30,652,38224,0,0,320,320,0,0,0,1,2,11371
292,MULTI_AXIS,100,1,16,0,50,942,4856,2,1715,18479,311,37696,19,1690,0,307,1690,0,1690,11,0,300,311,30,642,38357,0,0,320,320,0,0,0,1,2,11427
293,MULTI_AXIS,100,1,17,0,50,952,4854,2,1651,18436,310,37625,19,1626,0,307,1626,0,1626,11,0,299,310,1082,1697,39341,0,0,320,320,0,0,0,1,2,11448
294,MULTI_AXIS,100,1,18,0,50,966,4853,1,1680,18626,311,37692,17,1651,0,300,1651,0,1651,15,0,296,311,29,632,38341,0,0,320,320,0,0,0,1,2,11296
295,MULTI_AXIS,100,1,19,0,50,1036,4855,2,1670,18524,316,37805,19,1649,0,304,1649,0,1649,11,0,305,316,27,641,38465,0,0,320,320,0,0,0,1,2,11438
296,MULTI_AXIS,100,1,20,0,51,940,4882,1,1690,18648,311,37846,15,1656,0,364,1656,0,1656,15,0,296,311,30,694,38555,0,0,320,320,0,0,0,1,2,11415
297,MULTI_AXIS,100,1,21,0,50,989,4889,3,1684,18715,317,37949,16,1659,0,310,1659,0,1659,11,0,306,317,45,666,38631,0,0,320,320,0,0,0,1,2,11396
298,MULTI_AXIS,100,1,22,0,50,979,4853,3,1739,18752,303,38014,17,1714,0,309,1714,0,1714,15,0,288,303,177,781,38812,0,0,320,320,0,0,0,1,2,11409
299,MULTI_AXIS,100,1,23,0,50,1001,4870,1,1664,18757,291,37984,17,1638,0,309,1638,0,1638,15,0,276,291,596,1192,39193,0,0,320,320,0,0,0,1,2,11405
300,MULTI_AXIS,100,1,24,0,50,958,4878,4,1665,18820,294,38183,15,1640,0,325,1640,0,1640,11,0,283,294,31,674,38872,0,0,320,320,0,0,0,1,2,11394
301,MULTI_AXIS,100,1,25,0,50,1059,4853,3,1653,18624,319,37913,16,1624,0,314,1624,0,1624,15,0,304,319,575,1198,39127,0,0,320,320,0,0,0,1,2,11451
302,MULTI_AXIS,100,1,26,0,60,1014,4871,3,1617,18716,314,37945,16,1592,0,313,1592,0,1592,15,0,299,314,28,649,38610,0,0,320,320,0,0,0,1,2,11441
303,MULTI_AXIS,100,1,27,0,50,998,4902,3,1691,18763,349,38043,16,1662,0,307,1662,0,1662,14,0,335,349,166,820,38879,0,0,320,320,0,0,0,1,2,11420
304,MULTI_AXIS,100,1,28,0,50,1000,4874,1,1643,18688,315,37860,20,1612,0,314,1612,0,1612,15,0,300,315,590,1212,39092,0,0,320,320,0,0,0,1,2,11385
305,MULTI_AXIS,100,1,29,0,61,968,4660,3,1577,18741,296,37644,15,1552,0,310,1552,0,1552,11,0,285,296,593,1192,38851,0,0,320,320,0,0,0,1,2,11413
306,MULTI_AXIS,100,1,30,0,50,1000,4870,2,1783,18776,301,38134,15,1754,0,302,1754,0,1754,15,0,286,301,28,621,38770,0,0,320,320,0,0,0,1,2,11423
307,MULTI_AXIS,100,1,31,0,49,986,4854,1,1637,18752,312,37884,15,1616,0,312,1616,0,1616,11,0,301,312,590,1210,39109,0,0,320,320,0,0,0,1,2,11370
308,MULTI_AXIS,100,1,32,0,50,948,4856,2,1602,18864,285,37945,16,1571,0,303,1571,0,1571,12,0,273,285,32,620,38581,0,0,320,320,0,0,0,1,2,11407
309,MULTI_AXIS,100,1,33,0,50,1061,4870,2,1675,18584,318,37916,17,1654,0,312,1654,0,1654,11,0,307,318,138,767,38700,0,0,320,320,0,0,0,1,2,11447
310,MULTI_AXIS,100,1,34,0,50,991,4891,1,1636,18587,308,37810,20,1610,0,312,1610,0,1610,11,0,297,308,314,928,38758,0,0,320,320,0,0,0,1,2,11433
311,MULTI_AXIS,100,1,35,0,50,1002,4889,2,1676,18618,256,37781,17,1647,0,308,1647,0,1647,11,0,245,256,277,836,38634,0,0,320,320,0,0,0,1,2,11325
312,MULTI_AXIS,100,1,36,0,50,992,4867,1,1743,18569,305,37851,17,1713,0,308,1713,0,1713,11,0,294,305,30,644,38512,0,0,320,320,0,0,0,1,2,11403
313,MULTI_AXIS,100,1,37,0,50,928,4874,2,1660,18559,306,37725,16,1633,0,313,1633,0,1633,11,0,295,306,63,676,38417,0,0,320,320,0,0,0,1,2,11384
314,MULTI_AXIS,100,1,38,0,50,1055,4888,3,1672,18549,316,37892,20,1650,0,312,1650,0,1650,12,0,304,316,30,658,38570,0,0,320,320,0,0,0,1,2,11453
315,MULTI_AXIS,100,1,39,0,50,963,4897,1,1685,18554,310,37805,15,1664,0,363,1664,0,1664,11,0,299,310,92,758,38578,0,0,320,320,0,0,0,1,2,11426
316,MULTI_AXIS,100,1,40,0,50,992,4897,1,1685,18625,301,37897,15,1659,0,305,1659,0,1659,12,0,289,301,174,773,38685,0,0,320,320,0,0,0,1,2,11417
317,MULTI_AXIS,100,1,41,0,50,984,4865,3,1748,18539,310,37867,19,1723,0,307,1723,0,1723,11,0,299,310,30,649,38535,0,0,320,320,0,0,0,1,2,11426
318,MULTI_AXIS,100,1,42,0,50,969,4866,3,1648,18472,313,37697,20,1627,0,302,1627,0,1627,11,0,302,313,189,796,38513,0,0,320,320,0,0,0,1,2,11459
319,MULTI_AXIS,100,1,43,0,50,1054,4879,2,1657,18495,219,37772,15,1632,0,317,1632,0,1632,11,0,208,219,30,562,38349,0,0,320,320,0,0,0,1,2,11406
320,MULTI_AXIS,100,1,44,0,50,988,4893,2,1658,18497,317,37737,15,1637,0,373,1637,0,1637,11,0,306,317,30,714,38466,0,0,320,320,0,0,0,1,2,11424
321,MULTI_AXIS,100,1,45,0,50,956,4887,3,1663,18598,307,37780,17,1641,0,302,1641,0,1641,12,0,295,307,36,639,38436,0,0,320,320,0,0,0,1,2,11396
322,MULTI_AXIS,100,1,46,0,50,995,4878,2,1722,18671,313,37942,16,1697,0,310,1697,0,1697,15,0,298,313,29,642,38600,0,0,320,320,0,0,0,1,2,11396
323,MULTI_AXIS,100,1,47,0,50,959,4860,1,1651,18725,312,37861,16,1626,0,308,1626,0,1626,11,0,301,312,189,806,38683,0,0,320,320,0,0,0,1,2,11375
324,MULTI_AXIS,100,1,48,0,50,1065,4879,2,1684,18773,301,38119,15,1658,0,325,1658,0,1658,11,0,290,301,260,884,39018,0,0,320,320,0,0,0,1,2,11448
325,MULTI_AXIS,100,1,49,0,61,1021,4886,3,1496,18757,317,37895,15,1471,0,312,1471,0,1471,11,0,306,317,30,655,38565,0,0,320,320,0,0,0,1,2,11437
326,MULTI_AXIS,100,1,50,0,50,975,4908,1,1659,18758,347,37983,15,1629,0,307,1629,0,1629,15,0,332,347,181,829,38827,0,0,320,320,0,0,0,1,2,11400
327,MULTI_AXIS,100,1,51,0,50,1000,4916,2,1679,18795,304,38086,19,1658,0,316,1658,0,1658,11,0,293,304,380,997,39102,0,0,320,320,0,0,0,1,2,11401
328,MULTI_AXIS,100,1,52,0,50,952,4880,2,1587,18753,313,37862,15,1566,0,307,1566,0,1566,11,0,302,313,590,1208,39085,0,0,320,320,0,0,0,1,2,11412
329,MULTI_AXIS,100,1,53,0,62,942,4861,3,1306,18783,303,37602,16,1281,0,374,1281,0,1281,11,0,292,303,1091,1764,39382,0,0,320,320,0,0,0,1,2,11402
330,MULTI_AXIS,100,1,54,0,50,999,4856,3,1690,18682,305,37900,19,1669,0,311,1669,0,1669,11,0,294,305,32,641,38560,0,0,320,320,0,0,0,1,2,11394
336,STATIC,100,1,5,0,16,54,234,4,6558,19089,281,37640,20,0,0,318,0,0,0,0,0,281,281,30,634,38294,0,0,320,320,0,0,0,1,3,11450
337,STATIC,100,1,6,0,12,47,243,2,6826,18953,307,37778,19,0,0,302,0,0,0,0,0,307,307,1059,1674,39471,0,0,320,320,0,0,0,1,3,11427
338,STATIC,100,1,7,0,12,51,238,1,6703,19052,308,37712,16,0,0,320,0,0,0,0,0,308,308,1076,1712,39440,0,0,320,320,0,0,0,1,3,11427
339,STATIC,100,1,8,0,12,50,244,2,6649,19122,290,37772,20,0,0,309,0,0,0,0,0,290,290,1061,1665,39457,0,0,320,320,0,0,0,1,3,11459
340,STATIC,100,1,9,0,12,52,234,1,6659,19140,308,37776,20,0,0,309,0,0,0,0,0,308,308,1083,1711,39507,0,0,320,320,0,0,0,1,3,11437
341,STATIC,100,1,10,0,12,58,272,2,6887,18945,298,37849,20,0,0,308,0,0,0,0,0,298,298,1075,1693,39562,0,0,320,320,0,0,0,1,3,11439
342,STATIC,100,1,11,0,12,47,242,2,6728,19067,309,37782,19,0,0,307,0,0,0,0,0,309,309,1055,1684,39485,0,0,320,320,0,0,0,1,3,11460
343,STATIC,100,1,12,0,12,54,234,2,6661,19194,306,37783,20,0,0,308,0,0,0,0,0,306,306,1050,1668,39471,0,0,320,320,0,0,0,1,3,11398
344,STATIC,100,1,13,0,12,66,268,2,6878,18922,299,37833,17,0,0,312,0,0,0,0,0,299,299,1082,1700,39550,0,0,320,320,0,0,0,1,3,11433
345,STATIC,100,1,14,0,12,57,238,1,6755,19097,298,37837,17,0,0,310,0,0,0,0,0,298,298,1077,1695,39549,0,0,320,320,0,0,0,1,3,11447
346,STATIC,100,1,15,0,12,54,235,2,6691,19055,300,37739,19,0,0,312,0,0,0,0,0,300,300,1077,1697,39455,0,0,320,320,0,0,0,1,3,11458
347,STATIC,100,1,16,0,12,44,237,2,6634,19118,304,37722,20,0,0,301,0,0,0,0,0,304,304,1079,1696,39438,0,0,320,320,0,0,0,1,3,11448
348,STATIC,100,1,17,0,12,53,270,2,6879,18993,301,37854,20,0,0,310,0,0,0,0,0,301,301,1081,1696,39570,0,0,320,320,0,0,0,1,3,11424
349,STATIC,100,1,18,0,12,50,236,2,6718,19049,309,37739,19,0,0,308,0,0,0,0,0,309,309,1070,1693,39451,0,0,320,320,0,0,0,1,3,11442
350,STATIC,100,1,19,0,12,54,244,2,6644,19163,309,37770,16,0,0,313,0,0,0,0,0,309,309,1054,1685,39471,0,0,320,320,0,0,0,1,3,11419
351,STATIC,100,1,20,0,12,54,279,2,6907,18976,306,37887,15,0,0,321,0,0,0,0,0,306,306,1062,1697,39599,0,0,320,320,0,0,0,1,3,11430
352,STATIC,100,1,21,0,12,49,237,2,6784,19052,305,37863,15,0,0,314,0,0,0,0,0,305,305,1068,1694,39572,0,0,320,320,0,0,0,1,3,11452
353,STATIC,100,1,22,0,12,53,247,2,6699,19081,296,37769,19,0,0,304,0,0,0,0,0,296,296,1048,1660,39448,0,0,320,320,0,0,0,1,3,11440
354,STATIC,100,1,23,0,12,47,234,2,6643,19099,293,37703,19,0,0,305,0,0,0,0,0,293,293,1064,1671,39393,0,0,320,320,0,0,0,1,3,11434
355,STATIC,100,1,24,0,12,48,244,2,6848,18969,300,37844,19,0,0,304,0,0,0,0,0,300,300,1062,1674,39537,0,0,320,320,0,0,0,1,3,11452
356,STATIC,100,1,25,0,12,53,244,2,6727,19085,301,37789,17,0,0,306,0,0,0,0,0,301,301,1066,1680,39486,0,0,320,320,0,0,0,1,3,11432
357,STATIC,100,1,26,0,12,46,240,2,6668,19153,308,37775,19,0,0,308,0,0,0,0,0,308,308,1070,1691,39485,0,0,320,320,0,0,0,1,3,11418
358,STATIC,100,1,27,0,12,50,252,2,6914,19030,310,37929,15,0,0,322,0,0,0,0,0,310,310,1074,1715,39659,0,0,320,320,0,0,0,1,3,11427
359,STATIC,100,1,28,0,12,57,268,2,6884,18980,302,37888,17,0,0,309,0,0,0,0,0,302,302,1060,1681,39586,0,0,320,320,0,0,0,1,3,11450
360,STATIC,100,1,29,0,13,55,235,2,6696,19095,301,38015,15,0,0,309,0,0,0,0,0,301,301,1067,1686,39716,0,0,320,320,0,0,0,1,3,11424
361,STATIC,100,1,30,0,13,52,243,2,6729,19102,210,37835,17,0,0,317,0,0,0,0,0,210,210,1614,2149,40001,0,0,320,320,0,0,0,1,3,11469
362,STATIC,100,1,31,0,12,50,234,2,6698,18932,293,37598,19,0,0,301,0,0,0,0,0,293,293,588,1191,38808,0,0,320,320,0,0,0,1,3,11431
363,STATIC,100,1,32,0,13,55,241,1,6800,19044,302,37856,19,0,0,312,0,0,0,0,0,302,302,1700,2322,40197,0,0,320,320,0,0,0,1,3,11436
364,STATIC,100,1,33,0,13,48,231,3,6546,19022,293,37547,19,0,0,301,0,0,0,0,0,293,293,585,1188,38754,0,0,320,320,0,0,0,1,3,11440
365,STATIC,100,1,34,0,12,52,206,1,7002,19051,299,37995,20,0,0,308,0,0,0,0,0,299,299,1684,2299,40314,0,0,320,320,0,0,0,1,3,11431
366,STATIC,100,1,35,0,12,48,243,3,6811,19099,298,37851,19,0,0,307,0,0,0,0,0,298,298,1081,1689,39559,0,0,320,320,0,0,0,1,3,11396
367,STATIC,100,1,36,0,12,50,236,2,6726,19013,290,37731,19,0,0,300,0,0,0,0,0,290,290,1070,1671,39421,0,0,320,320,0,0,0,1,3,11396
368,STATIC,100,1,37,0,12,57,242,3,6620,19132,305,37685,19,0,0,309,0,0,0,0,0,305,305,1072,1694,39398,0,0,320,320,0,0,0,1,3,11342
369,STATIC,100,1,38,0,12,57,234,3,6856,19044,303,37804,20,0,0,305,0,0,0,0,0,303,303,1061,1680,39504,0,0,320,320,0,0,0,1,3,11380
370,STATIC,100,1,39,0,12,49,234,2,6724,18978,300,37664,19,0,0,307,0,0,0,0,0,300,300,1054,1665,39348,0,0,320,320,0,0,0,1,3,11437
371,STATIC,100,1,40,0,12,51,233,2,6586,19036,288,37616,20,0,0,306,0,0,0,0,0,288,288,1076,1673,39309,0,0,320,320,0,0,0,1,3,11464
372,STATIC,100,1,41,0,12,48,231,2,6594,19030,284,37598,17,0,0,304,0,0,0,0,0,284,284,1085,1684,39299,0,0,320,320,0,0,0,1,3,11447
373,STATIC,100,1,42,0,12,48,237,2,6805,19089,303,37798,19,0,0,305,0,0,0,0,0,303,303,1065,1678,39495,0,0,320,320,0,0,0,1,3,11375
374,STATIC,100,1,43,0,13,50,241,1,6679,19002,286,37663,16,0,0,304,0,0,0,0,0,286,286,1080,1679,39358,0,0,320,320,0,0,0,1,3,11443
375,STATIC,100,1,44,0,12,54,232,2,6599,19077,295,37603,20,0,0,304,0,0,0,0,0,295,295,1084,1688,39311,0,0,320,320,0,0,0,1,3,11389
376,STATIC,100,1,45,0,13,51,237,3,6790,18942,297,37706,19,0,0,298,0,0,0,0,0,297,297,1075,1679,39404,0,0,320,320,0,0,0,1,3,11389
377,STATIC,100,1,46,0,12,51,243,4,6697,19007,302,37677,19,0,0,310,0,0,0,0,0,302,302,1077,1694,39390,0,0,320,320,0,0,0,1,3,11440
378,STATIC,100,1,47,0,12,54,232,2,6610,18982,283,37582,20,0,0,316,0,0,0,0,0,283,283,1058,1661,39263,0,0,320,320,0,0,0,1,3,11458
379,STATIC,100,1,48,0,12,45,226,2,6554,19033,304,37564,19,0,0,314,0,0,0,0,0,304,304,1075,1701,39284,0,0,320,320,0,0,0,1,3,11436
380,STATIC,100,1,49,0,12,46,242,2,6796,19078,294,37813,20,0,0,309,0,0,0,0,0,294,294,1079,1694,39527,0,0,320,320,0,0,0,1,3,11408
381,STATIC,100,1,50,0,12,49,235,3,6709,18975,288,37658,19,0,0,306,0,0,0,0,0,288,288,1074,1672,39349,0,0,320,320,0,0,0,1,3,11439
382,STATIC,100,1,51,0,12,50,231,3,6578,19085,300,37618,20,0,0,304,0,0,0,0,0,300,300,1069,1677,39315,0,0,320,320,0,0,0,1,3,11415
383,STATIC,100,1,52,0,12,49,240,3,6808,19057,305,37819,15,0,0,326,0,0,0,0,0,305,305,1072,1711,39545,0,0,320,320,0,0,0,1,3,11396
384,STATIC,100,1,53,0,12,48,234,2,6770,19113,305,37812,20,0,0,300,0,0,0,0,0,305,305,1058,1672,39504,0,0,320,320,0,0,0,1,3,11394
385,STATIC,100,1,54,0,12,53,243,2,6647,19010,276,37668,19,0,0,304,0,0,0,0,0,276,276,1077,1664,39351,0,0,320,320,0,0,0,1,3,11458
391,MULTI_AXIS,100,1,5,0,54,1040,4909,4,6954,18735,273,43467,16,0,0,315,0,0,0,0,0,273,273,1070,1667,45150,0,0,320,320,0,0,0,1,3,11531
392,MULTI_AXIS,100,1,6,0,50,1101,4883,3,6670,18632,297,43040,15,0,0,304,0,0,0,0,0,297,297,915,1521,44576,0,0,320,320,0,0,0,1,3,11475
393,MULTI_AXIS,100,1,7,0,50,1114,4869,3,6669,18550,304,42944,16,0,0,308,0,0,0,0,0,304,304,1071,1690,44650,0,0,320,320,0,0,0,1,3,11461
394,MULTI_AXIS,100,1,8,0,50,1108,4873,3,6726,18439,305,42882,17,0,0,308,0,0,0,0,0,305,305,1082,1706,44605,0,0,320,320,0,0,0,1,3,11449
395,MULTI_AXIS,100,1,9,0,50,1103,4920,2,6728,18560,298,43049,16,0,0,310,0,0,0,0,0,298,298,1089,1703,44768,0,0,320,320,0,0,0,1,3,11459
396,MULTI_AXIS,100,1,10,0,50,1098,4920,3,7010,18613,298,43387,17,0,0,303,0,0,0,0,0,298,298,1653,2266,45670,0,0,320,320,0,0,0,1,3,11471
397,MULTI_AXIS,100,1,11,0,50,1042,4897,1,6847,18657,275,43142,15,0,0,307,0,0,0,0,0,275,275,1080,1667,44824,0,0,320,320,0,0,0,1,3,11402
398,MULTI_AXIS,100,1,12,0,51,1054,4896,3,6772,18667,279,43103,15,0,0,307,0,0,0,0,0,279,279,1702,2292,45410,0,0,320,320,0,0,0,1,3,11426
399,MULTI_AXIS,100,1,13,0,50,1051,4932,1,6650,18624,300,42938,15,0,0,309,0,0,0,0,0,300,300,1105,1722,44675,0,0,320,320,0,0,0,1,3,11402
400,MULTI_AXIS,100,1,14,0,51,1062,4923,3,6805,18607,198,43063,20,0,0,308,0,0,0,0,0,198,198,1080,1595,44678,0,0,320,320,0,0,0,1,3,11376
401,MULTI_AXIS,100,1,15,0,50,1054,4934,3,6978,18598,276,43270,16,0,0,369,0,0,0,0,0,276,276,1596,2253,45539,0,0,320,320,0,0,0,1,3,11423
402,MULTI_AXIS,100,1,16,0,50,1052,4911,3,6679,18637,286,42964,26,0,0,311,0,0,0,0,0,286,286,1131,1742,44732,0,0,320,320,0,0,0,1,3,11395
403,MULTI_AXIS,100,1,17,0,51,1049,4915,1,6788,18731,294,43174,20,0,0,303,0,0,0,0,0,294,294,1700,2302,45496,0,0,320,320,0,0,0,1,3,11409
404,MULTI_AXIS,100,1,18,0,49,1054,4919,1,6685,18719,326,43098,17,0,0,307,0,0,0,0,0,326,326,1084,1732,44847,0,0,320,320,0,0,0,1,3,11441
405,MULTI_AXIS,100,1,19,0,51,1052,4912,3,7019,18854,285,43548,15,0,0,303,0,0,0,0,0,285,285,1734,2331,45894,0,0,320,320,0,0,0,1,3,11429
406,MULTI_AXIS,100,1,20,0,50,1087,4866,3,6910,18806,305,43410,15,0,0,303,0,0,0,0,0,305,305,1796,2413,45838,0,0,320,320,0,0,0,1,3,11453
407,MULTI_AXIS,100,1,21,0,51,1052,4900,3,6820,18903,278,43379,15,0,0,313,0,0,0,0,0,278,278,30,626,44020,0,0,320,320,0,0,0,1,3,11408
408,MULTI_AXIS,100,1,22,0,50,1047,4920,3,6486,18957,289,43074,17,0,0,325,0,0,0,0,0,289,289,1085,1714,44805,0,0,320,320,0,0,0,1,3,11388
409,MULTI_AXIS,100,1,23,0,50,1080,4917,3,6819,19113,284,43507,16,0,0,310,0,0,0,0,0,284,284,1692,2293,45816,0,0,320,320,0,0,0,1,3,11287
410,MULTI_AXIS,100,1,24,0,50,974,4926,3,7019,18986,292,43593,15,0,0,317,0,0,0,0,0,292,292,1767,2380,45988,0,0,320,320,0,0,0,1,3,11412
411,MULTI_AXIS,100,1,25,0,59,1074,4907,4,6415,18869,338,42972,23,0,0,312,0,0,0,0,0,338,338,587,1245,44240,0,0,320,320,0,0,0,1,3,11407
412,MULTI_AXIS,100,1,26,0,50,1072,4931,3,6554,18910,337,43159,15,0,0,338,0,0,0,0,0,337,337,1063,1747,44921,0,0,320,320,0,0,0,1,3,11415
413,MULTI_AXIS,100,1,27,0,50,1055,4921,2,6907,19090,289,43603,15,0,0,311,0,0,0,0,0,289,289,34,642,44260,0,0,320,320,0,0,0,1,3,11348
414,MULTI_AXIS,100,1,28,0,50,1067,4907,3,6810,18912,285,43434,16,0,0,329,0,0,0,0,0,285,285,1081,1702,45152,0,0,320,320,0,0,0,1,3,11443
415,MULTI_AXIS,100,1,29,0,51,1123,4667,2,6486,18950,309,42944,19,0,0,304,0,0,0,0,0,309,309,872,1496,44459,0,0,320,320,0,0,0,1,3,11434
416,MULTI_AXIS,100,1,30,0,50,1122,4886,2,6623,18917,304,43253,15,0,0,304,0,0,0,0,0,304,304,1067,1684,44952,0,0,320,320,0,0,0,1,3,11425
417,MULTI_AXIS,100,1,31,0,50,1059,4921,3,6457,18979,287,43102,15,0,0,303,0,0,0,0,0,287,287,627,1225,44342,0,0,320,320,0,0,0,1,3,11397
418,MULTI_AXIS,100,1,32,0,50,1047,4923,3,6777,19036,291,43498,19,0,0,317,0,0,0,0,0,291,291,1070,1682,45199,0,0,320,320,0,0,0,1,3,11410
419,MULTI_AXIS,100,1,33,0,50,1036,4917,2,6707,18815,290,43193,16,0,0,314,0,0,0,0,0,290,290,1071,1687,44896,0,0,320,320,0,0,0,1,3,11427
420,MULTI_AXIS,100,1,34,0,50,1061,4905,3,6846,18828,299,43550,16,0,0,318,0,0,0,0,0,299,299,30,652,44218,0,0,320,320,0,0,0,1,3,11442
421,MULTI_AXIS,100,1,35,0,50,1057,4909,3,6529,18815,290,43052,15,0,0,307,0,0,0,0,0,290,290,1090,1692,44759,0,0,320,320,0,0,0,1,3,11460
422,MULTI_AXIS,100,1,36,0,50,1054,4950,3,6767,18846,296,43326,16,0,0,307,0,0,0,0,0,296,296,1725,2333,45675,0,0,320,320,0,0,0,1,3,11420
423,MULTI_AXIS,100,1,37,0,50,1056,4945,3,6976,18826,295,43514,15,0,0,317,0,0,0,0,0,295,295,1095,1712,45241,0,0,320,320,0,0,0,1,3,11438
424,MULTI_AXIS,100,1,38,0,51,1047,4920,2,6543,18847,332,43050,16,0,0,308,0,0,0,0,0,332,332,1075,1724,44790,0,0,320,320,0,0,0,1,3,11406
425,MULTI_AXIS,100,1,39,0,50,1059,4916,1,6784,18721,333,43182,17,0,0,313,0,0,0,0,0,333,333,1693,2347,45546,0,0,320,320,0,0,0,1,3,11414
426,MULTI_AXIS,100,1,40,0,50,1107,4921,3,6703,18807,299,43271,17,0,0,316,0,0,0,0,0,299,299,1093,1716,45004,0,0,320,320,0,0,0,1,3,11450
427,MULTI_AXIS,100,1,41,0,50,1060,4933,1,6671,18861,279,43216,15,0,0,305,0,0,0,0,0,279,279,594,1189,44420,0,0,320,320,0,0,0,1,3,11410
428,MULTI_AXIS,100,1,42,0,50,1037,4918,1,6793,18783,287,43210,16,0,0,313,0,0,0,0,0,287,287,1079,1682,44908,0,0,320,320,0,0,0,1,3,11403
429,MULTI_AXIS,100,1,43,0,50,1070,4917,2,6811,18815,275,43330,20,0,0,303,0,0,0,0,0,275,275,31,628,43978,0,0,320,320,0,0,0,1,3,11418
430,MULTI_AXIS,100,1,44,0,50,1054,4909,3,6408,18781,305,42860,15,0,0,309,0,0,0,0,0,305,305,1090,1709,44584,0,0,320,320,0,0,0,1,3,11404
431,MULTI_AXIS,100,1,45,0,50,1058,4938,3,6725,18887,283,43271,15,0,0,310,0,0,0,0,0,283,283,1088,1697,44983,0,0,320,320,0,0,0,1,3,11383
432,MULTI_AXIS,100,1,46,0,50,1055,4948,4,6629,18917,277,43265,17,0,0,307,0,0,0,0,0,277,277,613,1207,44489,0,0,320,320,0,0,0,1,3,11417
433,MULTI_AXIS,100,1,47,0,50,1049,4912,3,6848,18975,292,43487,15,0,0,316,0,0,0,0,0,292,292,1089,1705,45207,0,0,320,320,0,0,0,1,3,11409
434,MULTI_AXIS,100,1,48,0,62,1055,4927,3,6536,18904,292,43113,20,0,0,306,0,0,0,0,0,292,292,1125,1726,44859,0,0,320,320,0,0,0,1,3,11399
435,MULTI_AXIS,100,1,49,0,51,1056,4931,3,6836,18990,300,43513,15,0,0,303,0,0,0,0,0,300,300,1830,2442,45970,0,0,320,320,0,0,0,1,3,11406
436,MULTI_AXIS,100,1,50,0,50,1126,4913,1,6656,18978,285,43392,17,0,0,304,0,0,0,0,0,285,285,616,1213,44622,0,0,320,320,0,0,0,1,3,11441
437,MULTI_AXIS,100,1,51,0,50,1097,4873,2,6866,18963,302,43526,19,0,0,317,0,0,0,0,0,302,302,1662,2289,45834,0,0,320,320,0,0,0,1,3,11433
438,MULTI_AXIS,100,1,52,0,51,1046,4910,3,6791,19044,291,43494,15,0,0,314,0,0,0,0,0,291,291,1743,2354,45863,0,0,320,320,0,0,0,1,3,11422
439,MULTI_AXIS,100,1,53,0,50,1058,4925,3,6838,19047,293,43553,16,0,0,311,0,0,0,0,0,293,293,1807,2420,45989,0,0,320,320,0,0,0,1,3,11403
440,MULTI_AXIS,100,1,54,0,50,1044,4909,3,6657,18880,339,43161,19,0,0,310,0,0,0,0,0,339,339,529,1187,44367,0,0,320,320,0,0,0,1,3,11390
