pose,scale_q100,frame_id,argb_crc32,rgb565_crc32,render_ok,submit_ok,backend
STATIC,100,1,eae4bd6c,8694d6e4,1,1,0
ALL_14_5,100,2,540d2664,7e699f15,1,1,0
ALL_29,100,3,b9e073d5,d1bb15c8,1,1,0
EYE_L_0,100,4,eae4bd6c,8694d6e4,1,1,0
EYE_L_15,100,5,1aa498d4,5ef88359,1,1,0
EYE_L_29,100,6,eae4bd6c,8694d6e4,1,1,0
EYE_R_0,100,7,eae4bd6c,8694d6e4,1,1,0
EYE_R_15,100,8,53359601,5c660276,1,1,0
EYE_R_29,100,9,eae4bd6c,8694d6e4,1,1,0
NECK_1,100,10,3d2489bf,ee50cd9a,1,1,0
NECK_15,100,11,eae4bd6c,8694d6e4,1,1,0
NECK_29,100,12,271b9863,1e5536a3,1,1,0
FACE_5,100,13,185a8e11,c531776c,1,1,0
FACE_15,100,14,eae4bd6c,8694d6e4,1,1,0
FACE_25,100,15,6c1c9b56,689bf70e,1,1,0
FRAC_EYE_L_0,100,16,eae4bd6c,8694d6e4,1,1,0
FRAC_EYE_L_0_25,100,17,6c41a3e1,b25400fe,1,1,0
FRAC_EYE_L_0_5,100,18,1b11d141,21ca0ff3,1,1,0
FRAC_EYE_L_1,100,19,1cfe81c6,23a81032,1,1,0
FRAC_EYE_L_3_25,100,20,0398dc4d,bfcc597a,1,1,0
FRAC_EYE_L_7_5,100,21,3b36144e,7b5a09d7,1,1,0
FRAC_EYE_L_14_5,100,22,ba44b282,183f78b5,1,1,0
FRAC_EYE_L_14_75,100,23,9f958b19,3474230b,1,1,0
FRAC_EYE_L_15_25,100,24,388d6903,57ccb5b7,1,1,0
FRAC_EYE_L_22_75,100,25,58ae2197,68c7fa5c,1,1,0
FRAC_EYE_L_28_5,100,26,1e40b8a7,2ae5cd61,1,1,0
FRAC_EYE_L_29,100,27,eae4bd6c,8694d6e4,1,1,0
FRAC_EYE_R_0,100,28,eae4bd6c,8694d6e4,1,1,0
FRAC_EYE_R_0_25,100,29,30d419a0,3f5aca5d,1,1,0
FRAC_EYE_R_0_5,100,30,47ca2447,75f67a17,1,1,0
FRAC_EYE_R_1,100,31,d0287ab4,0abb8b00,1,1,0
FRAC_EYE_R_3_25,100,32,69530e7d,b51ab4c7,1,1,0
FRAC_EYE_R_7_5,100,33,ac0ca3ab,457c4757,1,1,0
FRAC_EYE_R_14_5,100,34,4dc101ba,d2ede0a6,1,1,0
FRAC_EYE_R_14_75,100,35,2a192538,1f977ff4,1,1,0
FRAC_EYE_R_15_25,100,36,2a192538,1f977ff4,1,1,0
FRAC_EYE_R_22_75,100,37,503b112b,ee8f7585,1,1,0
FRAC_EYE_R_28_5,100,38,c61e4c95,7b13bd2a,1,1,0
FRAC_EYE_R_29,100,39,eae4bd6c,8694d6e4,1,1,0
FRAC_NECK_0,100,40,569105c4,7d23358e,1,1,0
FRAC_NECK_0_25,100,41,f4e27da5,7f1c16b3,1,1,0
FRAC_NECK_0_5,100,42,11010778,b94eef40,1,1,0
FRAC_NECK_1,100,43,3d2489bf,ee50cd9a,1,1,0
FRAC_NECK_3_25,100,44,5458fea9,c0e48757,1,1,0
FRAC_NECK_7_5,100,45,1d3c2c54,57f656c8,1,1,0
FRAC_NECK_14_5,100,46,97aea5b9,eca7abf8,1,1,0
FRAC_NECK_14_75,100,47,cc991ad5,09fc27cc,1,1,0
FRAC_NECK_15_25,100,48,333eab9c,f5360d6f,1,1,0
FRAC_NECK_22_75,100,49,b74894bd,ee6bb47a,1,1,0
FRAC_NECK_28_5,100,50,258f2da6,aa96aff7,1,1,0
FRAC_NECK_29,100,51,271b9863,1e5536a3,1,1,0
FRAC_FACE_0,100,52,c4326f5f,dc882724,1,1,0
FRAC_FACE_0_25,100,53,38900935,cc5daf47,1,1,0
FRAC_FACE_0_5,100,54,a61639ea,c6061777,1,1,0
FRAC_FACE_1,100,55,9010bca7,4b53646c,1,1,0
FRAC_FACE_3_25,100,56,6ee0b4a7,2ba3c1c5,1,1,0
FRAC_FACE_7_5,100,57,15cf2adf,6168b090,1,1,0
FRAC_FACE_14_5,100,58,c46a0af2,a21b2415,1,1,0
FRAC_FACE_14_75,100,59,3a8e6d07,868bcfdf,1,1,0
FRAC_FACE_15_25,100,60,ca08cf4d,33407f75,1,1,0
FRAC_FACE_22_75,100,61,43fffc9c,7c5f1274,1,1,0
FRAC_FACE_28_5,100,62,7a5916f2,0cf985f3,1,1,0
FRAC_FACE_29,100,63,d3a194b3,bc665a55,1,1,0
HIST_NECK_AAA_1,100,64,d00aeb1d,c38e3a85,1,1,0
HIST_NECK_AAA_2,100,65,d00aeb1d,c38e3a85,1,1,0
HIST_NECK_AAA_3,100,66,d00aeb1d,c38e3a85,1,1,0
HIST_NECK_ABA_1,100,67,d00aeb1d,c38e3a85,1,1,0
HIST_NECK_ABA_2,100,68,b74894bd,ee6bb47a,1,1,0
HIST_NECK_ABA_3,100,69,d00aeb1d,c38e3a85,1,1,0
HIST_NECK_ABCBA_1,100,70,d00aeb1d,c38e3a85,1,1,0
HIST_NECK_ABCBA_2,100,71,b74894bd,ee6bb47a,1,1,0
HIST_NECK_ABCBA_3,100,72,5458fea9,c0e48757,1,1,0
HIST_NECK_ABCBA_4,100,73,b74894bd,ee6bb47a,1,1,0
HIST_NECK_ABCBA_5,100,74,d00aeb1d,c38e3a85,1,1,0
DEP_NECK_A,100,75,d3685891,6e4bbd32,1,1,0
DEP_NECK_A_EYE,100,76,294b9dd6,290b8e4d,1,1,0
DEP_NECK_B_EYE,100,77,3dcadc0a,61ecc0ef,1,1,0
DEP_NECK_A_EYE_AGAIN,100,78,294b9dd6,290b8e4d,1,1,0
DEP_NECK_A_AGAIN,100,79,d3685891,6e4bbd32,1,1,0
RESET_BEFORE,100,80,2dc26fd3,27c88a2a,1,1,0
RESET_STATIC,100,81,eae4bd6c,8694d6e4,1,1,0
RESET_AFTER,100,82,2dc26fd3,27c88a2a,1,1,0
RELOAD_BEFORE,100,83,eae4bd6c,8694d6e4,1,1,0
RELOAD_STATIC,100,84,00000000,00000000,0,0,0
RELOAD_POSE,100,85,00000000,00000000,0,0,0
DYN_STATIC_000,100,86,eae4bd6c,8694d6e4,1,1,0
DYN_STATIC_001,100,87,eae4bd6c,8694d6e4,1,1,0
DYN_STATIC_002,100,88,eae4bd6c,8694d6e4,1,1,0
DYN_STATIC_003,100,89,eae4bd6c,8694d6e4,1,1,0
DYN_STATIC_004,100,90,eae4bd6c,8694d6e4,1,1,0
DYN_STATIC_005,100,91,eae4bd6c,8694d6e4,1,1,0
DYN_STATIC_006,100,92,eae4bd6c,8694d6e4,1,1,0
DYN_STATIC_007,100,93,eae4bd6c,8694d6e4,1,1,0
DYN_STATIC_008,100,94,eae4bd6c,8694d6e4,1,1,0
DYN_STATIC_009,100,95,eae4bd6c,8694d6e4,1,1,0
DYN_STATIC_010,100,96,eae4bd6c,8694d6e4,1,1,0
DYN_STATIC_011,100,97,eae4bd6c,8694d6e4,1,1,0
DYN_STATIC_012,100,98,eae4bd6c,8694d6e4,1,1,0
DYN_STATIC_013,100,99,eae4bd6c,8694d6e4,1,1,0
DYN_STATIC_014,100,100,eae4bd6c,8694d6e4,1,1,0
DYN_STATIC_015,100,101,eae4bd6c,8694d6e4,1,1,0
DYN_STATIC_016,100,102,eae4bd6c,8694d6e4,1,1,0
DYN_STATIC_017,100,103,eae4bd6c,8694d6e4,1,1,0
DYN_STATIC_018,100,104,eae4bd6c,8694d6e4,1,1,0
DYN_STATIC_019,100,105,eae4bd6c,8694d6e4,1,1,0
DYN_NECK_000,100,106,569105c4,7d23358e,1,1,0
DYN_NECK_001,100,107,11010778,b94eef40,1,1,0
DYN_NECK_002,100,108,3d2489bf,ee50cd9a,1,1,0
DYN_NECK_003,100,109,bc8ee3fe,2e6e3985,1,1,0
DYN_NECK_004,100,110,ccfc5efc,75cc6d77,1,1,0
DYN_NECK_005,100,111,3ef97fa7,f32a2c2e,1,1,0
DYN_NECK_006,100,112,d1e54217,b65d7220,1,1,0
DYN_NECK_007,100,113,4ab63287,e2a86a4d,1,1,0
DYN_NECK_008,100,114,7bcb7a61,f24a19c4,1,1,0
DYN_NECK_009,100,115,af8434c3,47c77074,1,1,0
DYN_NECK_010,100,116,74562578,97f9305b,1,1,0
DYN_NECK_011,100,117,c3f85dc1,1c4263c1,1,1,0
DYN_NECK_012,100,118,f1ccae74,39505ec8,1,1,0
DYN_NECK_013,100,119,df04daa6,964c916e,1,1,0
DYN_NECK_014,100,120,da0bfef7,5598f242,1,1,0
DYN_NECK_015,100,121,1d3c2c54,57f656c8,1,1,0
DYN_NECK_016,100,122,aad74d67,0f05cfb0,1,1,0
DYN_NECK_017,100,123,d3685891,6e4bbd32,1,1,0
DYN_NECK_018,100,124,4be5cd1c,783e42ed,1,1,0
DYN_NECK_019,100,125,d46d3870,57e3b92b,1,1,0
DYN_NECK_020,100,126,87c5560e,1827c327,1,1,0
DYN_NECK_021,100,127,d00aeb1d,c38e3a85,1,1,0
DYN_NECK_022,100,128,7768f4a8,bac55a6b,1,1,0
DYN_NECK_023,100,129,19fed450,99fb3208,1,1,0
DYN_NECK_024,100,130,6cf990e9,e1484172,1,1,0
DYN_NECK_025,100,131,2c7afd9f,286d56d6,1,1,0
DYN_NECK_026,100,132,71993dad,19d61e5d,1,1,0
DYN_NECK_027,100,133,4935a848,f7aef1fe,1,1,0
DYN_NECK_028,100,134,06564533,a37804e8,1,1,0
DYN_NECK_029,100,135,97aea5b9,eca7abf8,1,1,0
DYN_NECK_030,100,136,eae4bd6c,8694d6e4,1,1,0
DYN_NECK_031,100,137,b3ae2535,7066c6b8,1,1,0
DYN_NECK_032,100,138,1685a335,91588485,1,1,0
DYN_NECK_033,100,139,a690cd58,16801546,1,1,0
DYN_NECK_034,100,140,2d545d0b,eff45c3d,1,1,0
DYN_NECK_035,100,141,4c23fe3f,2d1facd6,1,1,0
DYN_NECK_036,100,142,eec3762b,48c81099,1,1,0
DYN_NECK_037,100,143,572270d3,a1fe805d,1,1,0
DYN_NECK_038,100,144,e7c4d1a5,21ceb59b,1,1,0
DYN_NECK_039,100,145,e417849c,50e93f00,1,1,0
DYN_NECK_040,100,146,ff825183,c1f9db55,1,1,0
DYN_NECK_041,100,147,d98e929a,41c3ee83,1,1,0
DYN_NECK_042,100,148,e70b2937,49fd66fb,1,1,0
DYN_NECK_043,100,149,f6500843,8f32a117,1,1,0
DYN_NECK_044,100,150,6706c998,11947282,1,1,0
DYN_NECK_045,100,151,771a08a6,3b1a93ff,1,1,0
DYN_NECK_046,100,152,f1c8855f,0e6650ae,1,1,0
DYN_NECK_047,100,153,49e28523,5643f5e9,1,1,0
DYN_NECK_048,100,154,5693d688,cbaad3a3,1,1,0
DYN_NECK_049,100,155,5550a2fd,2fe770a6,1,1,0
DYN_NECK_050,100,156,60f51d62,99adb56e,1,1,0
DYN_NECK_051,100,157,9259dc92,cf7aac06,1,1,0
DYN_NECK_052,100,158,0e401dea,150ddd53,1,1,0
DYN_NECK_053,100,159,8a4d47b6,e2e5fd48,1,1,0
DYN_NECK_054,100,160,757b4da6,f8044612,1,1,0
DYN_NECK_055,100,161,b9dec187,9710048e,1,1,0
DYN_NECK_056,100,162,b78bf6ce,76bbbeed,1,1,0
DYN_NECK_057,100,163,258f2da6,aa96aff7,1,1,0
DYN_NECK_058,100,164,271b9863,1e5536a3,1,1,0
DYN_NECK_059,100,165,258f2da6,aa96aff7,1,1,0
DYN_NECK_060,100,166,b78bf6ce,76bbbeed,1,1,0
DYN_NECK_061,100,167,b9dec187,9710048e,1,1,0
DYN_NECK_062,100,168,757b4da6,f8044612,1,1,0
DYN_NECK_063,100,169,8a4d47b6,e2e5fd48,1,1,0
DYN_NECK_064,100,170,0e401dea,150ddd53,1,1,0
DYN_NECK_065,100,171,9259dc92,cf7aac06,1,1,0
DYN_NECK_066,100,172,60f51d62,99adb56e,1,1,0
DYN_NECK_067,100,173,5550a2fd,2fe770a6,1,1,0
DYN_NECK_068,100,174,5693d688,cbaad3a3,1,1,0
DYN_NECK_069,100,175,49e28523,5643f5e9,1,1,0
DYN_NECK_070,100,176,f1c8855f,0e6650ae,1,1,0
DYN_NECK_071,100,177,771a08a6,3b1a93ff,1,1,0
DYN_NECK_072,100,178,6706c998,11947282,1,1,0
DYN_NECK_073,100,179,f6500843,8f32a117,1,1,0
DYN_NECK_074,100,180,e70b2937,49fd66fb,1,1,0
DYN_NECK_075,100,181,d98e929a,41c3ee83,1,1,0
DYN_NECK_076,100,182,ff825183,c1f9db55,1,1,0
DYN_NECK_077,100,183,e417849c,50e93f00,1,1,0
DYN_NECK_078,100,184,e7c4d1a5,21ceb59b,1,1,0
DYN_NECK_079,100,185,572270d3,a1fe805d,1,1,0
DYN_NECK_080,100,186,eec3762b,48c81099,1,1,0
DYN_NECK_081,100,187,4c23fe3f,2d1facd6,1,1,0
DYN_NECK_082,100,188,2d545d0b,eff45c3d,1,1,0
DYN_NECK_083,100,189,a690cd58,16801546,1,1,0
DYN_NECK_084,100,190,1685a335,91588485,1,1,0
DYN_NECK_085,100,191,b3ae2535,7066c6b8,1,1,0
DYN_NECK_086,100,192,eae4bd6c,8694d6e4,1,1,0
DYN_NECK_087,100,193,97aea5b9,eca7abf8,1,1,0
DYN_NECK_088,100,194,06564533,a37804e8,1,1,0
DYN_NECK_089,100,195,4935a848,f7aef1fe,1,1,0
DYN_NECK_090,100,196,71993dad,19d61e5d,1,1,0
DYN_NECK_091,100,197,2c7afd9f,286d56d6,1,1,0
DYN_NECK_092,100,198,6cf990e9,e1484172,1,1,0
DYN_NECK_093,100,199,19fed450,99fb3208,1,1,0
DYN_NECK_094,100,200,7768f4a8,bac55a6b,1,1,0
DYN_NECK_095,100,201,d00aeb1d,c38e3a85,1,1,0
DYN_NECK_096,100,202,87c5560e,1827c327,1,1,0
DYN_NECK_097,100,203,d46d3870,57e3b92b,1,1,0
DYN_NECK_098,100,204,4be5cd1c,783e42ed,1,1,0
DYN_NECK_099,100,205,d3685891,6e4bbd32,1,1,0
DYN_NECK_100,100,206,aad74d67,0f05cfb0,1,1,0
DYN_NECK_101,100,207,1d3c2c54,57f656c8,1,1,0
DYN_NECK_102,100,208,da0bfef7,5598f242,1,1,0
DYN_NECK_103,100,209,df04daa6,964c916e,1,1,0
DYN_NECK_104,100,210,f1ccae74,39505ec8,1,1,0
DYN_NECK_105,100,211,c3f85dc1,1c4263c1,1,1,0
DYN_NECK_106,100,212,74562578,97f9305b,1,1,0
DYN_NECK_107,100,213,af8434c3,47c77074,1,1,0
DYN_NECK_108,100,214,7bcb7a61,f24a19c4,1,1,0
DYN_NECK_109,100,215,4ab63287,e2a86a4d,1,1,0
DYN_NECK_110,100,216,d1e54217,b65d7220,1,1,0
DYN_NECK_111,100,217,3ef97fa7,f32a2c2e,1,1,0
DYN_NECK_112,100,218,ccfc5efc,75cc6d77,1,1,0
DYN_NECK_113,100,219,bc8ee3fe,2e6e3985,1,1,0
DYN_NECK_114,100,220,3d2489bf,ee50cd9a,1,1,0
DYN_NECK_115,100,221,11010778,b94eef40,1,1,0
DYN_NECK_116,100,222,569105c4,7d23358e,1,1,0
DYN_EYE_L_000,100,223,eae4bd6c,8694d6e4,1,1,0
DYN_EYE_L_001,100,224,1b11d141,21ca0ff3,1,1,0
DYN_EYE_L_002,100,225,1cfe81c6,23a81032,1,1,0
DYN_EYE_L_003,100,226,9cbb13b1,ee64944d,1,1,0
DYN_EYE_L_004,100,227,c20c1340,660f2f8e,1,1,0
DYN_EYE_L_005,100,228,d2d88b1b,8dcfaf8b,1,1,0
DYN_EYE_L_006,100,229,180babfe,5605c597,1,1,0
DYN_EYE_L_007,100,230,e3d77845,680e4763,1,1,0
DYN_EYE_L_008,100,231,ded71eb2,7c6527e4,1,1,0
DYN_EYE_L_009,100,232,1bfd53c4,0c44f1e5,1,1,0
DYN_EYE_L_010,100,233,6cf7480b,dd085c09,1,1,0
DYN_EYE_L_011,100,234,b78762f1,f1481889,1,1,0
DYN_EYE_L_012,100,235,7301e900,0ffbe6fd,1,1,0
DYN_EYE_L_013,100,236,6f4063a3,4beb5469,1,1,0
DYN_EYE_L_014,100,237,13b22144,f2c992c7,1,1,0
DYN_EYE_L_015,100,238,3b36144e,7b5a09d7,1,1,0
DYN_EYE_L_016,100,239,e438bd7e,1ef3a9cc,1,1,0
DYN_EYE_L_017,100,240,fbaa02e4,2e4bc8fd,1,1,0
DYN_EYE_L_018,100,241,ea5ff942,748b0976,1,1,0
DYN_EYE_L_019,100,242,cddb7824,8eeed7be,1,1,0
DYN_EYE_L_020,100,243,a05b0d83,fabe8f4a,1,1,0
DYN_EYE_L_021,100,244,a867234c,85f564e9,1,1,0
DYN_EYE_L_022,100,245,22534a27,8e895367,1,1,0
DYN_EYE_L_023,100,246,02231afb,289b1009,1,1,0
DYN_EYE_L_024,100,247,a6b7070b,aa8b0b8b,1,1,0
DYN_EYE_L_025,100,248,d1055a62,9e7dd052,1,1,0
DYN_EYE_L_026,100,249,6013597d,2edb8464,1,1,0
DYN_EYE_L_027,100,250,cd4a0920,c7f6beb3,1,1,0
DYN_EYE_L_028,100,251,a1f36bfb,ae217200,1,1,0
DYN_EYE_L_029,100,252,ba44b282,183f78b5,1,1,0
DYN_EYE_L_030,100,253,1aa498d4,5ef88359,1,1,0
DYN_EYE_L_031,100,254,ba44b282,183f78b5,1,1,0
DYN_EYE_L_032,100,255,95f4c9c4,4540c85f,1,1,0
DYN_EYE_L_033,100,256,198ecb13,cbea6cb8,1,1,0
DYN_EYE_L_034,100,257,d9dea3db,9a2742d0,1,1,0
DYN_EYE_L_035,100,258,91bb4494,f834de8d,1,1,0
DYN_EYE_L_036,100,259,73b9ef1b,02cf41d2,1,1,0
DYN_EYE_L_037,100,260,1e2a76f1,33c26433,1,1,0
DYN_EYE_L_038,100,261,f724226f,9ae756a2,1,1,0
DYN_EYE_L_039,100,262,df039e57,1f09d0ad,1,1,0
DYN_EYE_L_040,100,263,50d56035,4eeff2b2,1,1,0
DYN_EYE_L_041,100,264,c76b188d,84261078,1,1,0
DYN_EYE_L_042,100,265,6e2b7d26,477c1103,1,1,0
DYN_EYE_L_043,100,266,5c79ed7a,89e17942,1,1,0
DYN_EYE_L_044,100,267,3b36144e,7b5a09d7,1,1,0
DYN_EYE_L_045,100,268,a8ff734a,ba583c2c,1,1,0
DYN_EYE_L_046,100,269,7497e8b7,97c5a3b0,1,1,0
DYN_EYE_L_047,100,270,5dc6d1be,081798b8,1,1,0
DYN_EYE_L_048,100,271,b83b4180,46fe1ae2,1,1,0
DYN_EYE_L_049,100,272,c629515f,7b9a5ccd,1,1,0
DYN_EYE_L_050,100,273,f9464973,00c42405,1,1,0
DYN_EYE_L_051,100,274,c860258a,e04e8957,1,1,0
DYN_EYE_L_052,100,275,619c1b24,dbea66e4,1,1,0
DYN_EYE_L_053,100,276,15789ca0,26db129e,1,1,0
DYN_EYE_L_054,100,277,e55b8101,b2c27317,1,1,0
DYN_EYE_L_055,100,278,dd959180,c1044371,1,1,0
DYN_EYE_L_056,100,279,12295620,f90e7152,1,1,0
DYN_EYE_L_057,100,280,1e40b8a7,2ae5cd61,1,1,0
DYN_EYE_L_058,100,281,eae4bd6c,8694d6e4,1,1,0
DYN_EYE_L_059,100,282,1e40b8a7,2ae5cd61,1,1,0
DYN_EYE_L_060,100,283,12295620,f90e7152,1,1,0
DYN_EYE_L_061,100,284,dd959180,c1044371,1,1,0
DYN_EYE_L_062,100,285,e55b8101,b2c27317,1,1,0
DYN_EYE_L_063,100,286,15789ca0,26db129e,1,1,0
DYN_EYE_L_064,100,287,619c1b24,dbea66e4,1,1,0
DYN_EYE_L_065,100,288,c860258a,e04e8957,1,1,0
DYN_EYE_L_066,100,289,f9464973,00c42405,1,1,0
DYN_EYE_L_067,100,290,c629515f,7b9a5ccd,1,1,0
DYN_EYE_L_068,100,291,b83b4180,46fe1ae2,1,1,0
DYN_EYE_L_069,100,292,5dc6d1be,081798b8,1,1,0
DYN_EYE_L_070,100,293,7497e8b7,97c5a3b0,1,1,0
DYN_EYE_L_071,100,294,a8ff734a,ba583c2c,1,1,0
DYN_EYE_L_072,100,295,3b36144e,7b5a09d7,1,1,0
DYN_EYE_L_073,100,296,5c79ed7a,89e17942,1,1,0
DYN_EYE_L_074,100,297,6e2b7d26,477c1103,1,1,0
DYN_EYE_L_075,100,298,c76b188d,84261078,1,1,0
DYN_EYE_L_076,100,299,50d56035,4eeff2b2,1,1,0
DYN_EYE_L_077,100,300,df039e57,1f09d0ad,1,1,0
DYN_EYE_L_078,100,301,f724226f,9ae756a2,1,1,0
DYN_EYE_L_079,100,302,1e2a76f1,33c26433,1,1,0
DYN_EYE_L_080,100,303,73b9ef1b,02cf41d2,1,1,0
DYN_EYE_L_081,100,304,91bb4494,f834de8d,1,1,0
DYN_EYE_L_082,100,305,d9dea3db,9a2742d0,1,1,0
DYN_EYE_L_083,100,306,198ecb13,cbea6cb8,1,1,0
DYN_EYE_L_084,100,307,95f4c9c4,4540c85f,1,1,0
DYN_EYE_L_085,100,308,ba44b282,183f78b5,1,1,0
DYN_EYE_L_086,100,309,1aa498d4,5ef88359,1,1,0
DYN_EYE_L_087,100,310,ba44b282,183f78b5,1,1,0
DYN_EYE_L_088,100,311,a1f36bfb,ae217200,1,1,0
DYN_EYE_L_089,100,312,cd4a0920,c7f6beb3,1,1,0
DYN_EYE_L_090,100,313,6013597d,2edb8464,1,1,0
DYN_EYE_L_091,100,314,d1055a62,9e7dd052,1,1,0
DYN_EYE_L_092,100,315,a6b7070b,aa8b0b8b,1,1,0
DYN_EYE_L_093,100,316,02231afb,289b1009,1,1,0
DYN_EYE_L_094,100,317,22534a27,8e895367,1,1,0
DYN_EYE_L_095,100,318,a867234c,85f564e9,1,1,0
DYN_EYE_L_096,100,319,a05b0d83,fabe8f4a,1,1,0
DYN_EYE_L_097,100,320,cddb7824,8eeed7be,1,1,0
DYN_EYE_L_098,100,321,ea5ff942,748b0976,1,1,0
DYN_EYE_L_099,100,322,fbaa02e4,2e4bc8fd,1,1,0
DYN_EYE_L_100,100,323,e438bd7e,1ef3a9cc,1,1,0
DYN_EYE_L_101,100,324,3b36144e,7b5a09d7,1,1,0
DYN_EYE_L_102,100,325,13b22144,f2c992c7,1,1,0
DYN_EYE_L_103,100,326,6f4063a3,4beb5469,1,1,0
DYN_EYE_L_104,100,327,7301e900,0ffbe6fd,1,1,0
DYN_EYE_L_105,100,328,b78762f1,f1481889,1,1,0
DYN_EYE_L_106,100,329,6cf7480b,dd085c09,1,1,0
DYN_EYE_L_107,100,330,1bfd53c4,0c44f1e5,1,1,0
DYN_EYE_L_108,100,331,ded71eb2,7c6527e4,1,1,0
DYN_EYE_L_109,100,332,e3d77845,680e4763,1,1,0
DYN_EYE_L_110,100,333,180babfe,5605c597,1,1,0
DYN_EYE_L_111,100,334,d2d88b1b,8dcfaf8b,1,1,0
DYN_EYE_L_112,100,335,c20c1340,660f2f8e,1,1,0
DYN_EYE_L_113,100,336,9cbb13b1,ee64944d,1,1,0
DYN_EYE_L_114,100,337,1cfe81c6,23a81032,1,1,0
DYN_EYE_L_115,100,338,1b11d141,21ca0ff3,1,1,0
DYN_EYE_L_116,100,339,eae4bd6c,8694d6e4,1,1,0
DYN_MULTI_000,100,340,04609a81,f9f7c099,1,1,0
DYN_MULTI_001,100,341,f48f52b8,47d05a6f,1,1,0
DYN_MULTI_002,100,342,c2ea2f4b,0ce65d39,1,1,0
DYN_MULTI_003,100,343,3a06cc68,8d6ddcfc,1,1,0
DYN_MULTI_004,100,344,b7d21965,cc0dfbfc,1,1,0
DYN_MULTI_005,100,345,ea2d76b9,d338fe76,1,1,0
DYN_MULTI_006,100,346,272f6804,1ef269f9,1,1,0
DYN_MULTI_007,100,347,84c38192,a774b006,1,1,0
DYN_MULTI_008,100,348,2b5dfaf3,db88c929,1,1,0
DYN_MULTI_009,100,349,d26dc53f,48ee8a71,1,1,0
DYN_MULTI_010,100,350,40d524af,fc1dea6a,1,1,0
DYN_MULTI_011,100,351,68cc0000,04e042de,1,1,0
DYN_MULTI_012,100,352,e97895cd,b9a484d1,1,1,0
DYN_MULTI_013,100,353,54ccfb05,63011f9e,1,1,0
DYN_MULTI_014,100,354,84e7fa9a,212c0828,1,1,0
DYN_MULTI_015,100,355,6972ca11,7ef993be,1,1,0
DYN_MULTI_016,100,356,b9ee7906,b4cbbd1c,1,1,0
DYN_MULTI_017,100,357,7c0abd47,61b93a54,1,1,0
DYN_MULTI_018,100,358,50fc9dfe,f21014f1,1,1,0
DYN_MULTI_019,100,359,618e7fdc,b68cff60,1,1,0
DYN_MULTI_020,100,360,e705fcf0,4fa3f1f1,1,1,0
DYN_MULTI_021,100,361,2e2024cb,719b18f7,1,1,0
DYN_MULTI_022,100,362,876bfb1d,6a304958,1,1,0
DYN_MULTI_023,100,363,a46e1b9d,733f2930,1,1,0
DYN_MULTI_024,100,364,b4466d5e,4e4613ee,1,1,0
DYN_MULTI_025,100,365,b86c3906,2d1300a2,1,1,0
DYN_MULTI_026,100,366,33a909da,96d98057,1,1,0
DYN_MULTI_027,100,367,6ce781a8,d6877049,1,1,0
DYN_MULTI_028,100,368,ddf0c74d,c5edde2a,1,1,0
DYN_MULTI_029,100,369,5d0f38f2,dabc93a9,1,1,0
DYN_MULTI_030,100,370,6ef60e4c,45aeec98,1,1,0
DYN_MULTI_031,100,371,0f3622b9,6dec71be,1,1,0
DYN_MULTI_032,100,372,3eb3322d,95e2848d,1,1,0
DYN_MULTI_033,100,373,0b0481d2,f0324bde,1,1,0
DYN_MULTI_034,100,374,dcbf055e,fa99c1d5,1,1,0
DYN_MULTI_035,100,375,6b22b62b,6ee91650,1,1,0
DYN_MULTI_036,100,376,16994c96,1bd643b4,1,1,0
DYN_MULTI_037,100,377,ce4fcde2,d0ad80b5,1,1,0
DYN_MULTI_038,100,378,42e633b1,0ce75bce,1,1,0
DYN_MULTI_039,100,379,2691108f,d9d7af93,1,1,0
DYN_MULTI_040,100,380,fae2fd13,06824284,1,1,0
DYN_MULTI_041,100,381,c6d69375,eab61663,1,1,0
DYN_MULTI_042,100,382,c7a25454,db5812a9,1,1,0
DYN_MULTI_043,100,383,82aae676,3504e99c,1,1,0
DYN_MULTI_044,100,384,ecfeea68,3aacd355,1,1,0
DYN_MULTI_045,100,385,49c1cd16,d6cd2438,1,1,0
DYN_MULTI_046,100,386,5faf9f06,943672fb,1,1,0
DYN_MULTI_047,100,387,487faf98,84c99b1a,1,1,0
DYN_MULTI_048,100,388,4e40898b,5ce40d72,1,1,0
DYN_MULTI_049,100,389,596c60a3,9462f368,1,1,0
DYN_MULTI_050,100,390,42786d2a,9c6468d2,1,1,0
DYN_MULTI_051,100,391,4f7854f5,488f1a2f,1,1,0
DYN_MULTI_052,100,392,2d38bd75,326942c8,1,1,0
DYN_MULTI_053,100,393,da0e9882,05eb440c,1,1,0
DYN_MULTI_054,100,394,3c47fd44,b9e81f40,1,1,0
DYN_MULTI_055,100,395,d96647b4,8a5d6baa,1,1,0
DYN_MULTI_056,100,396,1cea646b,3c2fc68a,1,1,0
DYN_MULTI_057,100,397,33c40dc5,ed4e9783,1,1,0
DYN_MULTI_058,100,398,04609a81,f9f7c099,1,1,0
DYN_MULTI_059,100,399,f48f52b8,47d05a6f,1,1,0
DYN_MULTI_060,100,400,c2ea2f4b,0ce65d39,1,1,0
DYN_MULTI_061,100,401,3a06cc68,8d6ddcfc,1,1,0
DYN_MULTI_062,100,402,b7d21965,cc0dfbfc,1,1,0
DYN_MULTI_063,100,403,ea2d76b9,d338fe76,1,1,0
DYN_MULTI_064,100,404,272f6804,1ef269f9,1,1,0
DYN_MULTI_065,100,405,84c38192,a774b006,1,1,0
DYN_MULTI_066,100,406,2b5dfaf3,db88c929,1,1,0
DYN_MULTI_067,100,407,d26dc53f,48ee8a71,1,1,0
DYN_MULTI_068,100,408,40d524af,fc1dea6a,1,1,0
DYN_MULTI_069,100,409,68cc0000,04e042de,1,1,0
DYN_MULTI_070,100,410,e97895cd,b9a484d1,1,1,0
DYN_MULTI_071,100,411,54ccfb05,63011f9e,1,1,0
DYN_MULTI_072,100,412,84e7fa9a,212c0828,1,1,0
DYN_MULTI_073,100,413,6972ca11,7ef993be,1,1,0
DYN_MULTI_074,100,414,b9ee7906,b4cbbd1c,1,1,0
DYN_MULTI_075,100,415,7c0abd47,61b93a54,1,1,0
DYN_MULTI_076,100,416,50fc9dfe,f21014f1,1,1,0
DYN_MULTI_077,100,417,618e7fdc,b68cff60,1,1,0
DYN_MULTI_078,100,418,e705fcf0,4fa3f1f1,1,1,0
DYN_MULTI_079,100,419,2e2024cb,719b18f7,1,1,0
DYN_MULTI_080,100,420,876bfb1d,6a304958,1,1,0
DYN_MULTI_081,100,421,a46e1b9d,733f2930,1,1,0
DYN_MULTI_082,100,422,b4466d5e,4e4613ee,1,1,0
DYN_MULTI_083,100,423,b86c3906,2d1300a2,1,1,0
DYN_MULTI_084,100,424,33a909da,96d98057,1,1,0
DYN_MULTI_085,100,425,6ce781a8,d6877049,1,1,0
DYN_MULTI_086,100,426,ddf0c74d,c5edde2a,1,1,0
DYN_MULTI_087,100,427,5d0f38f2,dabc93a9,1,1,0
DYN_MULTI_088,100,428,6ef60e4c,45aeec98,1,1,0
DYN_MULTI_089,100,429,0f3622b9,6dec71be,1,1,0
DYN_MULTI_090,100,430,3eb3322d,95e2848d,1,1,0
DYN_MULTI_091,100,431,0b0481d2,f0324bde,1,1,0
DYN_MULTI_092,100,432,dcbf055e,fa99c1d5,1,1,0
DYN_MULTI_093,100,433,6b22b62b,6ee91650,1,1,0
DYN_MULTI_094,100,434,16994c96,1bd643b4,1,1,0
DYN_MULTI_095,100,435,ce4fcde2,d0ad80b5,1,1,0
DYN_MULTI_096,100,436,42e633b1,0ce75bce,1,1,0
DYN_MULTI_097,100,437,2691108f,d9d7af93,1,1,0
DYN_MULTI_098,100,438,fae2fd13,06824284,1,1,0
DYN_MULTI_099,100,439,c6d69375,eab61663,1,1,0
DYN_MULTI_100,100,440,c7a25454,db5812a9,1,1,0
DYN_MULTI_101,100,441,82aae676,3504e99c,1,1,0
DYN_MULTI_102,100,442,ecfeea68,3aacd355,1,1,0
DYN_MULTI_103,100,443,49c1cd16,d6cd2438,1,1,0
DYN_MULTI_104,100,444,5faf9f06,943672fb,1,1,0
DYN_MULTI_105,100,445,487faf98,84c99b1a,1,1,0
DYN_MULTI_106,100,446,4e40898b,5ce40d72,1,1,0
DYN_MULTI_107,100,447,596c60a3,9462f368,1,1,0
DYN_MULTI_108,100,448,42786d2a,9c6468d2,1,1,0
DYN_MULTI_109,100,449,4f7854f5,488f1a2f,1,1,0
DYN_MULTI_110,100,450,2d38bd75,326942c8,1,1,0
DYN_MULTI_111,100,451,da0e9882,05eb440c,1,1,0
DYN_MULTI_112,100,452,3c47fd44,b9e81f40,1,1,0
DYN_MULTI_113,100,453,d96647b4,8a5d6baa,1,1,0
DYN_MULTI_114,100,454,1cea646b,3c2fc68a,1,1,0
DYN_MULTI_115,100,455,33c40dc5,ed4e9783,1,1,0
DYN_MULTI_116,100,456,04609a81,f9f7c099,1,1,0
DYN_MULTI_117,100,457,f48f52b8,47d05a6f,1,1,0
DYN_MULTI_118,100,458,c2ea2f4b,0ce65d39,1,1,0
DYN_MULTI_119,100,459,3a06cc68,8d6ddcfc,1,1,0
