frame_id,scenario,scale_q100,round,frame,current_valid,current_min_x,current_min_y,current_max_x,current_max_y,current_w,current_h,current_area,previous_valid,previous_min_x,previous_min_y,previous_max_x,previous_max_y,union_min_x,union_min_y,union_max_x,union_max_y,union_w,union_h,union_area,current_area_ratio_q10000,union_area_ratio_q10000,force_full
6,STATIC,100,1,5,1,59,14,257,298,199,285,56715,1,59,14,257,298,59,14,257,298,199,285,56715,5538,5538,0
7,STATIC,100,1,6,1,59,14,257,298,199,285,56715,1,59,14,257,298,59,14,257,298,199,285,56715,5538,5538,0
8,STATIC,100,1,7,1,59,14,257,298,199,285,56715,1,59,14,257,298,59,14,257,298,199,285,56715,5538,5538,0
9,STATIC,100,1,8,1,59,14,257,298,199,285,56715,1,59,14,257,298,59,14,257,298,199,285,56715,5538,5538,0
10,STATIC,100,1,9,1,59,14,257,298,199,285,56715,1,59,14,257,298,59,14,257,298,199,285,56715,5538,5538,0
11,STATIC,100,1,10,1,59,14,257,298,199,285,56715,1,59,14,257,298,59,14,257,298,199,285,56715,5538,5538,0
12,STATIC,100,1,11,1,59,14,257,298,199,285,56715,1,59,14,257,298,59,14,257,298,199,285,56715,5538,5538,0
13,STATIC,100,1,12,1,59,14,257,298,199,285,56715,1,59,14,257,298,59,14,257,298,199,285,56715,5538,5538,0
14,STATIC,100,1,13,1,59,14,257,298,199,285,56715,1,59,14,257,298,59,14,257,298,199,285,56715,5538,5538,0
15,STATIC,100,1,14,1,59,14,257,298,199,285,56715,1,59,14,257,298,59,14,257,298,199,285,56715,5538,5538,0
16,STATIC,100,1,15,1,59,14,257,298,199,285,56715,1,59,14,257,298,59,14,257,298,199,285,56715,5538,5538,0
17,STATIC,100,1,16,1,59,14,257,298,199,285,56715,1,59,14,257,298,59,14,257,298,199,285,56715,5538,5538,0
18,STATIC,100,1,17,1,59,14,257,298,199,285,56715,1,59,14,257,298,59,14,257,298,199,285,56715,5538,5538,0
19,STATIC,100,1,18,1,59,14,257,298,199,285,56715,1,59,14,257,298,59,14,257,298,199,285,56715,5538,5538,0
20,STATIC,100,1,19,1,59,14,257,298,199,285,56715,1,59,14,257,298,59,14,257,298,199,285,56715,5538,5538,0
21,STATIC,100,1,20,1,59,14,257,298,199,285,56715,1,59,14,257,298,59,14,257,298,199,285,56715,5538,5538,0
22,STATIC,100,1,21,1,59,14,257,298,199,285,56715,1,59,14,257,298,59,14,257,298,199,285,56715,5538,5538,0
23,STATIC,100,1,22,1,59,14,257,298,199,285,56715,1,59,14,257,298,59,14,257,298,199,285,56715,5538,5538,0
24,STATIC,100,1,23,1,59,14,257,298,199,285,56715,1,59,14,257,298,59,14,257,298,199,285,56715,5538,5538,0
25,STATIC,100,1,24,1,59,14,257,298,199,285,56715,1,59,14,257,298,59,14,257,298,199,285,56715,5538,5538,0
26,STATIC,100,1,25,1,59,14,257,298,199,285,56715,1,59,14,257,298,59,14,257,298,199,285,56715,5538,5538,0
27,STATIC,100,1,26,1,59,14,257,298,199,285,56715,1,59,14,257,298,59,14,257,298,199,285,56715,5538,5538,0
28,STATIC,100,1,27,1,59,14,257,298,199,285,56715,1,59,14,257,298,59,14,257,298,199,285,56715,5538,5538,0
29,STATIC,100,1,28,1,59,14,257,298,199,285,56715,1,59,14,257,298,59,14,257,298,199,285,56715,5538,5538,0
30,STATIC,100,1,29,1,59,14,257,298,199,285,56715,1,59,14,257,298,59,14,257,298,199,285,56715,5538,5538,0
31,STATIC,100,1,30,1,59,14,257,298,199,285,56715,1,59,14,257,298,59,14,257,298,199,285,56715,5538,5538,0
32,STATIC,100,1,31,1,59,14,257,298,199,285,56715,1,59,14,257,298,59,14,257,298,199,285,56715,5538,5538,0
33,STATIC,100,1,32,1,59,14,257,298,199,285,56715,1,59,14,257,298,59,14,257,298,199,285,56715,5538,5538,0
34,STATIC,100,1,33,1,59,14,257,298,199,285,56715,1,59,14,257,298,59,14,257,298,199,285,56715,5538,5538,0
35,STATIC,100,1,34,1,59,14,257,298,199,285,56715,1,59,14,257,298,59,14,257,298,199,285,56715,5538,5538,0
36,STATIC,100,1,35,1,59,14,257,298,199,285,56715,1,59,14,257,298,59,14,257,298,199,285,56715,5538,5538,0
37,STATIC,100,1,36,1,59,14,257,298,199,285,56715,1,59,14,257,298,59,14,257,298,199,285,56715,5538,5538,0
38,STATIC,100,1,37,1,59,14,257,298,199,285,56715,1,59,14,257,298,59,14,257,298,199,285,56715,5538,5538,0
39,STATIC,100,1,38,1,59,14,257,298,199,285,56715,1,59,14,257,298,59,14,257,298,199,285,56715,5538,5538,0
40,STATIC,100,1,39,1,59,14,257,298,199,285,56715,1,59,14,257,298,59,14,257,298,199,285,56715,5538,5538,0
41,STATIC,100,1,40,1,59,14,257,298,199,285,56715,1,59,14,257,298,59,14,257,298,199,285,56715,5538,5538,0
42,STATIC,100,1,41,1,59,14,257,298,199,285,56715,1,59,14,257,298,59,14,257,298,199,285,56715,5538,5538,0
43,STATIC,100,1,42,1,59,14,257,298,199,285,56715,1,59,14,257,298,59,14,257,298,199,285,56715,5538,5538,0
44,STATIC,100,1,43,1,59,14,257,298,199,285,56715,1,59,14,257,298,59,14,257,298,199,285,56715,5538,5538,0
45,STATIC,100,1,44,1,59,14,257,298,199,285,56715,1,59,14,257,298,59,14,257,298,199,285,56715,5538,5538,0
46,STATIC,100,1,45,1,59,14,257,298,199,285,56715,1,59,14,257,298,59,14,257,298,199,285,56715,5538,5538,0
47,STATIC,100,1,46,1,59,14,257,298,199,285,56715,1,59,14,257,298,59,14,257,298,199,285,56715,5538,5538,0
48,STATIC,100,1,47,1,59,14,257,298,199,285,56715,1,59,14,257,298,59,14,257,298,199,285,56715,5538,5538,0
49,STATIC,100,1,48,1,59,14,257,298,199,285,56715,1,59,14,257,298,59,14,257,298,199,285,56715,5538,5538,0
50,STATIC,100,1,49,1,59,14,257,298,199,285,56715,1,59,14,257,298,59,14,257,298,199,285,56715,5538,5538,0
51,STATIC,100,1,50,1,59,14,257,298,199,285,56715,1,59,14,257,298,59,14,257,298,199,285,56715,5538,5538,0
52,STATIC,100,1,51,1,59,14,257,298,199,285,56715,1,59,14,257,298,59,14,257,298,199,285,56715,5538,5538,0
53,STATIC,100,1,52,1,59,14,257,298,199,285,56715,1,59,14,257,298,59,14,257,298,199,285,56715,5538,5538,0
54,STATIC,100,1,53,1,59,14,257,298,199,285,56715,1,59,14,257,298,59,14,257,298,199,285,56715,5538,5538,0
55,STATIC,100,1,54,1,59,14,257,298,199,285,56715,1,59,14,257,298,59,14,257,298,199,285,56715,5538,5538,0
61,EYE_L_SWEEP,100,1,5,1,59,14,257,298,199,285,56715,1,59,14,257,298,59,14,257,298,199,285,56715,5538,5538,0
62,EYE_L_SWEEP,100,1,6,1,59,14,257,298,199,285,56715,1,59,14,257,298,59,14,257,298,199,285,56715,5538,5538,0
63,EYE_L_SWEEP,100,1,7,1,59,14,257,298,199,285,56715,1,59,14,257,298,59,14,257,298,199,285,56715,5538,5538,0
64,EYE_L_SWEEP,100,1,8,1,59,14,257,298,199,285,56715,1,59,14,257,298,59,14,257,298,199,285,56715,5538,5538,0
65,EYE_L_SWEEP,100,1,9,1,59,14,257,298,199,285,56715,1,59,14,257,298,59,14,257,298,199,285,56715,5538,5538,0
66,EYE_L_SWEEP,100,1,10,1,59,14,257,298,199,285,56715,1,59,14,257,298,59,14,257,298,199,285,56715,5538,5538,0
67,EYE_L_SWEEP,100,1,11,1,59,14,257,298,199,285,56715,1,59,14,257,298,59,14,257,298,199,285,56715,5538,5538,0
68,EYE_L_SWEEP,100,1,12,1,59,14,257,298,199,285,56715,1,59,14,257,298,59,14,257,298,199,285,56715,5538,5538,0
69,EYE_L_SWEEP,100,1,13,1,59,14,257,298,199,285,56715,1,59,14,257,298,59,14,257,298,199,285,56715,5538,5538,0
70,EYE_L_SWEEP,100,1,14,1,59,14,257,298,199,285,56715,1,59,14,257,298,59,14,257,298,199,285,56715,5538,5538,0
71,EYE_L_SWEEP,100,1,15,1,59,14,257,298,199,285,56715,1,59,14,257,298,59,14,257,298,199,285,56715,5538,5538,0
72,EYE_L_SWEEP,100,1,16,1,59,14,257,298,199,285,56715,1,59,14,257,298,59,14,257,298,199,285,56715,5538,5538,0
73,EYE_L_SWEEP,100,1,17,1,59,14,257,298,199,285,56715,1,59,14,257,298,59,14,257,298,199,285,56715,5538,5538,0
74,EYE_L_SWEEP,100,1,18,1,59,14,257,298,199,285,56715,1,59,14,257,298,59,14,257,298,199,285,56715,5538,5538,0
75,EYE_L_SWEEP,100,1,19,1,59,14,257,298,199,285,56715,1,59,14,257,298,59,14,257,298,199,285,56715,5538,5538,0
76,EYE_L_SWEEP,100,1,20,1,59,14,257,298,199,285,56715,1,59,14,257,298,59,14,257,298,199,285,56715,5538,5538,0
77,EYE_L_SWEEP,100,1,21,1,59,14,257,298,199,285,56715,1,59,14,257,298,59,14,257,298,199,285,56715,5538,5538,0
78,EYE_L_SWEEP,100,1,22,1,59,14,257,298,199,285,56715,1,59,14,257,298,59,14,257,298,199,285,56715,5538,5538,0
79,EYE_L_SWEEP,100,1,23,1,59,14,257,298,199,285,56715,1,59,14,257,298,59,14,257,298,199,285,56715,5538,5538,0
80,EYE_L_SWEEP,100,1,24,1,59,14,257,298,199,285,56715,1,59,14,257,298,59,14,257,298,199,285,56715,5538,5538,0
81,EYE_L_SWEEP,100,1,25,1,59,14,257,298,199,285,56715,1,59,14,257,298,59,14,257,298,199,285,56715,5538,5538,0
82,EYE_L_SWEEP,100,1,26,1,59,14,257,298,199,285,56715,1,59,14,257,298,59,14,257,298,199,285,56715,5538,5538,0
83,EYE_L_SWEEP,100,1,27,1,59,14,257,298,199,285,56715,1,59,14,257,298,59,14,257,298,199,285,56715,5538,5538,0
84,EYE_L_SWEEP,100,1,28,1,59,14,257,298,199,285,56715,1,59,14,257,298,59,14,257,298,199,285,56715,5538,5538,0
85,EYE_L_SWEEP,100,1,29,1,59,14,257,298,199,285,56715,1,59,14,257,298,59,14,257,298,199,285,56715,5538,5538,0
86,EYE_L_SWEEP,100,1,30,1,59,14,257,298,199,285,56715,1,59,14,257,298,59,14,257,298,199,285,56715,5538,5538,0
87,EYE_L_SWEEP,100,1,31,1,59,14,257,298,199,285,56715,1,59,14,257,298,59,14,257,298,199,285,56715,5538,5538,0
88,EYE_L_SWEEP,100,1,32,1,59,14,257,298,199,285,56715,1,59,14,257,298,59,14,257,298,199,285,56715,5538,5538,0
89,EYE_L_SWEEP,100,1,33,1,59,14,257,298,199,285,56715,1,59,14,257,298,59,14,257,298,199,285,56715,5538,5538,0
90,EYE_L_SWEEP,100,1,34,1,59,14,257,298,199,285,56715,1,59,14,257,298,59,14,257,298,199,285,56715,5538,5538,0
91,EYE_L_SWEEP,100,1,35,1,59,14,257,298,199,285,56715,1,59,14,257,298,59,14,257,298,199,285,56715,5538,5538,0
92,EYE_L_SWEEP,100,1,36,1,59,14,257,298,199,285,56715,1,59,14,257,298,59,14,257,298,199,285,56715,5538,5538,0
93,EYE_L_SWEEP,100,1,37,1,59,14,257,298,199,285,56715,1,59,14,257,298,59,14,257,298,199,285,56715,5538,5538,0
94,EYE_L_SWEEP,100,1,38,1,59,14,257,298,199,285,56715,1,59,14,257,298,59,14,257,298,199,285,56715,5538,5538,0
95,EYE_L_SWEEP,100,1,39,1,59,14,257,298,199,285,56715,1,59,14,257,298,59,14,257,298,199,285,56715,5538,5538,0
96,EYE_L_SWEEP,100,1,40,1,59,14,257,298,199,285,56715,1,59,14,257,298,59,14,257,298,199,285,56715,5538,5538,0
97,EYE_L_SWEEP,100,1,41,1,59,14,257,298,199,285,56715,1,59,14,257,298,59,14,257,298,199,285,56715,5538,5538,0
98,EYE_L_SWEEP,100,1,42,1,59,14,257,298,199,285,56715,1,59,14,257,298,59,14,257,298,199,285,56715,5538,5538,0
99,EYE_L_SWEEP,100,1,43,1,59,14,257,298,199,285,56715,1,59,14,257,298,59,14,257,298,199,285,56715,5538,5538,0
100,EYE_L_SWEEP,100,1,44,1,59,14,257,298,199,285,56715,1,59,14,257,298,59,14,257,298,199,285,56715,5538,5538,0
101,EYE_L_SWEEP,100,1,45,1,59,14,257,298,199,285,56715,1,59,14,257,298,59,14,257,298,199,285,56715,5538,5538,0
102,EYE_L_SWEEP,100,1,46,1,59,14,257,298,199,285,56715,1,59,14,257,298,59,14,257,298,199,285,56715,5538,5538,0
103,EYE_L_SWEEP,100,1,47,1,59,14,257,298,199,285,56715,1,59,14,257,298,59,14,257,298,199,285,56715,5538,5538,0
104,EYE_L_SWEEP,100,1,48,1,59,14,257,298,199,285,56715,1,59,14,257,298,59,14,257,298,199,285,56715,5538,5538,0
105,EYE_L_SWEEP,100,1,49,1,59,14,257,298,199,285,56715,1,59,14,257,298,59,14,257,298,199,285,56715,5538,5538,0
106,EYE_L_SWEEP,100,1,50,1,59,14,257,298,199,285,56715,1,59,14,257,298,59,14,257,298,199,285,56715,5538,5538,0
107,EYE_L_SWEEP,100,1,51,1,59,14,257,298,199,285,56715,1,59,14,257,298,59,14,257,298,199,285,56715,5538,5538,0
108,EYE_L_SWEEP,100,1,52,1,59,14,257,298,199,285,56715,1,59,14,257,298,59,14,257,298,199,285,56715,5538,5538,0
109,EYE_L_SWEEP,100,1,53,1,59,14,257,298,199,285,56715,1,59,14,257,298,59,14,257,298,199,285,56715,5538,5538,0
110,EYE_L_SWEEP,100,1,54,1,59,14,257,298,199,285,56715,1,59,14,257,298,59,14,257,298,199,285,56715,5538,5538,0
116,NECK_SWEEP,100,1,5,1,54,11,254,298,201,288,57888,1,53,11,254,298,53,11,254,298,202,288,58176,5653,5681,0
117,NECK_SWEEP,100,1,6,1,54,11,254,298,201,288,57888,1,54,11,254,298,54,11,254,298,201,288,57888,5653,5653,0
118,NECK_SWEEP,100,1,7,1,55,11,255,298,201,288,57888,1,54,11,254,298,54,11,255,298,202,288,58176,5653,5681,0
119,NECK_SWEEP,100,1,8,1,55,11,255,298,201,288,57888,1,55,11,255,298,55,11,255,298,201,288,57888,5653,5653,0
120,NECK_SWEEP,100,1,9,1,55,11,255,298,201,288,57888,1,55,11,255,298,55,11,255,298,201,288,57888,5653,5653,0
121,NECK_SWEEP,100,1,10,1,56,12,256,298,201,287,57687,1,55,11,255,298,55,11,256,298,202,288,58176,5633,5681,0
122,NECK_SWEEP,100,1,11,1,56,12,256,298,201,287,57687,1,56,12,256,298,56,12,256,298,201,287,57687,5633,5633,0
123,NECK_SWEEP,100,1,12,1,57,12,256,298,200,287,57400,1,56,12,256,298,56,12,256,298,201,287,57687,5605,5633,0
124,NECK_SWEEP,100,1,13,1,57,13,256,298,200,286,57200,1,57,12,256,298,57,12,256,298,200,287,57400,5585,5605,0
125,NECK_SWEEP,100,1,14,1,59,14,257,298,199,285,56715,1,57,13,256,298,57,13,257,298,201,286,57486,5538,5613,0
126,NECK_SWEEP,100,1,15,1,59,14,258,298,200,285,57000,1,59,14,257,298,59,14,258,298,200,285,57000,5566,5566,0
127,NECK_SWEEP,100,1,16,1,60,14,259,298,200,285,57000,1,59,14,258,298,59,14,259,298,201,285,57285,5566,5594,0
128,NECK_SWEEP,100,1,17,1,61,14,259,298,199,285,56715,1,60,14,259,298,60,14,259,298,200,285,57000,5538,5566,0
129,NECK_SWEEP,100,1,18,1,61,15,260,298,200,284,56800,1,61,14,259,298,61,14,260,298,200,285,57000,5546,5566,0
130,NECK_SWEEP,100,1,19,1,62,15,260,298,199,284,56516,1,61,15,260,298,61,15,260,298,200,284,56800,5519,5546,0
131,NECK_SWEEP,100,1,20,1,63,16,261,298,199,283,56317,1,62,15,260,298,62,15,261,298,200,284,56800,5499,5546,0
132,NECK_SWEEP,100,1,21,1,63,17,261,298,199,282,56118,1,63,16,261,298,63,16,261,298,199,283,56317,5480,5499,0
133,NECK_SWEEP,100,1,22,1,64,17,261,298,198,282,55836,1,63,17,261,298,63,17,261,298,199,282,56118,5452,5480,0
134,NECK_SWEEP,100,1,23,1,64,17,262,298,199,282,56118,1,64,17,261,298,64,17,262,298,199,282,56118,5480,5480,0
135,NECK_SWEEP,100,1,24,1,65,18,262,298,198,281,55638,1,64,17,262,298,64,17,262,298,199,282,56118,5433,5480,0
136,NECK_SWEEP,100,1,25,1,65,19,262,298,198,280,55440,1,65,18,262,298,65,18,262,298,198,281,55638,5414,5433,0
137,NECK_SWEEP,100,1,26,1,66,19,263,298,198,280,55440,1,65,19,262,298,65,19,263,298,199,280,55720,5414,5441,0
138,NECK_SWEEP,100,1,27,1,67,21,265,298,199,278,55322,1,66,19,263,298,66,19,265,298,200,280,56000,5402,5468,0
139,NECK_SWEEP,100,1,28,1,67,20,264,298,198,279,55242,1,67,21,265,298,67,20,265,298,199,279,55521,5394,5421,0
140,NECK_SWEEP,100,1,29,1,66,19,263,298,198,280,55440,1,67,20,264,298,66,19,264,298,199,280,55720,5414,5441,0
141,NECK_SWEEP,100,1,30,1,65,19,262,298,198,280,55440,1,66,19,263,298,65,19,263,298,199,280,55720,5414,5441,0
142,NECK_SWEEP,100,1,31,1,65,18,262,298,198,281,55638,1,65,19,262,298,65,18,262,298,198,281,55638,5433,5433,0
143,NECK_SWEEP,100,1,32,1,64,17,262,298,199,282,56118,1,65,18,262,298,64,17,262,298,199,282,56118,5480,5480,0
144,NECK_SWEEP,100,1,33,1,64,17,261,298,198,282,55836,1,64,17,262,298,64,17,262,298,199,282,56118,5452,5480,0
145,NECK_SWEEP,100,1,34,1,63,17,261,298,199,282,56118,1,64,17,261,298,63,17,261,298,199,282,56118,5480,5480,0
146,NECK_SWEEP,100,1,35,1,63,16,261,298,199,283,56317,1,63,17,261,298,63,16,261,298,199,283,56317,5499,5499,0
147,NECK_SWEEP,100,1,36,1,62,15,260,298,199,284,56516,1,63,16,261,298,62,15,261,298,200,284,56800,5519,5546,0
148,NECK_SWEEP,100,1,37,1,61,15,260,298,200,284,56800,1,62,15,260,298,61,15,260,298,200,284,56800,5546,5546,0
149,NECK_SWEEP,100,1,38,1,61,14,259,298,199,285,56715,1,61,15,260,298,61,14,260,298,200,285,57000,5538,5566,0
150,NECK_SWEEP,100,1,39,1,60,14,259,298,200,285,57000,1,61,14,259,298,60,14,259,298,200,285,57000,5566,5566,0
151,NECK_SWEEP,100,1,40,1,59,14,258,298,200,285,57000,1,60,14,259,298,59,14,259,298,201,285,57285,5566,5594,0
152,NECK_SWEEP,100,1,41,1,58,13,257,298,200,286,57200,1,59,14,258,298,58,13,258,298,201,286,57486,5585,5613,0
153,NECK_SWEEP,100,1,42,1,57,13,256,298,200,286,57200,1,58,13,257,298,57,13,257,298,201,286,57486,5585,5613,0
154,NECK_SWEEP,100,1,43,1,57,12,256,298,200,287,57400,1,57,13,256,298,57,12,256,298,200,287,57400,5605,5605,0
155,NECK_SWEEP,100,1,44,1,56,12,256,298,201,287,57687,1,57,12,256,298,56,12,256,298,201,287,57687,5633,5633,0
156,NECK_SWEEP,100,1,45,1,56,12,256,298,201,287,57687,1,56,12,256,298,56,12,256,298,201,287,57687,5633,5633,0
157,NECK_SWEEP,100,1,46,1,55,11,255,298,201,288,57888,1,56,12,256,298,55,11,256,298,202,288,58176,5653,5681,0
158,NECK_SWEEP,100,1,47,1,55,11,255,298,201,288,57888,1,55,11,255,298,55,11,255,298,201,288,57888,5653,5653,0
159,NECK_SWEEP,100,1,48,1,55,11,255,298,201,288,57888,1,55,11,255,298,55,11,255,298,201,288,57888,5653,5653,0
160,NECK_SWEEP,100,1,49,1,54,11,254,298,201,288,57888,1,55,11,255,298,54,11,255,298,202,288,58176,5653,5681,0
161,NECK_SWEEP,100,1,50,1,54,11,254,298,201,288,57888,1,54,11,254,298,54,11,254,298,201,288,57888,5653,5653,0
162,NECK_SWEEP,100,1,51,1,53,11,254,298,202,288,58176,1,54,11,254,298,53,11,254,298,202,288,58176,5681,5681,0
163,NECK_SWEEP,100,1,52,1,53,11,253,298,201,288,57888,1,53,11,254,298,53,11,254,298,202,288,58176,5653,5681,0
164,NECK_SWEEP,100,1,53,1,53,11,253,298,201,288,57888,1,53,11,253,298,53,11,253,298,201,288,57888,5653,5653,0
165,NECK_SWEEP,100,1,54,1,52,11,252,298,201,288,57888,1,53,11,253,298,52,11,253,298,202,288,58176,5653,5681,0
171,FACE_SWEEP,100,1,5,1,47,13,245,298,199,286,56914,1,45,13,243,298,45,13,245,298,201,286,57486,5558,5613,0
172,FACE_SWEEP,100,1,6,1,48,13,246,298,199,286,56914,1,47,13,245,298,47,13,246,298,200,286,57200,5558,5585,0
173,FACE_SWEEP,100,1,7,1,49,13,247,298,199,286,56914,1,48,13,246,298,48,13,247,298,200,286,57200,5558,5585,0
174,FACE_SWEEP,100,1,8,1,50,13,248,298,199,286,56914,1,49,13,247,298,49,13,248,298,200,286,57200,5558,5585,0
175,FACE_SWEEP,100,1,9,1,51,13,250,298,200,286,57200,1,50,13,248,298,50,13,250,298,201,286,57486,5585,5613,0
176,FACE_SWEEP,100,1,10,1,52,13,251,298,200,286,57200,1,51,13,250,298,51,13,251,298,201,286,57486,5585,5613,0
177,FACE_SWEEP,100,1,11,1,54,13,252,298,199,286,56914,1,52,13,251,298,52,13,252,298,201,286,57486,5558,5613,0
178,FACE_SWEEP,100,1,12,1,55,13,254,298,200,286,57200,1,54,13,252,298,54,13,254,298,201,286,57486,5585,5613,0
179,FACE_SWEEP,100,1,13,1,56,14,255,298,200,285,57000,1,55,13,254,298,55,13,255,298,201,286,57486,5566,5613,0
180,FACE_SWEEP,100,1,14,1,59,14,257,298,199,285,56715,1,56,14,255,298,56,14,257,298,202,285,57570,5538,5622,0
181,FACE_SWEEP,100,1,15,1,60,14,259,298,200,285,57000,1,59,14,257,298,59,14,259,298,201,285,57285,5566,5594,0
182,FACE_SWEEP,100,1,16,1,61,14,260,298,200,285,57000,1,60,14,259,298,60,14,260,298,201,285,57285,5566,5594,0
183,FACE_SWEEP,100,1,17,1,62,14,261,298,200,285,57000,1,61,14,260,298,61,14,261,298,201,285,57285,5566,5594,0
184,FACE_SWEEP,100,1,18,1,63,13,262,298,200,286,57200,1,62,14,261,298,62,13,262,298,201,286,57486,5585,5613,0
185,FACE_SWEEP,100,1,19,1,64,14,263,298,200,285,57000,1,63,13,262,298,63,13,263,298,201,286,57486,5566,5613,0
186,FACE_SWEEP,100,1,20,1,65,14,264,298,200,285,57000,1,64,14,263,298,64,14,264,298,201,285,57285,5566,5594,0
187,FACE_SWEEP,100,1,21,1,66,13,265,298,200,286,57200,1,65,14,264,298,65,13,265,298,201,286,57486,5585,5613,0
188,FACE_SWEEP,100,1,22,1,67,13,267,298,201,286,57486,1,66,13,265,298,66,13,267,298,202,286,57772,5613,5641,0
189,FACE_SWEEP,100,1,23,1,68,14,268,298,201,285,57285,1,67,13,267,298,67,13,268,298,202,286,57772,5594,5641,0
190,FACE_SWEEP,100,1,24,1,69,14,269,298,201,285,57285,1,68,14,268,298,68,14,269,298,202,285,57570,5594,5622,0
191,FACE_SWEEP,100,1,25,1,70,13,270,298,201,286,57486,1,69,14,269,298,69,13,270,298,202,286,57772,5613,5641,0
192,FACE_SWEEP,100,1,26,1,71,13,271,298,201,286,57486,1,70,13,270,298,70,13,271,298,202,286,57772,5613,5641,0
193,FACE_SWEEP,100,1,27,1,73,14,273,298,201,285,57285,1,71,13,271,298,71,13,273,298,203,286,58058,5594,5669,0
194,FACE_SWEEP,100,1,28,1,72,13,272,298,201,286,57486,1,73,14,273,298,72,13,273,298,202,286,57772,5613,5641,0
195,FACE_SWEEP,100,1,29,1,71,13,271,298,201,286,57486,1,72,13,272,298,71,13,272,298,202,286,57772,5613,5641,0
196,FACE_SWEEP,100,1,30,1,70,13,270,298,201,286,57486,1,71,13,271,298,70,13,271,298,202,286,57772,5613,5641,0
197,FACE_SWEEP,100,1,31,1,69,14,269,298,201,285,57285,1,70,13,270,298,69,13,270,298,202,286,57772,5594,5641,0
198,FACE_SWEEP,100,1,32,1,68,14,268,298,201,285,57285,1,69,14,269,298,68,14,269,298,202,285,57570,5594,5622,0
199,FACE_SWEEP,100,1,33,1,67,13,267,298,201,286,57486,1,68,14,268,298,67,13,268,298,202,286,57772,5613,5641,0
200,FACE_SWEEP,100,1,34,1,66,13,265,298,200,286,57200,1,67,13,267,298,66,13,267,298,202,286,57772,5585,5641,0
201,FACE_SWEEP,100,1,35,1,65,14,264,298,200,285,57000,1,66,13,265,298,65,13,265,298,201,286,57486,5566,5613,0
202,FACE_SWEEP,100,1,36,1,64,14,263,298,200,285,57000,1,65,14,264,298,64,14,264,298,201,285,57285,5566,5594,0
203,FACE_SWEEP,100,1,37,1,63,13,262,298,200,286,57200,1,64,14,263,298,63,13,263,298,201,286,57486,5585,5613,0
204,FACE_SWEEP,100,1,38,1,62,14,261,298,200,285,57000,1,63,13,262,298,62,13,262,298,201,286,57486,5566,5613,0
205,FACE_SWEEP,100,1,39,1,61,14,260,298,200,285,57000,1,62,14,261,298,61,14,261,298,201,285,57285,5566,5594,0
206,FACE_SWEEP,100,1,40,1,60,14,259,298,200,285,57000,1,61,14,260,298,60,14,260,298,201,285,57285,5566,5594,0
207,FACE_SWEEP,100,1,41,1,57,13,256,298,200,286,57200,1,60,14,259,298,57,13,259,298,203,286,58058,5585,5669,0
208,FACE_SWEEP,100,1,42,1,56,14,255,298,200,285,57000,1,57,13,256,298,56,13,256,298,201,286,57486,5566,5613,0
209,FACE_SWEEP,100,1,43,1,55,13,254,298,200,286,57200,1,56,14,255,298,55,13,255,298,201,286,57486,5585,5613,0
210,FACE_SWEEP,100,1,44,1,54,13,252,298,199,286,56914,1,55,13,254,298,54,13,254,298,201,286,57486,5558,5613,0
211,FACE_SWEEP,100,1,45,1,52,13,251,298,200,286,57200,1,54,13,252,298,52,13,252,298,201,286,57486,5585,5613,0
212,FACE_SWEEP,100,1,46,1,51,13,250,298,200,286,57200,1,52,13,251,298,51,13,251,298,201,286,57486,5585,5613,0
213,FACE_SWEEP,100,1,47,1,50,13,248,298,199,286,56914,1,51,13,250,298,50,13,250,298,201,286,57486,5558,5613,0
214,FACE_SWEEP,100,1,48,1,49,13,247,298,199,286,56914,1,50,13,248,298,49,13,248,298,200,286,57200,5558,5585,0
215,FACE_SWEEP,100,1,49,1,48,13,246,298,199,286,56914,1,49,13,247,298,48,13,247,298,200,286,57200,5558,5585,0
216,FACE_SWEEP,100,1,50,1,47,13,245,298,199,286,56914,1,48,13,246,298,47,13,246,298,200,286,57200,5558,5585,0
217,FACE_SWEEP,100,1,51,1,45,13,243,298,199,286,56914,1,47,13,245,298,45,13,245,298,201,286,57486,5558,5613,0
218,FACE_SWEEP,100,1,52,1,44,13,242,298,199,286,56914,1,45,13,243,298,44,13,243,298,200,286,57200,5558,5585,0
219,FACE_SWEEP,100,1,53,1,43,13,241,298,199,286,56914,1,44,13,242,298,43,13,242,298,200,286,57200,5558,5585,0
220,FACE_SWEEP,100,1,54,1,41,13,238,298,198,286,56628,1,43,13,241,298,41,13,241,298,201,286,57486,5530,5613,0
226,MULTI_AXIS,100,1,5,1,73,15,272,298,200,284,56800,1,71,14,270,298,71,14,272,298,202,285,57570,5546,5622,0
227,MULTI_AXIS,100,1,6,1,75,15,274,298,200,284,56800,1,73,15,272,298,73,15,274,298,202,284,57368,5546,5602,0
228,MULTI_AXIS,100,1,7,1,77,16,276,298,200,283,56600,1,75,15,274,298,75,15,276,298,202,284,57368,5527,5602,0
229,MULTI_AXIS,100,1,8,1,79,16,277,298,199,283,56317,1,77,16,276,298,77,16,277,298,201,283,56883,5499,5554,0
230,MULTI_AXIS,100,1,9,1,78,17,276,298,199,282,56118,1,79,16,277,298,78,16,277,298,200,283,56600,5480,5527,0
231,MULTI_AXIS,100,1,10,1,78,17,276,298,199,282,56118,1,78,17,276,298,78,17,276,298,199,282,56118,5480,5480,0
232,MULTI_AXIS,100,1,11,1,77,18,275,298,199,281,55919,1,78,17,276,298,77,17,276,298,200,282,56400,5460,5507,0
233,MULTI_AXIS,100,1,12,1,77,18,275,298,199,281,55919,1,77,18,275,298,77,18,275,298,199,281,55919,5460,5460,0
234,MULTI_AXIS,100,1,13,1,76,19,275,298,200,280,56000,1,77,18,275,298,76,18,275,298,200,281,56200,5468,5488,0
235,MULTI_AXIS,100,1,14,1,76,20,274,298,199,279,55521,1,76,19,275,298,76,19,275,298,200,280,56000,5421,5468,0
236,MULTI_AXIS,100,1,15,1,75,21,274,298,200,278,55600,1,76,20,274,298,75,20,274,298,200,279,55800,5429,5449,0
237,MULTI_AXIS,100,1,16,1,74,20,272,298,199,279,55521,1,75,21,274,298,74,20,274,298,201,279,56079,5421,5476,0
238,MULTI_AXIS,100,1,17,1,72,19,269,298,198,280,55440,1,74,20,272,298,72,19,272,298,201,280,56280,5414,5496,0
239,MULTI_AXIS,100,1,18,1,70,19,267,298,198,280,55440,1,72,19,269,298,70,19,269,298,200,280,56000,5414,5468,0
240,MULTI_AXIS,100,1,19,1,68,18,266,298,199,281,55919,1,70,19,267,298,68,18,267,298,200,281,56200,5460,5488,0
241,MULTI_AXIS,100,1,20,1,66,17,264,298,199,282,56118,1,68,18,266,298,66,17,266,298,201,282,56682,5480,5535,0
242,MULTI_AXIS,100,1,21,1,65,17,263,298,199,282,56118,1,66,17,264,298,65,17,264,298,200,282,56400,5480,5507,0
243,MULTI_AXIS,100,1,22,1,63,17,261,298,199,282,56118,1,65,17,263,298,63,17,263,298,201,282,56682,5480,5535,0
244,MULTI_AXIS,100,1,23,1,61,16,259,298,199,283,56317,1,63,17,261,298,61,16,261,298,201,283,56883,5499,5554,0
245,MULTI_AXIS,100,1,24,1,60,15,258,298,199,284,56516,1,61,16,259,298,60,15,259,298,200,284,56800,5519,5546,0
246,MULTI_AXIS,100,1,25,1,58,15,256,298,199,284,56516,1,60,15,258,298,58,15,258,298,201,284,57084,5519,5574,0
247,MULTI_AXIS,100,1,26,1,56,14,254,298,199,285,56715,1,58,15,256,298,56,14,256,298,201,285,57285,5538,5594,0
248,MULTI_AXIS,100,1,27,1,54,14,252,298,199,285,56715,1,56,14,254,298,54,14,254,298,201,285,57285,5538,5594,0
249,MULTI_AXIS,100,1,28,1,52,14,250,298,199,285,56715,1,54,14,252,298,52,14,252,298,201,285,57285,5538,5594,0
250,MULTI_AXIS,100,1,29,1,50,13,248,298,199,286,56914,1,52,14,250,298,50,13,250,298,201,286,57486,5558,5613,0
251,MULTI_AXIS,100,1,30,1,48,13,247,298,200,286,57200,1,50,13,248,298,48,13,248,298,201,286,57486,5585,5613,0
252,MULTI_AXIS,100,1,31,1,47,12,245,298,199,287,57113,1,48,13,247,298,47,12,247,298,201,287,57687,5577,5633,0
253,MULTI_AXIS,100,1,32,1,45,12,243,298,199,287,57113,1,47,12,245,298,45,12,245,298,201,287,57687,5577,5633,0
254,MULTI_AXIS,100,1,33,1,43,11,242,298,200,288,57600,1,45,12,243,298,43,11,243,298,201,288,57888,5625,5653,0
255,MULTI_AXIS,100,1,34,1,41,11,240,298,200,288,57600,1,43,11,242,298,41,11,242,298,202,288,58176,5625,5681,0
256,MULTI_AXIS,100,1,35,1,40,11,238,298,199,288,57312,1,41,11,240,298,40,11,240,298,201,288,57888,5596,5653,0
257,MULTI_AXIS,100,1,36,1,38,10,237,298,200,289,57800,1,40,11,238,298,38,10,238,298,201,289,58089,5644,5672,0
258,MULTI_AXIS,100,1,37,1,36,10,235,298,200,289,57800,1,38,10,237,298,36,10,237,298,202,289,58378,5644,5700,0
259,MULTI_AXIS,100,1,38,1,37,10,236,298,200,289,57800,1,36,10,235,298,36,10,236,298,201,289,58089,5644,5672,0
260,MULTI_AXIS,100,1,39,1,38,10,237,298,200,289,57800,1,37,10,236,298,37,10,237,298,201,289,58089,5644,5672,0
261,MULTI_AXIS,100,1,40,1,39,10,238,298,200,289,57800,1,38,10,237,298,38,10,238,298,201,289,58089,5644,5672,0
262,MULTI_AXIS,100,1,41,1,40,10,239,298,200,289,57800,1,39,10,238,298,39,10,239,298,201,289,58089,5644,5672,0
263,MULTI_AXIS,100,1,42,1,40,10,240,298,201,289,58089,1,40,10,239,298,40,10,240,298,201,289,58089,5672,5672,0
264,MULTI_AXIS,100,1,43,1,41,10,241,298,201,289,58089,1,40,10,240,298,40,10,241,298,202,289,58378,5672,5700,0
265,MULTI_AXIS,100,1,44,1,41,10,241,298,201,289,58089,1,41,10,241,298,41,10,241,298,201,289,58089,5672,5672,0
266,MULTI_AXIS,100,1,45,1,44,10,243,298,200,289,57800,1,41,10,241,298,41,10,243,298,203,289,58667,5644,5729,0
267,MULTI_AXIS,100,1,46,1,45,10,245,298,201,289,58089,1,44,10,243,298,44,10,245,298,202,289,58378,5672,5700,0
268,MULTI_AXIS,100,1,47,1,47,10,247,298,201,289,58089,1,45,10,245,298,45,10,247,298,203,289,58667,5672,5729,0
269,MULTI_AXIS,100,1,48,1,49,10,248,298,200,289,57800,1,47,10,247,298,47,10,248,298,202,289,58378,5644,5700,0
270,MULTI_AXIS,100,1,49,1,50,11,250,298,201,288,57888,1,49,10,248,298,49,10,250,298,202,289,58378,5653,5700,0
271,MULTI_AXIS,100,1,50,1,52,11,252,298,201,288,57888,1,50,11,250,298,50,11,252,298,203,288,58464,5653,5709,0
272,MULTI_AXIS,100,1,51,1,53,11,253,298,201,288,57888,1,52,11,252,298,52,11,253,298,202,288,58176,5653,5681,0
273,MULTI_AXIS,100,1,52,1,55,11,255,298,201,288,57888,1,53,11,253,298,53,11,255,298,203,288,58464,5653,5709,0
274,MULTI_AXIS,100,1,53,1,56,11,256,298,201,288,57888,1,55,11,255,298,55,11,256,298,202,288,58176,5653,5681,0
275,MULTI_AXIS,100,1,54,1,58,12,258,298,201,287,57687,1,56,11,256,298,56,11,258,298,203,288,58464,5633,5709,0
