scenario,warmup,frame,physical_ran,history_valid,layers,get_visual_calls,point_rotate_calls,sin_angle_calls,cos_angle_calls,sind_calls,sind_transform,sind_final,sind_set_rotation,sind_other,unique_rotation_angles,unique_local_rotation_angles,unique_point_rotate_angles,point_rotate_angle_samples,point_rotate_angle_overflow,ancestor_visits,unique_ancestors,depth_sum,max_depth,rotation_changed,local_rotation_changed,scale_changed,local_translation_changed,hierarchy_translation_changed,keypoint_changed,parent_visual_changed,traverse_us,local_translation_rotate_us,relative_rotate_us,final_sincos_us,diag_pose_us,diag_physical_us
STATIC,1,0,1,0,11,11,80,182,182,364,320,22,22,0,1,1,1,80,0,40,11,40,5,0,0,0,0,0,0,0,153,3141,3176,435,56,8289
STATIC,1,1,0,1,11,0,0,0,0,0,0,0,0,0,1,1,0,0,0,0,0,0,0,0,0,0,0,0,0,0,0,0,0,0,49,163
STATIC,1,2,0,1,11,0,0,0,0,0,0,0,0,0,1,1,0,0,0,0,0,0,0,0,0,0,0,0,0,0,0,0,0,0,42,155
STATIC,1,3,0,1,11,0,0,0,0,0,0,0,0,0,1,1,0,0,0,0,0,0,0,0,0,0,0,0,0,0,0,0,0,0,43,128
STATIC,1,4,0,1,11,0,0,0,0,0,0,0,0,0,1,1,0,0,0,0,0,0,0,0,0,0,0,0,0,0,0,0,0,0,43,127
STATIC,0,5,0,1,11,0,0,0,0,0,0,0,0,0,1,1,0,0,0,0,0,0,0,0,0,0,0,0,0,0,0,0,0,0,43,130
STATIC,0,6,0,1,11,0,0,0,0,0,0,0,0,0,1,1,0,0,0,0,0,0,0,0,0,0,0,0,0,0,0,0,0,0,39,131
STATIC,0,7,0,1,11,0,0,0,0,0,0,0,0,0,1,1,0,0,0,0,0,0,0,0,0,0,0,0,0,0,0,0,0,0,43,133
STATIC,0,8,0,1,11,0,0,0,0,0,0,0,0,0,1,1,0,0,0,0,0,0,0,0,0,0,0,0,0,0,0,0,0,0,44,131
STATIC,0,9,0,1,11,0,0,0,0,0,0,0,0,0,1,1,0,0,0,0,0,0,0,0,0,0,0,0,0,0,0,0,0,0,42,130
STATIC,0,10,0,1,11,0,0,0,0,0,0,0,0,0,1,1,0,0,0,0,0,0,0,0,0,0,0,0,0,0,0,0,0,0,40,131
STATIC,0,11,0,1,11,0,0,0,0,0,0,0,0,0,1,1,0,0,0,0,0,0,0,0,0,0,0,0,0,0,0,0,0,0,45,147
STATIC,0,12,0,1,11,0,0,0,0,0,0,0,0,0,1,1,0,0,0,0,0,0,0,0,0,0,0,0,0,0,0,0,0,0,46,127
STATIC,0,13,0,1,11,0,0,0,0,0,0,0,0,0,1,1,0,0,0,0,0,0,0,0,0,0,0,0,0,0,0,0,0,0,46,132
STATIC,0,14,0,1,11,0,0,0,0,0,0,0,0,0,1,1,0,0,0,0,0,0,0,0,0,0,0,0,0,0,0,0,0,0,42,155
STATIC,0,15,0,1,11,0,0,0,0,0,0,0,0,0,1,1,0,0,0,0,0,0,0,0,0,0,0,0,0,0,0,0,0,0,42,128
STATIC,0,16,0,1,11,0,0,0,0,0,0,0,0,0,1,1,0,0,0,0,0,0,0,0,0,0,0,0,0,0,0,0,0,0,42,132
STATIC,0,17,0,1,11,0,0,0,0,0,0,0,0,0,1,1,0,0,0,0,0,0,0,0,0,0,0,0,0,0,0,0,0,0,45,130
STATIC,0,18,0,1,11,0,0,0,0,0,0,0,0,0,1,1,0,0,0,0,0,0,0,0,0,0,0,0,0,0,0,0,0,0,41,132
STATIC,0,19,0,1,11,0,0,0,0,0,0,0,0,0,1,1,0,0,0,0,0,0,0,0,0,0,0,0,0,0,0,0,0,0,46,131
STATIC,0,20,0,1,11,0,0,0,0,0,0,0,0,0,1,1,0,0,0,0,0,0,0,0,0,0,0,0,0,0,0,0,0,0,42,158
STATIC,0,21,0,1,11,0,0,0,0,0,0,0,0,0,1,1,0,0,0,0,0,0,0,0,0,0,0,0,0,0,0,0,0,0,40,97
STATIC,0,22,0,1,11,0,0,0,0,0,0,0,0,0,1,1,0,0,0,0,0,0,0,0,0,0,0,0,0,0,0,0,0,0,43,132
STATIC,0,23,0,1,11,0,0,0,0,0,0,0,0,0,1,1,0,0,0,0,0,0,0,0,0,0,0,0,0,0,0,0,0,0,43,129
STATIC,0,24,0,1,11,0,0,0,0,0,0,0,0,0,1,1,0,0,0,0,0,0,0,0,0,0,0,0,0,0,0,0,0,0,47,128
STATIC,0,25,0,1,11,0,0,0,0,0,0,0,0,0,1,1,0,0,0,0,0,0,0,0,0,0,0,0,0,0,0,0,0,0,45,132
STATIC,0,26,0,1,11,0,0,0,0,0,0,0,0,0,1,1,0,0,0,0,0,0,0,0,0,0,0,0,0,0,0,0,0,0,44,157
STATIC,0,27,0,1,11,0,0,0,0,0,0,0,0,0,1,1,0,0,0,0,0,0,0,0,0,0,0,0,0,0,0,0,0,0,45,129
STATIC,0,28,0,1,11,0,0,0,0,0,0,0,0,0,1,1,0,0,0,0,0,0,0,0,0,0,0,0,0,0,0,0,0,0,47,131
STATIC,0,29,0,1,11,0,0,0,0,0,0,0,0,0,1,1,0,0,0,0,0,0,0,0,0,0,0,0,0,0,0,0,0,0,40,128
STATIC,0,30,0,1,11,0,0,0,0,0,0,0,0,0,1,1,0,0,0,0,0,0,0,0,0,0,0,0,0,0,0,0,0,0,42,132
STATIC,0,31,0,1,11,0,0,0,0,0,0,0,0,0,1,1,0,0,0,0,0,0,0,0,0,0,0,0,0,0,0,0,0,0,40,131
STATIC,0,32,0,1,11,0,0,0,0,0,0,0,0,0,1,1,0,0,0,0,0,0,0,0,0,0,0,0,0,0,0,0,0,0,40,126
STATIC,0,33,0,1,11,0,0,0,0,0,0,0,0,0,1,1,0,0,0,0,0,0,0,0,0,0,0,0,0,0,0,0,0,0,45,144
STATIC,0,34,0,1,11,0,0,0,0,0,0,0,0,0,1,1,0,0,0,0,0,0,0,0,0,0,0,0,0,0,0,0,0,0,42,129
STATIC,0,35,0,1,11,0,0,0,0,0,0,0,0,0,1,1,0,0,0,0,0,0,0,0,0,0,0,0,0,0,0,0,0,0,45,129
STATIC,0,36,0,1,11,0,0,0,0,0,0,0,0,0,1,1,0,0,0,0,0,0,0,0,0,0,0,0,0,0,0,0,0,0,42,131
STATIC,0,37,0,1,11,0,0,0,0,0,0,0,0,0,1,1,0,0,0,0,0,0,0,0,0,0,0,0,0,0,0,0,0,0,42,154
STATIC,0,38,0,1,11,0,0,0,0,0,0,0,0,0,1,1,0,0,0,0,0,0,0,0,0,0,0,0,0,0,0,0,0,0,44,127
STATIC,0,39,0,1,11,0,0,0,0,0,0,0,0,0,1,1,0,0,0,0,0,0,0,0,0,0,0,0,0,0,0,0,0,0,44,131
STATIC,0,40,0,1,11,0,0,0,0,0,0,0,0,0,1,1,0,0,0,0,0,0,0,0,0,0,0,0,0,0,0,0,0,0,45,129
STATIC,0,41,0,1,11,0,0,0,0,0,0,0,0,0,1,1,0,0,0,0,0,0,0,0,0,0,0,0,0,0,0,0,0,0,42,131
STATIC,0,42,0,1,11,0,0,0,0,0,0,0,0,0,1,1,0,0,0,0,0,0,0,0,0,0,0,0,0,0,0,0,0,0,41,155
STATIC,0,43,0,1,11,0,0,0,0,0,0,0,0,0,1,1,0,0,0,0,0,0,0,0,0,0,0,0,0,0,0,0,0,0,47,130
STATIC,0,44,0,1,11,0,0,0,0,0,0,0,0,0,1,1,0,0,0,0,0,0,0,0,0,0,0,0,0,0,0,0,0,0,40,99
STATIC,0,45,0,1,11,0,0,0,0,0,0,0,0,0,1,1,0,0,0,0,0,0,0,0,0,0,0,0,0,0,0,0,0,0,44,130
STATIC,0,46,0,1,11,0,0,0,0,0,0,0,0,0,1,1,0,0,0,0,0,0,0,0,0,0,0,0,0,0,0,0,0,0,47,164
STATIC,0,47,0,1,11,0,0,0,0,0,0,0,0,0,1,1,0,0,0,0,0,0,0,0,0,0,0,0,0,0,0,0,0,0,43,128
STATIC,0,48,0,1,11,0,0,0,0,0,0,0,0,0,1,1,0,0,0,0,0,0,0,0,0,0,0,0,0,0,0,0,0,0,42,132
STATIC,0,49,0,1,11,0,0,0,0,0,0,0,0,0,1,1,0,0,0,0,0,0,0,0,0,0,0,0,0,0,0,0,0,0,41,131
STATIC,0,50,0,1,11,0,0,0,0,0,0,0,0,0,1,1,0,0,0,0,0,0,0,0,0,0,0,0,0,0,0,0,0,0,45,133
STATIC,0,51,0,1,11,0,0,0,0,0,0,0,0,0,1,1,0,0,0,0,0,0,0,0,0,0,0,0,0,0,0,0,0,0,42,159
STATIC,0,52,0,1,11,0,0,0,0,0,0,0,0,0,1,1,0,0,0,0,0,0,0,0,0,0,0,0,0,0,0,0,0,0,41,128
STATIC,0,53,0,1,11,0,0,0,0,0,0,0,0,0,1,1,0,0,0,0,0,0,0,0,0,0,0,0,0,0,0,0,0,0,45,131
STATIC,0,54,0,1,11,0,0,0,0,0,0,0,0,0,1,1,0,0,0,0,0,0,0,0,0,0,0,0,0,0,0,0,0,0,44,126
EYE_L_SWEEP,1,0,1,0,11,11,80,182,182,364,320,22,22,0,1,1,1,80,0,40,11,40,5,0,0,0,0,0,0,0,157,3185,3178,447,484,8088
EYE_L_SWEEP,1,1,1,1,11,11,80,182,182,364,320,22,22,0,1,1,1,80,0,40,11,40,5,0,0,1,2,0,0,0,164,3164,3134,468,547,8044
EYE_L_SWEEP,1,2,1,1,11,11,80,182,182,364,320,22,22,0,1,1,1,80,0,40,11,40,5,0,0,1,2,0,0,0,166,3129,3166,474,557,8062
EYE_L_SWEEP,1,3,1,1,11,11,80,182,182,364,320,22,22,0,1,1,1,80,0,40,11,40,5,0,0,1,2,0,0,0,161,3153,3156,444,548,8046
EYE_L_SWEEP,1,4,1,1,11,11,80,182,182,364,320,22,22,0,1,1,1,80,0,40,11,40,5,0,0,1,2,0,0,0,160,3167,3207,448,557,8105
EYE_L_SWEEP,0,5,1,1,11,11,80,182,182,364,320,22,22,0,1,1,1,80,0,40,11,40,5,0,0,1,2,0,0,0,165,3190,3170,434,566,8089
EYE_L_SWEEP,0,6,1,1,11,11,80,182,182,364,320,22,22,0,1,1,1,80,0,40,11,40,5,0,0,1,2,0,0,0,175,3218,3152,438,532,8088
EYE_L_SWEEP,0,7,1,1,11,11,80,182,182,364,320,22,22,0,1,1,1,80,0,40,11,40,5,0,0,1,2,0,0,0,159,3226,3167,435,554,8125
EYE_L_SWEEP,0,8,1,1,11,11,80,182,182,364,320,22,22,0,1,1,1,80,0,40,11,40,5,0,0,1,2,0,0,0,158,3162,3190,435,541,8058
EYE_L_SWEEP,0,9,1,1,11,11,80,182,182,364,320,22,22,0,1,1,1,80,0,40,11,40,5,0,0,1,2,0,0,0,162,3215,3144,439,565,8094
EYE_L_SWEEP,0,10,1,1,11,11,80,182,182,364,320,22,22,0,1,1,1,80,0,40,11,40,5,0,0,1,2,0,0,0,164,3148,3200,438,563,8076
EYE_L_SWEEP,0,11,1,1,11,11,80,182,182,364,320,22,22,0,1,1,1,80,0,40,11,40,5,0,0,1,2,0,0,0,167,3152,3178,432,538,8071
EYE_L_SWEEP,0,12,1,1,11,11,80,182,182,364,320,22,22,0,1,1,1,80,0,40,11,40,5,0,0,1,2,0,0,0,162,3152,3173,433,549,8076
EYE_L_SWEEP,0,13,1,1,11,11,80,182,182,364,320,22,22,0,1,1,1,80,0,40,11,40,5,0,0,1,2,0,0,0,188,3134,3147,467,549,8048
EYE_L_SWEEP,0,14,1,1,11,11,80,182,182,364,320,22,22,0,1,1,1,80,0,40,11,40,5,0,0,1,2,0,0,0,167,3133,3210,445,507,8080
EYE_L_SWEEP,0,15,1,1,11,11,80,182,182,364,320,22,22,0,1,1,1,80,0,40,11,40,5,0,0,1,2,0,0,0,160,3156,3176,445,572,8054
EYE_L_SWEEP,0,16,1,1,11,11,80,182,182,364,320,22,22,0,1,1,1,80,0,40,11,40,5,0,0,1,2,0,0,0,156,3191,3145,434,556,8077
EYE_L_SWEEP,0,17,1,1,11,11,80,182,182,364,320,22,22,0,1,1,1,80,0,40,11,40,5,0,0,1,2,0,0,0,161,3148,3184,433,563,8052
EYE_L_SWEEP,0,18,1,1,11,11,80,182,182,364,320,22,22,0,1,1,1,80,0,40,11,40,5,0,0,1,2,0,0,0,158,3169,3182,434,560,8090
EYE_L_SWEEP,0,19,1,1,11,11,80,182,182,364,320,22,22,0,1,1,1,80,0,40,11,40,5,0,0,1,2,0,0,0,170,3195,3128,442,565,8049
EYE_L_SWEEP,0,20,1,1,11,11,80,182,182,364,320,22,22,0,1,1,1,80,0,40,11,40,5,0,0,1,2,0,0,0,167,3155,3193,468,546,8101
EYE_L_SWEEP,0,21,1,1,11,11,80,182,182,364,320,22,22,0,1,1,1,80,0,40,11,40,5,0,0,1,2,0,0,0,167,3204,3164,439,556,8124
EYE_L_SWEEP,0,22,1,1,11,11,80,182,182,364,320,22,22,0,1,1,1,80,0,40,11,40,5,0,0,1,2,0,0,0,157,3177,3152,433,551,8047
EYE_L_SWEEP,0,23,1,1,11,11,80,182,182,364,320,22,22,0,1,1,1,80,0,40,11,40,5,0,0,1,2,0,0,0,158,3191,3144,467,558,8076
EYE_L_SWEEP,0,24,1,1,11,11,80,182,182,364,320,22,22,0,1,1,1,80,0,40,11,40,5,0,0,1,2,0,0,0,166,3195,3133,452,571,8065
EYE_L_SWEEP,0,25,1,1,11,11,80,182,182,364,320,22,22,0,1,1,1,80,0,40,11,40,5,0,0,1,2,0,0,0,156,3190,3179,446,485,8092
EYE_L_SWEEP,0,26,1,1,11,11,80,182,182,364,320,22,22,0,1,1,1,80,0,40,11,40,5,0,0,1,2,0,0,0,160,3150,3186,433,547,8094
EYE_L_SWEEP,0,27,1,1,11,11,80,182,182,364,320,22,22,0,1,1,1,80,0,40,11,40,5,0,0,1,2,0,0,0,165,3139,3181,432,555,8035
EYE_L_SWEEP,0,28,1,1,11,11,80,182,182,364,320,22,22,0,1,1,1,80,0,40,11,40,5,0,0,1,2,0,0,0,189,3158,3176,435,554,8069
EYE_L_SWEEP,0,29,1,1,11,11,80,182,182,364,320,22,22,0,1,1,1,80,0,40,11,40,5,0,0,1,2,0,0,0,189,3131,3164,447,549,8032
EYE_L_SWEEP,0,30,1,1,11,11,80,182,182,364,320,22,22,0,1,1,1,80,0,40,11,40,5,0,0,1,2,0,0,0,152,3242,3149,434,544,8094
EYE_L_SWEEP,0,31,1,1,11,11,80,182,182,364,320,22,22,0,1,1,1,80,0,40,11,40,5,0,0,1,2,0,0,0,168,3145,3171,448,539,8056
EYE_L_SWEEP,0,32,1,1,11,11,80,182,182,364,320,22,22,0,1,1,1,80,0,40,11,40,5,0,0,1,2,0,0,0,160,3217,3134,433,543,8060
EYE_L_SWEEP,0,33,1,1,11,11,80,182,182,364,320,22,22,0,1,1,1,80,0,40,11,40,5,0,0,1,2,0,0,0,166,3173,3137,443,537,8061
EYE_L_SWEEP,0,34,1,1,11,11,80,182,182,364,320,22,22,0,1,1,1,80,0,40,11,40,5,0,0,1,2,0,0,0,156,3180,3149,440,518,8052
EYE_L_SWEEP,0,35,1,1,11,11,80,182,182,364,320,22,22,0,1,1,1,80,0,40,11,40,5,0,0,1,2,0,0,0,165,3228,3135,433,555,8093
EYE_L_SWEEP,0,36,1,1,11,11,80,182,182,364,320,22,22,0,1,1,1,80,0,40,11,40,5,0,0,1,2,0,0,0,173,3172,3150,433,544,8057
EYE_L_SWEEP,0,37,1,1,11,11,80,182,182,364,320,22,22,0,1,1,1,80,0,40,11,40,5,0,0,1,2,0,0,0,161,3157,3186,466,546,8092
EYE_L_SWEEP,0,38,1,1,11,11,80,182,182,364,320,22,22,0,1,1,1,80,0,40,11,40,5,0,0,1,2,0,0,0,158,3155,3180,435,541,8091
EYE_L_SWEEP,0,39,1,1,11,11,80,182,182,364,320,22,22,0,1,1,1,80,0,40,11,40,5,0,0,1,2,0,0,0,164,3156,3189,437,540,8061
EYE_L_SWEEP,0,40,1,1,11,11,80,182,182,364,320,22,22,0,1,1,1,80,0,40,11,40,5,0,0,1,2,0,0,0,160,3196,3179,435,556,8089
EYE_L_SWEEP,0,41,1,1,11,11,80,182,182,364,320,22,22,0,1,1,1,80,0,40,11,40,5,0,0,1,1,0,0,0,152,3181,3144,447,582,8047
EYE_L_SWEEP,0,42,1,1,11,11,80,182,182,364,320,22,22,0,1,1,1,80,0,40,11,40,5,0,0,1,2,0,0,0,167,3142,3198,433,544,8093
EYE_L_SWEEP,0,43,1,1,11,11,80,182,182,364,320,22,22,0,1,1,1,80,0,40,11,40,5,0,0,1,2,0,0,0,162,3178,3146,434,509,8073
EYE_L_SWEEP,0,44,1,1,11,11,80,182,182,364,320,22,22,0,1,1,1,80,0,40,11,40,5,0,0,1,2,0,0,0,165,3135,3156,474,535,8046
EYE_L_SWEEP,0,45,1,1,11,11,80,182,182,364,320,22,22,0,1,1,1,80,0,40,11,40,5,0,0,1,2,0,0,0,157,3190,3185,436,552,8084
EYE_L_SWEEP,0,46,1,1,11,11,80,182,182,364,320,22,22,0,1,1,1,80,0,40,11,40,5,0,0,1,2,0,0,0,168,3157,3177,432,535,8055
EYE_L_SWEEP,0,47,1,1,11,11,80,182,182,364,320,22,22,0,1,1,1,80,0,40,11,40,5,0,0,1,2,0,0,0,156,3214,3153,436,545,8088
EYE_L_SWEEP,0,48,1,1,11,11,80,182,182,364,320,22,22,0,1,1,1,80,0,40,11,40,5,0,0,1,2,0,0,0,160,3189,3147,434,568,8051
EYE_L_SWEEP,0,49,1,1,11,11,80,182,182,364,320,22,22,0,1,1,1,80,0,40,11,40,5,0,0,1,2,0,0,0,170,3156,3156,475,544,8080
EYE_L_SWEEP,0,50,1,1,11,11,80,182,182,364,320,22,22,0,1,1,1,80,0,40,11,40,5,0,0,1,2,0,0,0,165,3180,3140,443,544,8085
EYE_L_SWEEP,0,51,1,1,11,11,80,182,182,364,320,22,22,0,1,1,1,80,0,40,11,40,5,0,0,1,2,0,0,0,161,3165,3126,478,547,8049
EYE_L_SWEEP,0,52,1,1,11,11,80,182,182,364,320,22,22,0,1,1,1,80,0,40,11,40,5,0,0,1,2,0,0,0,163,3140,3174,442,476,8085
EYE_L_SWEEP,0,53,1,1,11,11,80,182,182,364,320,22,22,0,1,1,1,80,0,40,11,40,5,0,0,1,2,0,0,0,155,3164,3177,447,542,8068
EYE_L_SWEEP,0,54,1,1,11,11,80,182,182,364,320,22,22,0,1,1,1,80,0,40,11,40,5,0,0,1,2,0,0,0,155,3185,3182,435,562,8091
NECK_SWEEP,1,0,1,0,11,11,80,182,182,364,320,22,22,0,1,2,2,80,0,40,11,40,5,0,0,0,0,0,0,0,166,3200,3341,550,583,8377
NECK_SWEEP,1,1,1,1,11,11,80,182,182,364,320,22,22,0,1,2,2,80,0,40,11,40,5,0,1,0,0,0,0,9,155,3242,3361,545,575,8426
NECK_SWEEP,1,2,1,1,11,11,80,182,182,364,320,22,22,0,1,2,2,80,0,40,11,40,5,0,1,0,0,0,0,9,161,3198,3352,545,582,8387
NECK_SWEEP,1,3,1,1,11,11,80,182,182,364,320,22,22,0,1,2,2,80,0,40,11,40,5,0,1,0,0,0,0,9,173,3214,3359,543,577,8396
NECK_SWEEP,1,4,1,1,11,11,80,182,182,364,320,22,22,0,1,2,2,80,0,40,11,40,5,0,1,0,0,0,0,9,152,3180,3378,574,572,8411
NECK_SWEEP,0,5,1,1,11,11,80,182,182,364,320,22,22,0,1,2,2,80,0,40,11,40,5,0,1,0,0,0,0,9,164,3182,3388,541,579,8432
NECK_SWEEP,0,6,1,1,11,11,80,182,182,364,320,22,22,0,1,2,2,80,0,40,11,40,5,0,1,0,0,0,0,9,166,3198,3355,553,583,8387
NECK_SWEEP,0,7,1,1,11,11,80,182,182,364,320,22,22,0,1,2,2,80,0,40,11,40,5,0,1,0,0,0,0,9,162,3155,3434,545,535,8411
NECK_SWEEP,0,8,1,1,11,11,80,182,182,364,320,22,22,0,1,2,2,80,0,40,11,40,5,0,1,0,0,0,0,9,156,3214,3353,552,599,8396
NECK_SWEEP,0,9,1,1,11,11,80,182,182,364,320,22,22,0,1,2,2,80,0,40,11,40,5,0,1,0,0,0,0,9,189,3153,3403,539,503,8402
NECK_SWEEP,0,10,1,1,11,11,80,182,182,364,320,22,22,0,1,2,2,80,0,40,11,40,5,0,1,0,0,0,0,9,167,3172,3388,542,560,8390
NECK_SWEEP,0,11,1,1,11,11,80,182,182,364,320,22,22,0,1,2,2,80,0,40,11,40,5,0,1,0,0,0,0,9,155,3152,3373,559,556,8383
NECK_SWEEP,0,12,1,1,11,11,80,182,182,364,320,22,22,0,1,2,2,80,0,40,11,40,5,0,1,0,0,0,0,9,162,3167,3398,535,584,8391
NECK_SWEEP,0,13,1,1,11,11,80,182,182,364,320,22,22,0,1,2,2,80,0,40,11,40,5,0,1,0,0,0,0,9,197,3131,3362,546,539,8386
NECK_SWEEP,0,14,1,1,11,11,80,182,182,364,320,22,22,0,1,1,1,80,0,40,11,40,5,0,1,0,0,0,0,9,161,3196,3140,432,568,8044
NECK_SWEEP,0,15,1,1,11,11,80,182,182,364,320,22,22,0,1,2,2,80,0,40,11,40,5,0,1,0,0,0,0,9,171,3168,3350,547,499,8390
NECK_SWEEP,0,16,1,1,11,11,80,182,182,364,320,22,22,0,1,2,2,80,0,40,11,40,5,0,1,0,0,0,0,9,160,3193,3357,557,579,8403
NECK_SWEEP,0,17,1,1,11,11,80,182,182,364,320,22,22,0,1,2,2,80,0,40,11,40,5,0,1,0,0,0,0,9,161,3178,3371,536,523,8402
NECK_SWEEP,0,18,1,1,11,11,80,182,182,364,320,22,22,0,1,2,2,80,0,40,11,40,5,0,1,0,0,0,0,9,167,3209,3372,540,575,8391
NECK_SWEEP,0,19,1,1,11,11,80,182,182,364,320,22,22,0,1,2,2,80,0,40,11,40,5,0,1,0,0,0,0,9,165,3172,3370,551,558,8402
NECK_SWEEP,0,20,1,1,11,11,80,182,182,364,320,22,22,0,1,2,2,80,0,40,11,40,5,0,1,0,0,0,0,9,167,3198,3390,538,571,8406
NECK_SWEEP,0,21,1,1,11,11,80,182,182,364,320,22,22,0,1,2,2,80,0,40,11,40,5,0,1,0,0,0,0,9,158,3190,3353,537,573,8355
NECK_SWEEP,0,22,1,1,11,11,80,182,182,364,320,22,22,0,1,2,2,80,0,40,11,40,5,0,1,0,0,0,0,9,165,3145,3453,538,589,8419
NECK_SWEEP,0,23,1,1,11,11,80,182,182,364,320,22,22,0,1,2,2,80,0,40,11,40,5,0,1,0,0,0,0,9,158,3153,3382,549,562,8374
NECK_SWEEP,0,24,1,1,11,11,80,182,182,364,320,22,22,0,1,2,2,80,0,40,11,40,5,0,1,0,0,0,0,9,155,3160,3421,559,582,8404
NECK_SWEEP,0,25,1,1,11,11,80,182,182,364,320,22,22,0,1,2,2,80,0,40,11,40,5,0,1,0,0,0,0,9,167,3174,3353,532,548,8345
NECK_SWEEP,0,26,1,1,11,11,80,182,182,364,320,22,22,0,1,2,2,80,0,40,11,40,5,0,1,0,0,0,0,9,170,3223,3363,538,585,8401
NECK_SWEEP,0,27,1,1,11,11,80,182,182,364,320,22,22,0,1,2,2,80,0,40,11,40,5,0,1,0,0,0,0,9,162,3166,3370,546,498,8371
NECK_SWEEP,0,28,1,1,11,11,80,182,182,364,320,22,22,0,1,2,2,80,0,40,11,40,5,0,1,0,0,0,0,9,166,3226,3352,550,583,8399
NECK_SWEEP,0,29,1,1,11,11,80,182,182,364,320,22,22,0,1,2,2,80,0,40,11,40,5,0,1,0,0,0,0,9,162,3183,3371,572,515,8419
NECK_SWEEP,0,30,1,1,11,11,80,182,182,364,320,22,22,0,1,2,2,80,0,40,11,40,5,0,1,0,0,0,0,9,154,3182,3377,532,575,8397
NECK_SWEEP,0,31,1,1,11,11,80,182,182,364,320,22,22,0,1,2,2,80,0,40,11,40,5,0,1,0,0,0,0,9,167,3149,3398,542,517,8399
NECK_SWEEP,0,32,1,1,11,11,80,182,182,364,320,22,22,0,1,2,2,80,0,40,11,40,5,0,1,0,0,0,0,9,159,3180,3382,542,587,8405
NECK_SWEEP,0,33,1,1,11,11,80,182,182,364,320,22,22,0,1,2,2,80,0,40,11,40,5,0,1,0,0,0,0,9,160,3178,3396,573,514,8430
NECK_SWEEP,0,34,1,1,11,11,80,182,182,364,320,22,22,0,1,2,2,80,0,40,11,40,5,0,1,0,0,0,0,9,156,3210,3354,538,590,8389
NECK_SWEEP,0,35,1,1,11,11,80,182,182,364,320,22,22,0,1,2,2,80,0,40,11,40,5,0,1,0,0,0,0,9,164,3145,3389,575,571,8395
NECK_SWEEP,0,36,1,1,11,11,80,182,182,364,320,22,22,0,1,2,2,80,0,40,11,40,5,0,1,0,0,0,0,9,169,3142,3406,551,575,8383
NECK_SWEEP,0,37,1,1,11,11,80,182,182,364,320,22,22,0,1,2,2,80,0,40,11,40,5,0,1,0,0,0,0,9,164,3145,3430,541,504,8400
NECK_SWEEP,0,38,1,1,11,11,80,182,182,364,320,22,22,0,1,2,2,80,0,40,11,40,5,0,1,0,0,0,0,9,164,3147,3405,537,580,8360
NECK_SWEEP,0,39,1,1,11,11,80,182,182,364,320,22,22,0,1,2,2,80,0,40,11,40,5,0,1,0,0,0,0,9,165,3219,3361,536,530,8403
NECK_SWEEP,0,40,1,1,11,11,80,182,182,364,320,22,22,0,1,2,2,80,0,40,11,40,5,0,1,0,0,0,0,9,169,3187,3367,539,566,8383
NECK_SWEEP,0,41,1,1,11,11,80,182,182,364,320,22,22,0,1,2,2,80,0,40,11,40,5,0,1,0,0,0,0,9,158,3132,3374,545,556,8370
NECK_SWEEP,0,42,1,1,11,11,80,182,182,364,320,22,22,0,1,2,2,80,0,40,11,40,5,0,1,0,0,0,0,9,165,3168,3391,537,573,8373
NECK_SWEEP,0,43,1,1,11,11,80,182,182,364,320,22,22,0,1,2,2,80,0,40,11,40,5,0,1,0,0,0,0,9,164,3164,3352,539,494,8374
NECK_SWEEP,0,44,1,1,11,11,80,182,182,364,320,22,22,0,1,2,2,80,0,40,11,40,5,0,1,0,0,0,0,9,164,3202,3379,551,571,8399
NECK_SWEEP,0,45,1,1,11,11,80,182,182,364,320,22,22,0,1,2,2,80,0,40,11,40,5,0,1,0,0,0,0,9,156,3173,3382,541,532,8410
NECK_SWEEP,0,46,1,1,11,11,80,182,182,364,320,22,22,0,1,2,2,80,0,40,11,40,5,0,1,0,0,0,0,9,172,3167,3369,546,573,8398
NECK_SWEEP,0,47,1,1,11,11,80,182,182,364,320,22,22,0,1,2,2,80,0,40,11,40,5,0,1,0,0,0,0,9,171,3133,3388,550,585,8355
NECK_SWEEP,0,48,1,1,11,11,80,182,182,364,320,22,22,0,1,2,2,80,0,40,11,40,5,0,1,0,0,0,0,9,167,3195,3378,560,573,8412
NECK_SWEEP,0,49,1,1,11,11,80,182,182,364,320,22,22,0,1,2,2,80,0,40,11,40,5,0,1,0,0,0,0,9,163,3204,3350,544,518,8385
NECK_SWEEP,0,50,1,1,11,11,80,182,182,364,320,22,22,0,1,2,2,80,0,40,11,40,5,0,1,0,0,0,0,9,157,3187,3417,543,578,8413
NECK_SWEEP,0,51,1,1,11,11,80,182,182,364,320,22,22,0,1,2,2,80,0,40,11,40,5,0,1,0,0,0,0,9,168,3144,3410,542,509,8377
NECK_SWEEP,0,52,1,1,11,11,80,182,182,364,320,22,22,0,1,2,2,80,0,40,11,40,5,0,1,0,0,0,0,9,160,3224,3373,542,569,8419
NECK_SWEEP,0,53,1,1,11,11,80,182,182,364,320,22,22,0,1,2,2,80,0,40,11,40,5,0,1,0,0,0,0,9,160,3160,3391,554,529,8382
NECK_SWEEP,0,54,1,1,11,11,80,182,182,364,320,22,22,0,1,2,2,80,0,40,11,40,5,0,1,0,0,0,0,9,163,3155,3413,560,576,8398
FACE_SWEEP,1,0,1,0,11,11,80,182,182,364,320,22,22,0,1,1,1,80,0,40,11,40,5,0,0,0,0,0,0,0,162,3126,3193,446,883,8054
FACE_SWEEP,1,1,1,1,11,11,80,182,182,364,320,22,22,0,1,1,1,80,0,40,11,40,5,0,0,0,0,0,0,0,162,3165,3166,436,856,8084
FACE_SWEEP,1,2,1,1,11,11,80,182,182,364,320,22,22,0,1,1,1,80,0,40,11,40,5,0,0,0,0,0,0,0,165,3155,3214,433,893,8086
FACE_SWEEP,1,3,1,1,11,11,80,182,182,364,320,22,22,0,1,1,1,80,0,40,11,40,5,0,0,0,0,0,0,0,160,3182,3140,433,839,8079
FACE_SWEEP,1,4,1,1,11,11,80,182,182,364,320,22,22,0,1,1,1,80,0,40,11,40,5,0,0,0,0,0,0,0,169,3179,3164,434,904,8093
FACE_SWEEP,0,5,1,1,11,11,80,182,182,364,320,22,22,0,1,1,1,80,0,40,11,40,5,0,0,0,0,0,0,0,170,3155,3165,437,903,8041
FACE_SWEEP,0,6,1,1,11,11,80,182,182,364,320,22,22,0,1,1,1,80,0,40,11,40,5,0,0,0,0,0,0,0,163,3177,3155,433,884,8055
FACE_SWEEP,0,7,1,1,11,11,80,182,182,364,320,22,22,0,1,1,1,80,0,40,11,40,5,0,0,0,0,0,0,0,161,3163,3198,466,899,8093
FACE_SWEEP,0,8,1,1,11,11,80,182,182,364,320,22,22,0,1,1,1,80,0,40,11,40,5,0,0,0,0,0,0,0,165,3171,3137,444,914,8029
FACE_SWEEP,0,9,1,1,11,11,80,182,182,364,320,22,22,0,1,1,1,80,0,40,11,40,5,0,0,0,0,0,0,0,169,3204,3141,444,897,8078
FACE_SWEEP,0,10,1,1,11,11,80,182,182,364,320,22,22,0,1,1,1,80,0,40,11,40,5,0,0,0,0,0,0,0,163,3165,3163,435,844,8032
FACE_SWEEP,0,11,1,1,11,11,80,182,182,364,320,22,22,0,1,1,1,80,0,40,11,40,5,0,0,0,0,0,0,0,166,3217,3149,446,894,8101
FACE_SWEEP,0,12,1,1,11,11,80,182,182,364,320,22,22,0,1,1,1,80,0,40,11,40,5,0,0,0,0,0,0,0,160,3144,3161,434,845,8030
FACE_SWEEP,0,13,1,1,11,11,80,182,182,364,320,22,22,0,1,1,1,80,0,40,11,40,5,0,0,0,0,0,0,0,176,3178,3190,446,901,8099
FACE_SWEEP,0,14,1,1,11,11,80,182,182,364,320,22,22,0,1,1,1,80,0,40,11,40,5,0,0,0,0,0,0,0,146,3194,3149,445,837,8046
FACE_SWEEP,0,15,1,1,11,11,80,182,182,364,320,22,22,0,1,1,1,80,0,40,11,40,5,0,0,0,0,0,0,0,161,3174,3182,438,877,8072
FACE_SWEEP,0,16,1,1,11,11,80,182,182,364,320,22,22,0,1,1,1,80,0,40,11,40,5,0,0,0,0,0,0,0,160,3139,3173,441,832,8020
FACE_SWEEP,0,17,1,1,11,11,80,182,182,364,320,22,22,0,1,1,1,80,0,40,11,40,5,0,0,0,0,0,0,0,162,3197,3153,442,889,8081
FACE_SWEEP,0,18,1,1,11,11,80,182,182,364,320,22,22,0,1,1,1,80,0,40,11,40,5,0,0,0,0,0,0,0,156,3190,3141,436,870,8042
FACE_SWEEP,0,19,1,1,11,11,80,182,182,364,320,22,22,0,1,1,1,80,0,40,11,40,5,0,0,0,0,0,0,0,162,3169,3201,444,879,8087
FACE_SWEEP,0,20,1,1,11,11,80,182,182,364,320,22,22,0,1,1,1,80,0,40,11,40,5,0,0,0,0,0,0,0,160,3145,3176,444,890,8046
FACE_SWEEP,0,21,1,1,11,11,80,182,182,364,320,22,22,0,1,1,1,80,0,40,11,40,5,0,0,0,0,0,0,0,155,3186,3172,453,866,8093
FACE_SWEEP,0,22,1,1,11,11,80,182,182,364,320,22,22,0,1,1,1,80,0,40,11,40,5,0,0,0,0,0,0,0,169,3132,3191,434,876,8039
FACE_SWEEP,0,23,1,1,11,11,80,182,182,364,320,22,22,0,1,1,1,80,0,40,11,40,5,0,0,0,0,0,0,0,199,3180,3138,454,882,8084
FACE_SWEEP,0,24,1,1,11,11,80,182,182,364,320,22,22,0,1,1,1,80,0,40,11,40,5,0,0,0,0,0,0,0,162,3140,3181,443,879,8029
FACE_SWEEP,0,25,1,1,11,11,80,182,182,364,320,22,22,0,1,1,1,80,0,40,11,40,5,0,0,0,0,0,0,0,161,3155,3191,443,875,8099
FACE_SWEEP,0,26,1,1,11,11,80,182,182,364,320,22,22,0,1,1,1,80,0,40,11,40,5,0,0,0,0,0,0,0,164,3155,3142,435,893,8075
FACE_SWEEP,0,27,1,1,11,11,80,182,182,364,320,22,22,0,1,1,1,80,0,40,11,40,5,0,0,0,0,0,0,0,158,3139,3200,433,910,8044
FACE_SWEEP,0,28,1,1,11,11,80,182,182,364,320,22,22,0,1,1,1,80,0,40,11,40,5,0,0,0,0,0,0,0,165,3187,3164,442,841,8066
FACE_SWEEP,0,29,1,1,11,11,80,182,182,364,320,22,22,0,1,1,1,80,0,40,11,40,5,0,0,0,0,0,0,0,172,3161,3169,436,870,8053
FACE_SWEEP,0,30,1,1,11,11,80,182,182,364,320,22,22,0,1,1,1,80,0,40,11,40,5,0,0,0,0,0,0,0,159,3171,3191,443,889,8071
FACE_SWEEP,0,31,1,1,11,11,80,182,182,364,320,22,22,0,1,1,1,80,0,40,11,40,5,0,0,0,0,0,0,0,168,3180,3136,444,879,8047
FACE_SWEEP,0,32,1,1,11,11,80,182,182,364,320,22,22,0,1,1,1,80,0,40,11,40,5,0,0,0,0,0,0,0,158,3180,3167,445,879,8064
FACE_SWEEP,0,33,1,1,11,11,80,182,182,364,320,22,22,0,1,1,1,80,0,40,11,40,5,0,0,0,0,0,0,0,158,3199,3146,445,886,8052
FACE_SWEEP,0,34,1,1,11,11,80,182,182,364,320,22,22,0,1,1,1,80,0,40,11,40,5,0,0,0,0,0,0,0,160,3194,3146,435,865,8086
FACE_SWEEP,0,35,1,1,11,11,80,182,182,364,320,22,22,0,1,1,1,80,0,40,11,40,5,0,0,0,0,0,0,0,170,3187,3139,436,879,8053
FACE_SWEEP,0,36,1,1,11,11,80,182,182,364,320,22,22,0,1,1,1,80,0,40,11,40,5,0,0,0,0,0,0,0,163,3178,3127,441,874,8065
FACE_SWEEP,0,37,1,1,11,11,80,182,182,364,320,22,22,0,1,1,1,80,0,40,11,40,5,0,0,0,0,0,0,0,162,3189,3148,442,883,8075
FACE_SWEEP,0,38,1,1,11,11,80,182,182,364,320,22,22,0,1,1,1,80,0,40,11,40,5,0,0,0,0,0,0,0,174,3159,3138,446,881,8059
FACE_SWEEP,0,39,1,1,11,11,80,182,182,364,320,22,22,0,1,1,1,80,0,40,11,40,5,0,0,0,0,0,0,0,163,3184,3176,448,882,8099
FACE_SWEEP,0,40,1,1,11,11,80,182,182,364,320,22,22,0,1,1,1,80,0,40,11,40,5,0,0,0,0,0,0,0,165,3148,3171,436,864,8045
FACE_SWEEP,0,41,1,1,11,11,80,182,182,364,320,22,22,0,1,1,1,80,0,40,11,40,5,0,0,0,0,0,0,0,159,3196,3144,473,885,8091
FACE_SWEEP,0,42,1,1,11,11,80,182,182,364,320,22,22,0,1,1,1,80,0,40,11,40,5,0,0,0,0,0,0,0,168,3173,3149,434,934,8031
FACE_SWEEP,0,43,1,1,11,11,80,182,182,364,320,22,22,0,1,1,1,80,0,40,11,40,5,0,0,0,0,0,0,0,156,3189,3158,436,888,8089
FACE_SWEEP,0,44,1,1,11,11,80,182,182,364,320,22,22,0,1,1,1,80,0,40,11,40,5,0,0,0,0,0,0,0,159,3181,3148,438,926,8053
FACE_SWEEP,0,45,1,1,11,11,80,182,182,364,320,22,22,0,1,1,1,80,0,40,11,40,5,0,0,0,0,0,0,0,150,3177,3212,444,902,8092
FACE_SWEEP,0,46,1,1,11,11,80,182,182,364,320,22,22,0,1,1,1,80,0,40,11,40,5,0,0,0,0,0,0,0,176,3179,3129,438,869,8040
FACE_SWEEP,0,47,1,1,11,11,80,182,182,364,320,22,22,0,1,1,1,80,0,40,11,40,5,0,0,0,0,0,0,0,164,3172,3184,433,889,8087
FACE_SWEEP,0,48,1,1,11,11,80,182,182,364,320,22,22,0,1,1,1,80,0,40,11,40,5,0,0,0,0,0,0,0,161,3145,3182,443,899,8050
FACE_SWEEP,0,49,1,1,11,11,80,182,182,364,320,22,22,0,1,1,1,80,0,40,11,40,5,0,0,0,0,0,0,0,159,3196,3162,454,908,8088
FACE_SWEEP,0,50,1,1,11,11,80,182,182,364,320,22,22,0,1,1,1,80,0,40,11,40,5,0,0,0,0,0,0,0,191,3139,3148,442,885,8043
FACE_SWEEP,0,51,1,1,11,11,80,182,182,364,320,22,22,0,1,1,1,80,0,40,11,40,5,0,0,0,0,0,0,0,199,3148,3149,451,899,8067
FACE_SWEEP,0,52,1,1,11,11,80,182,182,364,320,22,22,0,1,1,1,80,0,40,11,40,5,0,0,0,0,0,0,0,166,3178,3127,437,882,8031
FACE_SWEEP,0,53,1,1,11,11,80,182,182,364,320,22,22,0,1,1,1,80,0,40,11,40,5,0,0,0,0,0,0,0,159,3196,3153,432,897,8067
FACE_SWEEP,0,54,1,1,11,11,80,182,182,364,320,22,22,0,1,1,1,80,0,40,11,40,5,0,0,0,0,0,0,0,168,3141,3184,435,885,8039
MULTI_AXIS,1,0,1,0,11,11,80,182,182,364,320,22,22,0,1,2,2,80,0,40,11,40,5,0,0,0,0,0,0,0,183,3173,3322,557,909,8373
MULTI_AXIS,1,1,1,1,11,11,80,182,182,364,320,22,22,0,1,1,1,80,0,40,11,40,5,0,1,2,3,0,0,9,163,3136,3201,445,917,8067
MULTI_AXIS,1,2,1,1,11,11,80,182,182,364,320,22,22,0,1,2,2,80,0,40,11,40,5,0,1,2,3,0,0,9,160,3198,3344,540,938,8358
MULTI_AXIS,1,3,1,1,11,11,80,182,182,364,320,22,22,0,1,2,2,80,0,40,11,40,5,0,1,2,3,0,0,9,175,3210,3361,540,913,8389
MULTI_AXIS,1,4,1,1,11,11,80,182,182,364,320,22,22,0,1,2,2,80,0,40,11,40,5,0,1,2,3,0,0,9,178,3194,3351,546,912,8367
MULTI_AXIS,0,5,1,1,11,11,80,182,182,364,320,22,22,0,1,2,2,80,0,40,11,40,5,0,1,2,3,0,0,9,156,3157,3434,540,911,8411
MULTI_AXIS,0,6,1,1,11,11,80,182,182,364,320,22,22,0,1,2,2,80,0,40,11,40,5,0,1,2,3,0,0,9,152,3193,3376,540,882,8414
MULTI_AXIS,0,7,1,1,11,11,80,182,182,364,320,22,22,0,1,2,2,80,0,40,11,40,5,0,1,2,3,0,0,9,168,3145,3405,548,946,8380
MULTI_AXIS,0,8,1,1,11,11,80,182,182,364,320,22,22,0,1,2,2,80,0,40,11,40,5,0,1,2,3,0,0,9,165,3164,3346,572,920,8395
MULTI_AXIS,0,9,1,1,11,11,80,182,182,364,320,22,22,0,1,2,2,80,0,40,11,40,5,0,1,2,3,0,0,9,175,3165,3399,550,880,8395
MULTI_AXIS,0,10,1,1,11,11,80,182,182,364,320,22,22,0,1,2,2,80,0,40,11,40,5,0,1,2,3,0,0,9,165,3148,3400,543,951,8376
MULTI_AXIS,0,11,1,1,11,11,80,182,182,364,320,22,22,0,1,2,2,80,0,40,11,40,5,0,1,2,3,0,0,9,163,3158,3422,542,915,8391
MULTI_AXIS,0,12,1,1,11,11,80,182,182,364,320,22,22,0,1,2,2,80,0,40,11,40,5,0,1,2,3,0,0,9,160,3139,3397,537,948,8355
MULTI_AXIS,0,13,1,1,11,11,80,182,182,364,320,22,22,0,1,2,2,80,0,40,11,40,5,0,1,2,3,0,0,9,155,3172,3408,546,863,8396
MULTI_AXIS,0,14,1,1,11,11,80,182,182,364,320,22,22,0,1,2,2,80,0,40,11,40,5,0,1,2,3,0,0,9,158,3188,3338,561,917,8363
MULTI_AXIS,0,15,1,1,11,11,80,182,182,364,320,22,22,0,1,2,2,80,0,40,11,40,5,0,1,2,3,0,0,9,163,3151,3434,541,870,8407
MULTI_AXIS,0,16,1,1,11,11,80,182,182,364,320,22,22,0,1,2,2,80,0,40,11,40,5,0,1,2,3,0,0,9,158,3182,3343,569,908,8359
MULTI_AXIS,0,17,1,1,11,11,80,182,182,364,320,22,22,0,1,2,2,80,0,40,11,40,5,0,1,2,3,0,0,9,161,3195,3384,540,919,8387
MULTI_AXIS,0,18,1,1,11,11,80,182,182,364,320,22,22,0,1,2,2,80,0,40,11,40,5,0,1,2,3,0,0,9,161,3206,3356,555,904,8385
MULTI_AXIS,0,19,1,1,11,11,80,182,182,364,320,22,22,0,1,2,2,80,0,40,11,40,5,0,1,2,3,0,0,9,170,3161,3356,557,852,8389
MULTI_AXIS,0,20,1,1,11,11,80,182,182,364,320,22,22,0,1,2,2,80,0,40,11,40,5,0,1,2,3,0,0,9,167,3178,3410,541,899,8407
MULTI_AXIS,0,21,1,1,11,11,80,182,182,364,320,22,22,0,1,2,2,80,0,40,11,40,5,0,1,2,3,0,0,9,161,3176,3364,560,918,8364
MULTI_AXIS,0,22,1,1,11,11,80,182,182,364,320,22,22,0,1,2,2,80,0,40,11,40,5,0,1,2,3,0,0,9,164,3177,3357,539,911,8399
MULTI_AXIS,0,23,1,1,11,11,80,182,182,364,320,22,22,0,1,2,2,80,0,40,11,40,5,0,1,2,3,0,0,9,158,3186,3327,566,913,8356
MULTI_AXIS,0,24,1,1,11,11,80,182,182,364,320,22,22,0,1,2,2,80,0,40,11,40,5,0,1,2,3,0,0,9,171,3203,3372,542,930,8394
MULTI_AXIS,0,25,1,1,11,11,80,182,182,364,320,22,22,0,1,2,2,80,0,40,11,40,5,0,1,2,3,0,0,9,169,3176,3371,570,919,8396
MULTI_AXIS,0,26,1,1,11,11,80,182,182,364,320,22,22,0,1,2,2,80,0,40,11,40,5,0,1,2,3,0,0,9,160,3141,3393,571,922,8390
MULTI_AXIS,0,27,1,1,11,11,80,182,182,364,320,22,22,0,1,2,2,80,0,40,11,40,5,0,1,2,3,0,0,9,158,3173,3421,541,910,8401
MULTI_AXIS,0,28,1,1,11,11,80,182,182,364,320,22,22,0,1,2,2,80,0,40,11,40,5,0,1,2,3,0,0,9,169,3171,3355,569,924,8407
MULTI_AXIS,0,29,1,1,11,11,80,182,182,364,320,22,22,0,1,1,1,80,0,40,11,40,5,0,1,2,3,0,0,9,165,3204,3164,434,911,8089
MULTI_AXIS,0,30,1,1,11,11,80,182,182,364,320,22,22,0,1,2,2,80,0,40,11,40,5,0,1,2,3,0,0,9,167,3152,3374,532,918,8382
MULTI_AXIS,0,31,1,1,11,11,80,182,182,364,320,22,22,0,1,2,2,80,0,40,11,40,5,0,1,2,3,0,0,9,157,3173,3391,540,908,8389
MULTI_AXIS,0,32,1,1,11,11,80,182,182,364,320,22,22,0,1,2,2,80,0,40,11,40,5,0,1,2,3,0,0,9,162,3164,3365,536,941,8352
MULTI_AXIS,0,33,1,1,11,11,80,182,182,364,320,22,22,0,1,2,2,80,0,40,11,40,5,0,1,2,3,0,0,9,156,3189,3384,539,917,8383
MULTI_AXIS,0,34,1,1,11,11,80,182,182,364,320,22,22,0,1,2,2,80,0,40,11,40,5,0,1,2,3,0,0,9,167,3206,3350,542,950,8368
MULTI_AXIS,0,35,1,1,11,11,80,182,182,364,320,22,22,0,1,2,2,80,0,40,11,40,5,0,1,2,3,0,0,9,170,3133,3431,539,923,8389
MULTI_AXIS,0,36,1,1,11,11,80,182,182,364,320,22,22,0,1,2,2,80,0,40,11,40,5,0,1,2,3,0,0,9,159,3207,3336,552,915,8374
MULTI_AXIS,0,37,1,1,11,11,80,182,182,364,320,22,22,0,1,2,2,80,0,40,11,40,5,0,1,2,3,0,0,9,167,3190,3375,562,915,8402
MULTI_AXIS,0,38,1,1,11,11,80,182,182,364,320,22,22,0,1,2,2,80,0,40,11,40,5,0,1,2,3,0,0,9,159,3176,3373,551,911,8381
MULTI_AXIS,0,39,1,1,11,11,80,182,182,364,320,22,22,0,1,2,2,80,0,40,11,40,5,0,1,2,3,0,0,9,152,3205,3384,552,914,8407
MULTI_AXIS,0,40,1,1,11,11,80,182,182,364,320,22,22,0,1,2,2,80,0,40,11,40,5,0,1,2,3,0,0,9,158,3171,3352,564,922,8380
MULTI_AXIS,0,41,1,1,11,11,80,182,182,364,320,22,22,0,1,2,2,80,0,40,11,40,5,0,1,2,3,0,0,9,162,3158,3415,541,892,8398
MULTI_AXIS,0,42,1,1,11,11,80,182,182,364,320,22,22,0,1,2,2,80,0,40,11,40,5,0,1,2,3,0,0,9,160,3205,3398,542,927,8410
MULTI_AXIS,0,43,1,1,11,11,80,182,182,364,320,22,22,0,1,2,2,80,0,40,11,40,5,0,1,2,3,0,0,9,156,3178,3379,545,898,8410
MULTI_AXIS,0,44,1,1,11,11,80,182,182,364,320,22,22,0,1,2,2,80,0,40,11,40,5,0,1,2,3,0,0,9,160,3154,3424,540,922,8404
MULTI_AXIS,0,45,1,1,11,11,80,182,182,364,320,22,22,0,1,2,2,80,0,40,11,40,5,0,1,2,3,0,0,9,165,3138,3381,573,902,8398
MULTI_AXIS,0,46,1,1,11,11,80,182,182,364,320,22,22,0,1,2,2,80,0,40,11,40,5,0,1,2,3,0,0,9,156,3163,3426,543,920,8401
MULTI_AXIS,0,47,1,1,11,11,80,182,182,364,320,22,22,0,1,2,2,80,0,40,11,40,5,0,1,2,3,0,0,9,158,3127,3410,542,947,8348
MULTI_AXIS,0,48,1,1,11,11,80,182,182,364,320,22,22,0,1,2,2,80,0,40,11,40,5,0,1,2,3,0,0,9,157,3174,3406,544,921,8413
MULTI_AXIS,0,49,1,1,11,11,80,182,182,364,320,22,22,0,1,2,2,80,0,40,11,40,5,0,1,2,3,0,0,9,156,3201,3358,544,950,8361
MULTI_AXIS,0,50,1,1,11,11,80,182,182,364,320,22,22,0,1,2,2,80,0,40,11,40,5,0,1,2,3,0,0,9,163,3210,3378,552,925,8413
MULTI_AXIS,0,51,1,1,11,11,80,182,182,364,320,22,22,0,1,2,2,80,0,40,11,40,5,0,1,2,3,0,0,9,166,3173,3378,572,919,8410
MULTI_AXIS,0,52,1,1,11,11,80,182,182,364,320,22,22,0,1,2,2,80,0,40,11,40,5,0,1,2,3,0,0,9,161,3217,3358,543,906,8405
MULTI_AXIS,0,53,1,1,11,11,80,182,182,364,320,22,22,0,1,2,2,80,0,40,11,40,5,0,1,2,3,0,0,9,171,3165,3405,538,902,8375
MULTI_AXIS,0,54,1,1,11,11,80,182,182,364,320,22,22,0,1,2,2,80,0,40,11,40,5,0,1,2,3,0,0,9,169,3132,3391,573,899,8414
