frame_id,scenario,scale_q100,round,frame,slot_wait_us,controller_us,rt30_us,hierarchy_vertex_us,bounds_us,clear_us,raster_us,cache_sync_us,producer_total_us,publish_consume_us,ppa_wait_us,ppa_blend_us,panel_submit_us,dirty_x,dirty_y,dirty_w,dirty_h,frame_drop,slot_miss,lock_skip,deadline_miss,checksum
6,STATIC,100,1,5,0,8,58,160,3,1362,18512,21,26667,19,7623,0,169,0,0,320,320,0,0,0,0,3940859244
7,STATIC,100,1,6,0,5,40,128,3,1175,18282,21,26342,12,7589,0,153,0,0,320,320,0,0,0,0,3940859244
8,STATIC,100,1,7,0,5,45,127,3,1181,18254,20,26441,19,7719,0,159,0,0,320,320,0,0,0,0,3940859244
9,STATIC,100,1,8,0,5,40,132,3,1155,18414,22,26561,15,7657,0,157,0,0,320,320,0,0,0,0,3940859244
10,STATIC,100,1,9,0,5,45,129,4,1192,18329,31,26535,19,7700,0,167,0,0,320,320,0,0,0,0,3940859244
11,STATIC,100,1,10,0,4,45,127,3,1199,18401,30,26571,12,7680,0,152,0,0,320,320,0,0,0,0,3940859244
12,STATIC,100,1,11,0,5,42,129,3,1179,18332,20,26493,19,7695,0,157,0,0,320,320,0,0,0,0,3940859244
13,STATIC,100,1,12,0,4,42,127,3,1178,18318,22,26537,15,7752,0,166,0,0,320,320,0,0,0,0,3940859244
14,STATIC,100,1,13,0,5,40,128,3,1173,18439,21,26593,11,7679,0,158,0,0,320,320,0,0,0,0,3940859244
15,STATIC,100,1,14,0,5,75,129,3,1175,18278,20,26472,20,7692,0,153,0,0,320,320,0,0,0,0,3940859244
16,STATIC,100,1,15,0,5,47,124,3,1174,18484,22,26631,19,7672,0,157,0,0,320,320,0,0,0,0,3940859244
17,STATIC,100,1,16,0,5,40,129,3,1154,18336,21,26478,19,7681,0,157,0,0,320,320,0,0,0,0,3940859244
18,STATIC,100,1,17,0,5,45,125,3,1181,18319,21,26561,11,7763,0,161,0,0,320,320,0,0,0,0,3940859244
19,STATIC,100,1,18,0,4,46,130,3,1174,18395,21,26559,11,7674,0,157,0,0,320,320,0,0,0,0,3940859244
20,STATIC,100,1,19,0,4,71,129,3,1160,18314,20,26496,12,7682,0,154,0,0,320,320,0,0,0,0,3940859244
21,STATIC,100,1,20,0,5,40,125,3,1146,18508,21,26623,19,7650,0,154,0,0,320,320,0,0,0,0,3940859244
22,STATIC,100,1,21,0,5,44,128,3,1172,18412,21,26529,19,7648,0,157,0,0,320,320,0,0,0,0,3940859244
23,STATIC,100,1,22,0,4,43,129,3,1180,18398,20,26505,19,7634,0,150,0,0,320,320,0,0,0,0,3940859244
24,STATIC,100,1,23,0,5,44,129,3,1177,18529,21,26586,15,7573,0,158,0,0,320,320,0,0,0,0,3940859244
25,STATIC,100,1,24,0,4,76,128,3,1153,18341,21,26398,19,7561,0,153,0,0,320,320,0,0,0,0,3940859244
26,STATIC,100,1,25,0,5,42,128,3,1163,18450,20,26404,12,7476,0,152,0,0,320,320,0,0,0,0,3940859244
27,STATIC,100,1,26,0,16,53,125,3,1179,18398,20,26345,16,7456,0,158,0,0,320,320,0,0,0,0,3940859244
28,STATIC,100,1,27,0,5,46,128,3,1032,18363,22,26216,11,7382,0,150,0,0,320,320,0,0,0,0,3940859244
29,STATIC,100,1,28,0,4,41,137,3,936,18478,21,26184,15,7216,0,155,0,0,320,320,0,0,0,0,3940859244
30,STATIC,100,1,29,0,5,46,127,4,940,18366,30,26083,19,7207,0,184,0,0,320,320,0,0,0,0,3940859244
31,STATIC,100,1,30,0,5,48,106,3,995,18508,21,26235,15,7275,0,158,0,0,320,320,0,0,0,0,3940859244
32,STATIC,100,1,31,0,5,40,98,3,1113,18413,20,26259,20,7405,0,157,0,0,320,320,0,0,0,0,3940859244
33,STATIC,100,1,32,0,4,42,98,3,1193,18320,21,26289,19,7532,0,161,0,0,320,320,0,0,0,0,3940859244
34,STATIC,100,1,33,0,5,43,130,3,1153,18421,21,26333,15,7421,0,152,0,0,320,320,0,0,0,0,3940859244
35,STATIC,100,1,34,0,5,72,128,3,1169,18286,20,26252,42,7460,0,161,0,0,320,320,0,0,0,0,3940859244
36,STATIC,100,1,35,0,5,44,127,3,1180,18419,21,26343,15,7445,0,161,0,0,320,320,0,0,0,0,3940859244
37,STATIC,100,1,36,0,5,44,126,3,1171,18371,21,26300,12,7459,0,160,0,0,320,320,0,0,0,0,3940859244
38,STATIC,100,1,37,0,4,44,128,3,1138,18268,21,26212,15,7477,0,157,0,0,320,320,0,0,0,0,3940859244
39,STATIC,100,1,38,0,4,43,128,3,1179,18410,20,26347,11,7455,0,155,0,0,320,320,0,0,0,0,3940859244
40,STATIC,100,1,39,0,5,67,127,3,1178,18236,20,26201,19,7474,0,177,0,0,320,320,0,0,0,0,3940859244
41,STATIC,100,1,40,0,5,40,125,3,1163,18454,21,26371,15,7448,0,152,0,0,320,320,0,0,0,0,3940859244
42,STATIC,100,1,41,0,5,43,128,4,1183,18319,21,26262,11,7473,0,157,0,0,320,320,0,0,0,0,3940859244
43,STATIC,100,1,42,0,4,44,125,3,1174,18272,20,26323,16,7588,0,161,0,0,320,320,0,0,0,0,3940859244
44,STATIC,100,1,43,0,5,44,129,3,1190,18345,21,26274,16,7464,0,157,0,0,320,320,0,0,0,0,3940859244
45,STATIC,100,1,44,0,4,42,123,3,1148,18275,20,26229,15,7486,0,154,0,0,320,320,0,0,0,0,3940859244
46,STATIC,100,1,45,0,5,42,127,3,1189,18400,20,26338,12,7454,0,156,0,0,320,320,0,0,0,0,3940859244
47,STATIC,100,1,46,0,5,67,127,3,1170,18299,21,26362,15,7565,0,158,0,0,320,320,0,0,0,0,3940859244
48,STATIC,100,1,47,0,5,41,124,3,1147,18370,20,26445,16,7613,0,164,0,0,320,320,0,0,0,0,3940859244
49,STATIC,100,1,48,0,4,54,127,4,1151,18352,20,26513,15,7684,0,158,0,0,320,320,0,0,0,0,3940859244
50,STATIC,100,1,49,0,5,42,127,3,1173,18267,20,26489,20,7750,0,156,0,0,320,320,0,0,0,0,3940859244
56,ALL_14_5,100,1,5,0,57,42,160,3,1376,18044,21,26580,16,7947,0,156,0,0,320,320,0,0,0,0,3575827441
57,ALL_14_5,100,1,6,0,39,40,126,3,1190,18076,20,26280,11,7693,0,158,0,0,320,320,0,0,0,0,3575827441
58,ALL_14_5,100,1,7,0,39,43,129,4,1220,17994,20,26141,16,7637,0,196,0,0,320,320,0,0,0,0,3575827441
59,ALL_14_5,100,1,8,0,41,40,124,3,1180,18045,21,26143,15,7597,0,161,0,0,320,320,0,0,0,0,3575827441
60,ALL_14_5,100,1,9,0,38,44,128,3,1158,17986,20,26285,12,7594,0,160,0,0,320,320,0,0,0,0,3575827441
61,ALL_14_5,100,1,10,0,42,39,129,3,1190,17930,22,26075,15,7645,0,157,0,0,320,320,0,0,0,0,3575827441
62,ALL_14_5,100,1,11,0,42,41,128,3,1193,18086,21,26198,16,7610,0,157,0,0,320,320,0,0,0,0,3575827441
63,ALL_14_5,100,1,12,0,38,46,130,3,1157,17960,21,26137,15,7665,0,158,0,0,320,320,0,0,0,0,3575827441
64,ALL_14_5,100,1,13,0,38,40,129,3,1189,18091,21,26180,12,7583,0,158,0,0,320,320,0,0,0,0,3575827441
65,ALL_14_5,100,1,14,0,38,40,132,3,1166,17962,20,25957,30,7474,0,154,0,0,320,320,0,0,0,0,3575827441
66,ALL_14_5,100,1,15,0,39,41,129,3,1180,18092,20,26202,12,7600,0,157,0,0,320,320,0,0,0,0,3575827441
67,ALL_14_5,100,1,16,0,42,42,130,3,1169,17938,21,26057,16,7580,0,197,0,0,320,320,0,0,0,0,3575827441
68,ALL_14_5,100,1,17,0,39,44,125,3,1164,18067,21,26131,11,7555,0,152,0,0,320,320,0,0,0,0,3575827441
69,ALL_14_5,100,1,18,0,42,42,129,3,1195,17983,20,25968,16,7470,0,162,0,0,320,320,0,0,0,0,3575827441
70,ALL_14_5,100,1,19,0,43,41,129,3,1178,18021,21,26101,19,7573,0,161,0,0,320,320,0,0,0,0,3575827441
71,ALL_14_5,100,1,20,0,41,43,130,3,1195,18028,21,26157,19,7621,0,157,0,0,320,320,0,0,0,0,3575827441
72,ALL_14_5,100,1,21,0,38,40,127,3,1180,17956,20,26066,15,7601,0,150,0,0,320,320,0,0,0,0,3575827441
73,ALL_14_5,100,1,22,0,38,41,129,3,1194,18148,22,26254,15,7607,0,157,0,0,320,320,0,0,0,0,3575827441
74,ALL_14_5,100,1,23,0,39,40,129,3,1184,17913,20,26111,16,7697,0,159,0,0,320,320,0,0,0,0,3575827441
75,ALL_14_5,100,1,24,0,38,44,128,3,1162,18060,21,26090,15,7525,0,156,0,0,320,320,0,0,0,0,3575827441
76,ALL_14_5,100,1,25,0,39,42,125,4,1195,17972,21,26148,12,7668,0,153,0,0,320,320,0,0,0,0,3575827441
77,ALL_14_5,100,1,26,0,39,41,128,3,1183,18080,21,26171,15,7586,0,164,0,0,320,320,0,0,0,0,3575827441
78,ALL_14_5,100,1,27,0,38,40,133,3,1159,17955,21,26028,16,7540,0,157,0,0,320,320,0,0,0,0,3575827441
79,ALL_14_5,100,1,28,0,39,40,126,3,1194,18081,22,26193,15,7608,0,161,0,0,320,320,0,0,0,0,3575827441
80,ALL_14_5,100,1,29,0,42,49,123,4,1206,17931,48,26043,15,7578,0,162,0,0,320,320,0,0,0,0,3575827441
81,ALL_14_5,100,1,30,0,38,40,128,3,1183,18047,21,26253,15,7702,0,157,0,0,320,320,0,0,0,0,3575827441
82,ALL_14_5,100,1,31,0,41,45,130,3,1211,17999,47,26128,16,7593,0,199,0,0,320,320,0,0,0,0,3575827441
83,ALL_14_5,100,1,32,0,39,44,128,3,1185,18096,20,26188,16,7588,0,165,0,0,320,320,0,0,0,0,3575827441
84,ALL_14_5,100,1,33,0,38,40,130,3,1181,18017,21,26116,16,7597,0,157,0,0,320,320,0,0,0,0,3575827441
85,ALL_14_5,100,1,34,0,38,46,130,3,1163,17940,22,26078,15,7612,0,154,0,0,320,320,0,0,0,0,3575827441
86,ALL_14_5,100,1,35,0,39,40,129,3,1188,18093,21,26202,20,7599,0,154,0,0,320,320,0,0,0,0,3575827441
87,ALL_14_5,100,1,36,0,38,44,129,3,1155,17953,20,26127,12,7666,0,152,0,0,320,320,0,0,0,0,3575827441
88,ALL_14_5,100,1,37,0,38,40,126,3,1185,18119,21,26220,15,7599,0,154,0,0,320,320,0,0,0,0,3575827441
89,ALL_14_5,100,1,38,0,42,43,129,3,1224,17918,29,25939,19,7511,0,158,0,0,320,320,0,0,0,0,3575827441
90,ALL_14_5,100,1,39,0,42,40,128,3,1190,18097,20,26197,16,7591,0,157,0,0,320,320,0,0,0,0,3575827441
91,ALL_14_5,100,1,40,0,38,41,127,3,1216,17961,21,26108,15,7635,0,185,0,0,320,320,0,0,0,0,3575827441
92,ALL_14_5,100,1,41,0,39,44,129,3,1178,18030,20,26078,15,7542,0,161,0,0,320,320,0,0,0,0,3575827441
93,ALL_14_5,100,1,42,0,38,41,130,3,1222,18016,21,26164,20,7636,0,188,0,0,320,320,0,0,0,0,3575827441
94,ALL_14_5,100,1,43,0,41,41,125,3,1190,18031,22,26124,15,7587,0,153,0,0,320,320,0,0,0,0,3575827441
95,ALL_14_5,100,1,44,0,38,40,127,3,1184,18028,20,26133,16,7602,0,162,0,0,320,320,0,0,0,0,3575827441
96,ALL_14_5,100,1,45,0,39,41,127,4,1151,17917,21,25932,19,7516,0,151,0,0,320,320,0,0,0,0,3575827441
97,ALL_14_5,100,1,46,0,39,44,128,4,1166,18050,21,26137,11,7582,0,160,0,0,320,320,0,0,0,0,3575827441
98,ALL_14_5,100,1,47,0,42,45,129,4,1184,17951,21,26184,15,7708,0,149,0,0,320,320,0,0,0,0,3575827441
99,ALL_14_5,100,1,48,0,38,42,128,3,1182,18110,20,26176,15,7564,0,160,0,0,320,320,0,0,0,0,3575827441
100,ALL_14_5,100,1,49,0,38,41,127,3,1218,17957,20,25956,22,7487,0,170,0,0,320,320,0,0,0,0,3575827441
106,ALL_29,100,1,5,0,57,55,159,4,1367,18449,21,26876,15,7853,0,176,0,0,320,320,0,0,0,0,271841953
107,ALL_29,100,1,6,0,41,40,126,4,1170,18198,20,26391,12,7652,0,161,0,0,320,320,0,0,0,0,271841953
108,ALL_29,100,1,7,0,42,43,126,3,1189,18373,22,26561,12,7667,0,157,0,0,320,320,0,0,0,0,271841953
109,ALL_29,100,1,8,0,42,42,129,3,1186,18306,22,26511,19,7681,0,156,0,0,320,320,0,0,0,0,271841953
110,ALL_29,100,1,9,0,38,43,129,3,1177,18228,21,26476,12,7724,0,165,0,0,320,320,0,0,0,0,271841953
111,ALL_29,100,1,10,0,42,43,129,3,1177,18335,22,26511,15,7648,0,165,0,0,320,320,0,0,0,0,271841953
112,ALL_29,100,1,11,0,38,48,120,3,1205,18259,47,26452,12,7666,0,161,0,0,320,320,0,0,0,0,271841953
113,ALL_29,100,1,12,0,39,45,124,3,1180,18463,21,26609,16,7648,0,164,0,0,320,320,0,0,0,0,271841953
114,ALL_29,100,1,13,0,38,45,129,3,1194,18324,21,26536,15,7680,0,153,0,0,320,320,0,0,0,0,271841953
115,ALL_29,100,1,14,0,38,45,128,3,1180,18233,20,26449,16,7712,0,165,0,0,320,320,0,0,0,0,271841953
116,ALL_29,100,1,15,0,38,45,129,3,1184,18370,21,26559,11,7666,0,153,0,0,320,320,0,0,0,0,271841953
117,ALL_29,100,1,16,0,38,40,125,3,1219,18320,22,26509,15,7688,0,161,0,0,320,320,0,0,0,0,271841953
118,ALL_29,100,1,17,0,39,40,127,3,1188,18494,21,26638,19,7647,0,157,0,0,320,320,0,0,0,0,271841953
119,ALL_29,100,1,18,0,39,40,127,4,1193,18367,20,26456,12,7575,0,161,0,0,320,320,0,0,0,0,271841953
120,ALL_29,100,1,19,0,38,42,129,3,1147,18284,21,26619,19,7598,0,157,0,0,320,320,0,0,0,0,271841953
121,ALL_29,100,1,20,0,38,39,126,3,1186,18410,22,26471,15,7561,0,156,0,0,320,320,0,0,0,0,271841953
122,ALL_29,100,1,21,0,38,45,127,3,1214,18313,48,26322,15,7473,0,153,0,0,320,320,0,0,0,0,271841953
123,ALL_29,100,1,22,0,38,45,124,3,1187,18472,22,26404,15,7416,0,161,0,0,320,320,0,0,0,0,271841953
124,ALL_29,100,1,23,0,41,45,126,3,1059,18368,22,26189,11,7306,0,165,0,0,320,320,0,0,0,0,271841953
125,ALL_29,100,1,24,0,42,44,141,3,939,18290,20,26087,12,7272,0,150,0,0,320,320,0,0,0,0,271841953
126,ALL_29,100,1,25,0,41,41,125,3,1194,18361,21,26313,11,7440,0,160,0,0,320,320,0,0,0,0,271841953
127,ALL_29,100,1,26,0,42,47,128,3,1103,18347,20,26264,12,7405,0,157,0,0,320,320,0,0,0,0,271841953
128,ALL_29,100,1,27,0,38,41,136,3,975,18395,20,26142,12,7233,0,158,0,0,320,320,0,0,0,0,271841953
129,ALL_29,100,1,28,0,42,42,129,3,898,18280,29,25964,24,7135,0,169,0,0,320,320,0,0,0,0,271841953
130,ALL_29,100,1,29,0,41,43,128,3,1199,18418,20,26387,12,7455,0,162,0,0,320,320,0,0,0,0,271841953
131,ALL_29,100,1,30,0,38,41,153,3,1029,18295,21,26114,19,7283,0,184,0,0,320,320,0,0,0,0,271841953
132,ALL_29,100,1,31,0,38,48,135,3,910,18407,29,26086,16,7153,0,157,0,0,320,320,0,0,0,0,271841953
133,ALL_29,100,1,32,0,49,52,126,3,1156,18272,47,26235,16,7415,0,154,0,0,320,320,0,0,0,0,271841953
134,ALL_29,100,1,33,0,42,40,126,3,1096,18459,20,26306,16,7336,0,168,0,0,320,320,0,0,0,0,271841953
135,ALL_29,100,1,34,0,49,44,140,3,955,18299,22,26033,15,7209,0,164,0,0,320,320,0,0,0,0,271841953
136,ALL_29,100,1,35,0,42,40,127,3,1205,18438,21,26407,15,7462,0,157,0,0,320,320,0,0,0,0,271841953
137,ALL_29,100,1,36,0,38,50,124,3,1171,18351,20,26290,16,7410,0,161,0,0,320,320,0,0,0,0,271841953
138,ALL_29,100,1,37,0,42,46,125,3,993,18294,21,26120,12,7314,0,161,0,0,320,320,0,0,0,0,271841953
139,ALL_29,100,1,38,0,38,49,133,3,884,18420,21,26084,12,7136,0,153,0,0,320,320,0,0,0,0,271841953
140,ALL_29,100,1,39,0,39,42,129,3,1178,18326,21,26334,16,7467,0,158,0,0,320,320,0,0,0,0,271841953
141,ALL_29,100,1,40,0,38,40,125,3,1063,18468,20,26288,19,7309,0,153,0,0,320,320,0,0,0,0,271841953
142,ALL_29,100,1,41,0,38,51,135,3,939,18281,21,26022,11,7172,0,162,0,0,320,320,0,0,0,0,271841953
143,ALL_29,100,1,42,0,41,43,126,3,1182,18355,21,26292,19,7420,0,158,0,0,320,320,0,0,0,0,271841953
144,ALL_29,100,1,43,0,38,66,127,3,1130,18309,20,26236,16,7394,0,158,0,0,320,320,0,0,0,0,271841953
145,ALL_29,100,1,44,0,42,46,132,3,978,18435,21,26167,20,7221,0,154,0,0,320,320,0,0,0,0,271841953
146,ALL_29,100,1,45,0,42,49,131,3,896,18345,30,26017,15,7141,0,161,0,0,320,320,0,0,0,0,271841953
147,ALL_29,100,1,46,0,42,43,127,4,1167,18445,20,26363,16,7411,0,158,0,0,320,320,0,0,0,0,271841953
148,ALL_29,100,1,47,0,38,43,128,3,1006,18335,21,26117,19,7278,0,157,0,0,320,320,0,0,0,0,271841953
149,ALL_29,100,1,48,0,42,51,133,3,909,18289,20,26046,16,7244,0,160,0,0,320,320,0,0,0,0,271841953
150,ALL_29,100,1,49,0,42,43,129,3,1188,18400,21,26343,19,7434,0,165,0,0,320,320,0,0,0,0,271841953
156,EYE_L_SWEEP,100,1,5,0,49,602,4714,3,1342,18426,20,31739,16,7629,0,154,0,0,320,320,0,0,0,0,3738640050
157,EYE_L_SWEEP,100,1,6,0,37,727,4685,3,1570,18208,22,31889,20,7933,0,148,0,0,320,320,0,0,0,0,3738640050
158,EYE_L_SWEEP,100,1,7,0,38,736,4695,3,1594,18251,20,31891,16,7876,0,155,0,0,320,320,0,0,0,0,3738640050
159,EYE_L_SWEEP,100,1,8,0,47,729,4692,3,1554,18191,22,31820,15,7864,0,149,0,0,320,320,0,0,0,0,3738640050
160,EYE_L_SWEEP,100,1,9,0,37,730,4698,3,1578,18296,22,31922,23,7866,0,153,0,0,320,320,0,0,0,0,3738640050
161,EYE_L_SWEEP,100,1,10,0,38,758,4697,3,1550,18224,20,31844,15,7834,0,192,0,0,320,320,0,0,0,0,3738640050
162,EYE_L_SWEEP,100,1,11,0,38,714,4700,3,1581,18255,21,31894,15,7882,0,150,0,0,320,320,0,0,0,0,3738640050
163,EYE_L_SWEEP,100,1,12,0,38,724,4683,3,1588,18176,21,31776,16,7869,0,148,0,0,320,320,0,0,0,0,3738640050
164,EYE_L_SWEEP,100,1,13,0,38,725,4683,3,1588,18141,20,31850,12,7970,0,159,0,0,320,320,0,0,0,0,3738640050
165,EYE_L_SWEEP,100,1,14,0,37,735,4679,3,1572,18194,20,31819,11,7880,0,158,0,0,320,320,0,0,0,0,3738640050
166,EYE_L_SWEEP,100,1,15,0,37,717,4698,3,1579,18083,22,31791,11,7961,0,163,0,0,320,320,0,0,0,0,3738640050
167,EYE_L_SWEEP,100,1,16,0,37,732,4679,3,1599,18245,22,31875,15,7884,0,171,0,0,320,320,0,0,0,0,3738640050
168,EYE_L_SWEEP,100,1,17,0,37,726,4694,3,1568,18172,21,31849,16,7934,0,162,0,0,320,320,0,0,0,0,3738640050
169,EYE_L_SWEEP,100,1,18,0,37,731,4694,3,1572,18360,20,31957,12,7842,0,154,0,0,320,320,0,0,0,0,3738640050
170,EYE_L_SWEEP,100,1,19,0,37,727,4683,3,1590,18278,21,31899,16,7865,0,153,0,0,320,320,0,0,0,0,3738640050
171,EYE_L_SWEEP,100,1,20,0,41,720,4680,4,1589,18359,21,31960,15,7869,0,167,0,0,320,320,0,0,0,0,3738640050
172,EYE_L_SWEEP,100,1,21,0,38,760,4696,3,1579,18258,20,31899,16,7862,0,183,0,0,320,320,0,0,0,0,3738640050
173,EYE_L_SWEEP,100,1,22,0,38,715,4695,4,1583,18422,20,32023,16,7858,0,162,0,0,320,320,0,0,0,0,3738640050
174,EYE_L_SWEEP,100,1,23,0,37,750,4663,3,1606,18351,21,31977,11,7888,0,160,0,0,320,320,0,0,0,0,3738640050
175,EYE_L_SWEEP,100,1,24,0,42,724,4692,3,1625,18438,21,32096,15,7911,0,159,0,0,320,320,0,0,0,0,3738640050
176,EYE_L_SWEEP,100,1,25,0,38,705,4696,3,1569,18390,21,31980,11,7858,0,162,0,0,320,320,0,0,0,0,3738640050
177,EYE_L_SWEEP,100,1,26,0,37,722,4680,3,1588,18393,20,32004,16,7875,0,167,0,0,320,320,0,0,0,0,3738640050
178,EYE_L_SWEEP,100,1,27,0,37,722,4697,3,1578,18377,20,32010,16,7875,0,162,0,0,320,320,0,0,0,0,3738640050
179,EYE_L_SWEEP,100,1,28,0,38,730,4691,4,1575,18236,20,31911,16,7924,0,153,0,0,320,320,0,0,0,0,3738640050
180,EYE_L_SWEEP,100,1,29,0,38,724,4688,3,1578,18359,20,32134,12,7853,0,149,0,0,320,320,0,0,0,0,3738640050
181,EYE_L_SWEEP,100,1,30,0,46,716,4687,3,1580,18237,23,31851,15,7869,0,162,0,0,320,320,0,0,0,0,3738640050
182,EYE_L_SWEEP,100,1,31,0,37,731,4697,3,1570,18360,21,31988,20,7870,0,163,0,0,320,320,0,0,0,0,3738640050
183,EYE_L_SWEEP,100,1,32,0,38,749,4674,3,1590,18218,21,31866,15,7875,0,165,0,0,320,320,0,0,0,0,3738640050
184,EYE_L_SWEEP,100,1,33,0,38,716,4681,3,1577,18301,21,31898,11,7861,0,158,0,0,320,320,0,0,0,0,3738640050
185,EYE_L_SWEEP,100,1,34,0,38,751,4662,4,1566,18194,21,31784,16,7845,0,162,0,0,320,320,0,0,0,0,3738640050
186,EYE_L_SWEEP,100,1,35,0,37,727,4710,3,1616,18293,21,31971,15,7914,0,163,0,0,320,320,0,0,0,0,3738640050
187,EYE_L_SWEEP,100,1,36,0,38,726,4694,4,1579,18182,20,31802,20,7849,0,165,0,0,320,320,0,0,0,0,3738640050
188,EYE_L_SWEEP,100,1,37,0,37,716,4682,3,1574,18086,21,31833,15,8016,0,151,0,0,320,320,0,0,0,0,3738640050
189,EYE_L_SWEEP,100,1,38,0,37,733,4687,3,1589,18203,21,31837,16,7883,0,157,0,0,320,320,0,0,0,0,3738640050
190,EYE_L_SWEEP,100,1,39,0,37,716,4685,3,1585,18182,22,31860,15,7948,0,159,0,0,320,320,0,0,0,0,3738640050
191,EYE_L_SWEEP,100,1,40,0,37,720,4672,3,1600,18287,20,31899,15,7881,0,175,0,0,320,320,0,0,0,0,3738640050
192,EYE_L_SWEEP,100,1,41,0,38,731,4685,3,1580,18145,28,31836,15,7947,0,150,0,0,320,320,0,0,0,0,3738640050
193,EYE_L_SWEEP,100,1,42,0,37,732,4692,3,1576,18351,21,31949,15,7841,0,163,0,0,320,320,0,0,0,0,3738640050
194,EYE_L_SWEEP,100,1,43,0,38,726,4667,3,1596,18231,21,31834,15,7881,0,154,0,0,320,320,0,0,0,0,3738640050
195,EYE_L_SWEEP,100,1,44,0,38,731,4677,3,1572,18401,21,31993,15,7853,0,159,0,0,320,320,0,0,0,0,3738640050
196,EYE_L_SWEEP,100,1,45,0,37,750,4677,3,1576,18293,21,31916,11,7863,0,183,0,0,320,320,0,0,0,0,3738640050
197,EYE_L_SWEEP,100,1,46,0,38,716,4687,3,1582,18438,20,32051,16,7872,0,158,0,0,320,320,0,0,0,0,3738640050
198,EYE_L_SWEEP,100,1,47,0,45,747,4654,3,1591,18338,20,31966,16,7887,0,161,0,0,320,320,0,0,0,0,3738640050
199,EYE_L_SWEEP,100,1,48,0,37,720,4690,3,1615,18454,20,32113,15,7878,0,158,0,0,320,320,0,0,0,0,3738640050
200,EYE_L_SWEEP,100,1,49,0,37,713,4685,3,1587,18355,21,31953,16,7874,0,158,0,0,320,320,0,0,0,0,3738640050
206,EYE_R_SWEEP,100,1,5,0,85,620,4738,3,1364,18388,21,31802,16,7647,0,154,0,0,320,320,0,0,0,0,4021154637
207,EYE_R_SWEEP,100,1,6,0,38,725,4698,3,1573,18293,21,31920,11,7872,0,153,0,0,320,320,0,0,0,0,4021154637
208,EYE_R_SWEEP,100,1,7,0,37,729,4697,3,1573,18178,22,31869,11,7937,0,153,0,0,320,320,0,0,0,0,4021154637
209,EYE_R_SWEEP,100,1,8,0,37,742,4674,3,1580,18287,21,31898,19,7868,0,157,0,0,320,320,0,0,0,0,4021154637
210,EYE_R_SWEEP,100,1,9,0,38,731,4677,4,1590,18231,20,31858,15,7882,0,161,0,0,320,320,0,0,0,0,4021154637
211,EYE_R_SWEEP,100,1,10,0,42,729,4685,3,1591,18274,21,31892,15,7867,0,160,0,0,320,320,0,0,0,0,4021154637
212,EYE_R_SWEEP,100,1,11,0,37,748,4648,3,1601,18159,20,31815,16,7907,0,161,0,0,320,320,0,0,0,0,4021154637
213,EYE_R_SWEEP,100,1,12,0,38,718,4681,3,1595,18290,20,31912,12,7895,0,154,0,0,320,320,0,0,0,0,4021154637
214,EYE_R_SWEEP,100,1,13,0,37,717,4686,3,1595,18143,21,31753,15,7880,0,154,0,0,320,320,0,0,0,0,4021154637
215,EYE_R_SWEEP,100,1,14,0,41,713,4683,3,1568,18107,22,31773,19,7938,0,157,0,0,320,320,0,0,0,0,4021154637
216,EYE_R_SWEEP,100,1,15,0,38,722,4687,3,1569,18231,20,31823,20,7857,0,154,0,0,320,320,0,0,0,0,4021154637
217,EYE_R_SWEEP,100,1,16,0,37,742,4685,3,1555,18179,22,31792,15,7858,0,153,0,0,320,320,0,0,0,0,4021154637
218,EYE_R_SWEEP,100,1,17,0,37,729,4676,3,1587,18317,28,31935,16,7887,0,151,0,0,320,320,0,0,0,0,4021154637
219,EYE_R_SWEEP,100,1,18,0,41,750,4655,3,1575,18257,21,31862,15,7867,0,158,0,0,320,320,0,0,0,0,4021154637
220,EYE_R_SWEEP,100,1,19,0,37,731,4687,3,1612,18388,20,32069,20,7926,0,166,0,0,320,320,0,0,0,0,4021154637
221,EYE_R_SWEEP,100,1,20,0,38,719,4671,3,1581,18241,22,31832,15,7864,0,158,0,0,320,320,0,0,0,0,4021154637
222,EYE_R_SWEEP,100,1,21,0,37,723,4665,3,1574,18258,22,31889,16,7915,0,175,0,0,320,320,0,0,0,0,4021154637
223,EYE_R_SWEEP,100,1,22,0,42,736,4681,3,1568,18333,21,31935,15,7858,0,158,0,0,320,320,0,0,0,0,4021154637
224,EYE_R_SWEEP,100,1,23,0,37,719,4685,3,1559,18306,21,31965,15,7915,0,162,0,0,320,320,0,0,0,0,4021154637
225,EYE_R_SWEEP,100,1,24,0,38,732,4669,3,1587,18417,21,32026,19,7872,0,171,0,0,320,320,0,0,0,0,4021154637
226,EYE_R_SWEEP,100,1,25,0,38,725,4690,3,1580,18331,22,32004,15,7934,0,154,0,0,320,320,0,0,0,0,4021154637
227,EYE_R_SWEEP,100,1,26,0,37,719,4689,3,1568,18424,20,32011,19,7856,0,162,0,0,320,320,0,0,0,0,4021154637
228,EYE_R_SWEEP,100,1,27,0,38,727,4664,4,1581,18357,20,31945,16,7867,0,157,0,0,320,320,0,0,0,0,4021154637
229,EYE_R_SWEEP,100,1,28,0,38,729,4687,3,1579,18394,21,32004,20,7865,0,159,0,0,320,320,0,0,0,0,4021154637
230,EYE_R_SWEEP,100,1,29,0,37,742,4678,3,1596,18247,51,31887,16,7892,0,155,0,0,320,320,0,0,0,0,4021154637
231,EYE_R_SWEEP,100,1,30,0,37,723,4685,3,1571,18357,20,31946,12,7848,0,167,0,0,320,320,0,0,0,0,4021154637
232,EYE_R_SWEEP,100,1,31,0,47,765,4654,3,1574,18279,21,31905,16,7870,0,161,0,0,320,320,0,0,0,0,4021154637
233,EYE_R_SWEEP,100,1,32,0,37,735,4687,3,1600,18313,21,31962,15,7895,0,162,0,0,320,320,0,0,0,0,4021154637
234,EYE_R_SWEEP,100,1,33,0,38,715,4685,3,1579,18159,21,31755,12,7866,0,159,0,0,320,320,0,0,0,0,4021154637
235,EYE_R_SWEEP,100,1,34,0,37,710,4689,3,1558,18165,22,31832,11,7934,0,155,0,0,320,320,0,0,0,0,4021154637
236,EYE_R_SWEEP,100,1,35,0,46,733,4695,4,1573,18238,21,31857,12,7856,0,163,0,0,320,320,0,0,0,0,4021154637
237,EYE_R_SWEEP,100,1,36,0,38,719,4701,4,1560,18116,22,31794,15,7930,0,153,0,0,320,320,0,0,0,0,4021154637
238,EYE_R_SWEEP,100,1,37,0,37,719,4690,3,1577,18233,21,31876,12,7899,0,154,0,0,320,320,0,0,0,0,4021154637
239,EYE_R_SWEEP,100,1,38,0,37,729,4699,3,1580,18120,20,31747,12,7865,0,153,0,0,320,320,0,0,0,0,4021154637
240,EYE_R_SWEEP,100,1,39,0,37,720,4698,3,1573,18271,21,32106,12,7869,0,162,0,0,320,320,0,0,0,0,4021154637
241,EYE_R_SWEEP,100,1,40,0,37,743,4690,3,1575,18154,21,31799,12,7869,0,161,0,0,320,320,0,0,0,0,4021154637
242,EYE_R_SWEEP,100,1,41,0,38,727,4673,3,1574,18315,21,31910,12,7868,0,159,0,0,320,320,0,0,0,0,4021154637
243,EYE_R_SWEEP,100,1,42,0,38,749,4657,3,1572,18216,21,31815,15,7866,0,163,0,0,320,320,0,0,0,0,4021154637
244,EYE_R_SWEEP,100,1,43,0,37,727,4690,3,1612,18370,20,32027,16,7905,0,159,0,0,320,320,0,0,0,0,4021154637
245,EYE_R_SWEEP,100,1,44,0,37,719,4683,3,1582,18252,21,31858,12,7865,0,153,0,0,320,320,0,0,0,0,4021154637
246,EYE_R_SWEEP,100,1,45,0,38,725,4681,3,1572,18275,21,31921,12,7909,0,162,0,0,320,320,0,0,0,0,4021154637
247,EYE_R_SWEEP,100,1,46,0,37,737,4685,3,1590,18347,21,31982,15,7879,0,161,0,0,320,320,0,0,0,0,4021154637
248,EYE_R_SWEEP,100,1,47,0,37,716,4690,3,1559,18271,21,31918,18,7900,0,159,0,0,320,320,0,0,0,0,4021154637
249,EYE_R_SWEEP,100,1,48,0,37,721,4676,3,1603,18356,21,31992,20,7903,0,165,0,0,320,320,0,0,0,0,4021154637
250,EYE_R_SWEEP,100,1,49,0,37,721,4699,3,1578,18332,21,32021,15,7942,0,153,0,0,320,320,0,0,0,0,4021154637
256,NECK_SWEEP,100,1,5,0,52,626,4932,3,1323,18598,20,32169,19,7656,0,161,0,0,320,320,0,0,0,0,2076932705
257,NECK_SWEEP,100,1,6,0,38,749,4915,3,1571,18571,21,32579,15,7996,0,157,0,0,320,320,0,0,0,0,2076932705
258,NECK_SWEEP,100,1,7,0,38,744,4932,4,1568,18635,21,32617,11,7972,0,153,0,0,320,320,0,0,0,0,2076932705
259,NECK_SWEEP,100,1,8,0,37,737,4918,3,1584,18525,30,32634,16,8108,0,153,0,0,320,320,0,0,0,0,2076932705
260,NECK_SWEEP,100,1,9,0,64,738,4928,3,1577,18589,21,32713,21,8099,0,153,0,0,320,320,0,0,0,0,2076932705
261,NECK_SWEEP,100,1,10,0,37,778,4903,3,1589,18431,20,32562,12,8110,0,166,0,0,320,320,0,0,0,0,2076932705
262,NECK_SWEEP,100,1,11,0,38,638,4906,4,1575,18546,21,32509,11,8084,0,148,0,0,320,320,0,0,0,0,2076932705
263,NECK_SWEEP,100,1,12,0,37,622,4894,3,1573,18412,21,32431,20,8172,0,158,0,0,320,320,0,0,0,0,2076932705
264,NECK_SWEEP,100,1,13,0,38,703,4669,4,1531,18490,20,32260,19,8066,0,165,0,0,320,320,0,0,0,0,2076932705
265,NECK_SWEEP,100,1,14,0,37,739,4889,3,1485,18359,22,32378,11,8061,0,151,0,0,320,320,0,0,0,0,2076932705
266,NECK_SWEEP,100,1,15,0,37,731,4887,3,1491,18495,20,32485,12,8027,0,154,0,0,320,320,0,0,0,0,2076932705
267,NECK_SWEEP,100,1,16,0,37,712,4886,3,1490,18425,20,32434,12,8014,0,165,0,0,320,320,0,0,0,0,2076932705
268,NECK_SWEEP,100,1,17,0,37,733,4894,3,1585,18458,20,32409,19,7983,0,157,0,0,320,320,0,0,0,0,2076932705
269,NECK_SWEEP,100,1,18,0,37,735,4904,3,1604,18572,21,32436,19,7893,0,159,0,0,320,320,0,0,0,0,2076932705
270,NECK_SWEEP,100,1,19,0,37,748,4911,3,1594,18472,21,32358,12,7890,0,181,0,0,320,320,0,0,0,0,2076932705
271,NECK_SWEEP,100,1,20,0,38,735,4922,3,1575,18507,21,32348,15,7858,0,157,0,0,320,320,0,0,0,0,2076932705
272,NECK_SWEEP,100,1,21,0,38,779,4914,3,1577,18493,21,32373,11,7866,0,161,0,0,320,320,0,0,0,0,2076932705
273,NECK_SWEEP,100,1,22,0,37,743,4894,3,1573,18606,21,32436,19,7866,0,160,0,0,320,320,0,0,0,0,2076932705
274,NECK_SWEEP,100,1,23,0,37,767,4913,3,1573,18488,21,32355,19,7860,0,161,0,0,320,320,0,0,0,0,2076932705
275,NECK_SWEEP,100,1,24,0,38,744,4906,3,1575,18542,21,32369,12,7843,0,153,0,0,320,320,0,0,0,0,2076932705
276,NECK_SWEEP,100,1,25,0,37,756,4915,3,1584,18441,22,32387,19,7950,0,158,0,0,320,320,0,0,0,0,2076932705
277,NECK_SWEEP,100,1,26,0,37,752,4911,3,1588,18555,29,32429,12,7864,0,161,0,0,320,320,0,0,0,0,2076932705
278,NECK_SWEEP,100,1,27,0,38,766,4918,3,1580,18532,21,32451,11,7910,0,161,0,0,320,320,0,0,0,0,2076932705
279,NECK_SWEEP,100,1,28,0,38,748,4906,4,1591,18533,20,32414,11,7892,0,161,0,0,320,320,0,0,0,0,2076932705
280,NECK_SWEEP,100,1,29,0,38,757,4919,3,1584,18585,21,32483,15,7889,0,167,0,0,320,320,0,0,0,0,2076932705
281,NECK_SWEEP,100,1,30,0,38,758,4917,4,1586,18499,29,32458,19,7953,0,157,0,0,320,320,0,0,0,0,2076932705
282,NECK_SWEEP,100,1,31,0,45,755,4915,3,1575,18628,22,32613,15,7977,0,157,0,0,320,320,0,0,0,0,2076932705
283,NECK_SWEEP,100,1,32,0,37,783,4876,3,1584,18451,20,32502,11,8032,0,173,0,0,320,320,0,0,0,0,2076932705
284,NECK_SWEEP,100,1,33,0,37,740,4914,3,1589,18548,21,32649,11,8106,0,157,0,0,320,320,0,0,0,0,2076932705
285,NECK_SWEEP,100,1,34,0,37,777,4899,3,1588,18448,21,32658,12,8190,0,149,0,0,320,320,0,0,0,0,2076932705
286,NECK_SWEEP,100,1,35,0,37,750,4907,3,1583,18468,21,32574,11,8118,0,154,0,0,320,320,0,0,0,0,2076932705
287,NECK_SWEEP,100,1,36,0,37,625,4910,3,1588,18429,21,32468,15,8170,0,153,0,0,320,320,0,0,0,0,2076932705
288,NECK_SWEEP,100,1,37,0,37,641,4675,3,1552,18446,21,32166,19,8075,0,164,0,0,320,320,0,0,0,0,2076932705
289,NECK_SWEEP,100,1,38,0,38,684,4883,4,1562,18425,21,32440,12,8067,0,166,0,0,320,320,0,0,0,0,2076932705
290,NECK_SWEEP,100,1,39,0,38,744,4893,4,1461,18488,21,32427,12,7969,0,156,0,0,320,320,0,0,0,0,2076932705
291,NECK_SWEEP,100,1,40,0,37,738,4893,3,1469,18541,22,32504,11,7989,0,149,0,0,320,320,0,0,0,0,2076932705
292,NECK_SWEEP,100,1,41,0,37,698,4895,3,1525,18497,21,32467,15,8037,0,185,0,0,320,320,0,0,0,0,2076932705
293,NECK_SWEEP,100,1,42,0,37,755,4894,3,1589,18561,21,32455,11,7910,0,166,0,0,320,320,0,0,0,0,2076932705
294,NECK_SWEEP,100,1,43,0,37,752,4907,3,1585,18429,21,32366,19,7949,0,150,0,0,320,320,0,0,0,0,2076932705
295,NECK_SWEEP,100,1,44,0,38,727,4924,4,1580,18501,20,32354,16,7867,0,161,0,0,320,320,0,0,0,0,2076932705
296,NECK_SWEEP,100,1,45,0,38,747,4928,4,1592,18449,22,32394,15,7938,0,164,0,0,320,320,0,0,0,0,2076932705
297,NECK_SWEEP,100,1,46,0,37,744,4907,3,1581,18545,20,32389,16,7854,0,153,0,0,320,320,0,0,0,0,2076932705
298,NECK_SWEEP,100,1,47,0,38,748,4916,3,1568,18486,21,32385,11,7899,0,164,0,0,320,320,0,0,0,0,2076932705
299,NECK_SWEEP,100,1,48,0,37,735,4924,3,1594,18590,22,32464,11,7874,0,152,0,0,320,320,0,0,0,0,2076932705
300,NECK_SWEEP,100,1,49,0,38,749,4930,3,1575,18610,21,32640,11,7845,0,149,0,0,320,320,0,0,0,0,2076932705
306,FACE_SWEEP,100,1,5,0,49,1004,4673,3,1329,18480,21,32156,11,7628,0,157,0,0,320,320,0,0,0,0,3740635935
307,FACE_SWEEP,100,1,6,0,37,982,4661,3,1579,18492,29,32331,12,7858,0,158,0,0,320,320,0,0,0,0,3740635935
308,FACE_SWEEP,100,1,7,0,37,999,4670,3,1584,18388,20,32243,16,7854,0,156,0,0,320,320,0,0,0,0,3740635935
309,FACE_SWEEP,100,1,8,0,37,985,4674,3,1572,18457,21,32318,11,7873,0,165,0,0,320,320,0,0,0,0,3740635935
310,FACE_SWEEP,100,1,9,0,37,1006,4671,3,1584,18440,20,32311,15,7869,0,157,0,0,320,320,0,0,0,0,3740635935
311,FACE_SWEEP,100,1,10,0,37,973,4682,3,1585,18454,21,32327,12,7881,0,153,0,0,320,320,0,0,0,0,3740635935
312,FACE_SWEEP,100,1,11,0,37,990,4656,3,1601,18291,20,32144,12,7879,0,169,0,0,320,320,0,0,0,0,3740635935
313,FACE_SWEEP,100,1,12,0,38,984,4676,3,1577,18478,20,32347,15,7870,0,165,0,0,320,320,0,0,0,0,3740635935
314,FACE_SWEEP,100,1,13,0,37,983,4677,3,1591,18417,21,32371,19,7954,0,151,0,0,320,320,0,0,0,0,3740635935
315,FACE_SWEEP,100,1,14,0,38,992,4682,4,1565,18464,22,32328,15,7851,0,162,0,0,320,320,0,0,0,0,3740635935
316,FACE_SWEEP,100,1,15,0,37,985,4688,3,1570,18415,21,32354,15,7938,0,149,0,0,320,320,0,0,0,0,3740635935
317,FACE_SWEEP,100,1,16,0,37,982,4666,3,1592,18421,21,32262,12,7868,0,163,0,0,320,320,0,0,0,0,3740635935
318,FACE_SWEEP,100,1,17,0,47,968,4681,3,1592,18370,21,32290,15,7929,0,160,0,0,320,320,0,0,0,0,3740635935
319,FACE_SWEEP,100,1,18,0,37,983,4681,3,1584,18443,20,32315,12,7868,0,162,0,0,320,320,0,0,0,0,3740635935
320,FACE_SWEEP,100,1,19,0,41,989,4684,4,1570,18385,21,32308,11,7899,0,152,0,0,320,320,0,0,0,0,3740635935
321,FACE_SWEEP,100,1,20,0,38,973,4691,3,1584,18420,28,32287,12,7870,0,162,0,0,320,320,0,0,0,0,3740635935
322,FACE_SWEEP,100,1,21,0,37,971,4678,3,1590,18355,21,32332,11,7986,0,159,0,0,320,320,0,0,0,0,3740635935
323,FACE_SWEEP,100,1,22,0,38,977,4684,3,1576,18515,21,32445,11,7921,0,148,0,0,320,320,0,0,0,0,3740635935
324,FACE_SWEEP,100,1,23,0,38,977,4683,3,1580,18452,22,32426,23,7975,0,157,0,0,320,320,0,0,0,0,3740635935
325,FACE_SWEEP,100,1,24,0,37,972,4681,3,1594,18327,20,32378,15,8065,0,156,0,0,320,320,0,0,0,0,3740635935
326,FACE_SWEEP,100,1,25,0,37,983,4679,4,1584,18390,20,32487,19,8094,0,162,0,0,320,320,0,0,0,0,3740635935
327,FACE_SWEEP,100,1,26,0,37,1010,4650,3,1578,18293,21,32399,15,8113,0,153,0,0,320,320,0,0,0,0,3740635935
328,FACE_SWEEP,100,1,27,0,38,980,4663,3,1604,18326,21,32429,11,8119,0,174,0,0,320,320,0,0,0,0,3740635935
329,FACE_SWEEP,100,1,28,0,37,914,4678,3,1584,18256,20,32293,12,8112,0,157,0,0,320,320,0,0,0,0,3740635935
330,FACE_SWEEP,100,1,29,0,37,879,4677,3,1597,18397,20,32403,12,8111,0,158,0,0,320,320,0,0,0,0,3740635935
331,FACE_SWEEP,100,1,30,0,37,935,4686,3,1580,18319,21,32362,12,8078,0,162,0,0,320,320,0,0,0,0,3740635935
332,FACE_SWEEP,100,1,31,0,48,906,4681,4,1547,18402,20,32397,12,8066,0,169,0,0,320,320,0,0,0,0,3740635935
333,FACE_SWEEP,100,1,32,0,37,959,4686,3,1533,18326,20,32379,16,8057,0,157,0,0,320,320,0,0,0,0,3740635935
334,FACE_SWEEP,100,1,33,0,38,918,4679,3,1489,18375,22,32319,12,7993,0,156,0,0,320,320,0,0,0,0,3740635935
335,FACE_SWEEP,100,1,34,0,37,921,4692,3,1482,18328,20,32354,15,8072,0,177,0,0,320,320,0,0,0,0,3740635935
336,FACE_SWEEP,100,1,35,0,38,929,4686,3,1555,18435,21,32423,19,8044,0,163,0,0,320,320,0,0,0,1,3740635935
337,FACE_SWEEP,100,1,36,0,34,938,4688,4,1566,18454,22,32274,16,7860,0,153,0,0,320,320,0,0,0,0,3740635935
338,FACE_SWEEP,100,1,37,0,38,971,4686,4,1591,18376,21,32264,16,7890,0,161,0,0,320,320,0,0,0,0,3740635935
339,FACE_SWEEP,100,1,38,0,38,961,4691,3,1621,18525,22,32422,15,7911,0,153,0,0,320,320,0,0,0,0,3740635935
340,FACE_SWEEP,100,1,39,0,37,1001,4666,3,1587,18419,20,32286,16,7873,0,197,0,0,320,320,0,0,0,0,3740635935
341,FACE_SWEEP,100,1,40,0,37,969,4685,3,1591,18479,22,32343,12,7876,0,152,0,0,320,320,0,0,0,0,3740635935
342,FACE_SWEEP,100,1,41,0,37,984,4690,3,1602,18380,20,32310,19,7893,0,157,0,0,320,320,0,0,0,0,3740635935
343,FACE_SWEEP,100,1,42,0,37,979,4677,3,1574,18424,21,32276,12,7853,0,167,0,0,320,320,0,0,0,0,3740635935
344,FACE_SWEEP,100,1,43,0,37,1005,4688,3,1573,18422,21,32306,15,7858,0,156,0,0,320,320,0,0,0,0,3740635935
345,FACE_SWEEP,100,1,44,0,37,975,4684,3,1590,18558,21,32423,15,7881,0,156,0,0,320,320,0,0,0,0,3740635935
346,FACE_SWEEP,100,1,45,0,37,1000,4665,3,1596,18396,21,32274,12,7871,0,157,0,0,320,320,0,0,0,0,3740635935
347,FACE_SWEEP,100,1,46,0,37,987,4698,3,1567,18547,21,32433,15,7849,0,153,0,0,320,320,0,0,0,0,3740635935
348,FACE_SWEEP,100,1,47,0,37,982,4673,3,1612,18485,21,32452,16,7975,0,151,0,0,320,320,0,0,0,0,3740635935
349,FACE_SWEEP,100,1,48,0,38,983,4680,3,1606,18528,21,32419,11,7895,0,160,0,0,320,320,0,0,0,0,3740635935
350,FACE_SWEEP,100,1,49,0,38,987,4694,4,1586,18478,22,32499,15,8003,0,153,0,0,320,320,0,0,0,0,3740635935
356,MULTI_AXIS,100,1,5,0,50,955,4911,3,1407,18194,20,32199,12,7750,0,157,0,0,320,320,0,0,0,0,3536438057
357,MULTI_AXIS,100,1,6,0,39,999,4898,3,1588,18177,21,32282,12,7860,0,156,0,0,320,320,0,0,0,0,3536438057
358,MULTI_AXIS,100,1,7,0,39,989,4901,3,1584,18042,21,32199,19,7939,0,162,0,0,320,320,0,0,0,0,3536438057
359,MULTI_AXIS,100,1,8,0,38,997,4873,3,1586,18073,29,32154,12,7849,0,150,0,0,320,320,0,0,0,0,3536438057
360,MULTI_AXIS,100,1,9,0,39,991,4903,3,1581,18005,22,32382,19,7931,0,157,0,0,320,320,0,0,0,0,3536438057
361,MULTI_AXIS,100,1,10,0,39,984,4888,3,1579,18097,21,32197,11,7884,0,157,0,0,320,320,0,0,0,0,3536438057
362,MULTI_AXIS,100,1,11,0,39,991,4897,3,1592,18011,21,32277,19,8044,0,153,0,0,320,320,0,0,0,0,3536438057
363,MULTI_AXIS,100,1,12,0,39,1000,4876,3,1587,18152,20,32364,15,7987,0,158,0,0,320,320,0,0,0,0,3536438057
364,MULTI_AXIS,100,1,13,0,34,988,4894,3,1591,17992,21,32280,16,8078,0,154,0,0,320,320,0,0,0,0,3536438057
365,MULTI_AXIS,100,1,14,0,39,997,4900,3,1574,18144,22,32343,12,7966,0,163,0,0,320,320,0,0,0,0,3536438057
366,MULTI_AXIS,100,1,15,0,38,998,4898,3,1583,18026,21,32418,19,8149,0,161,0,0,320,320,0,0,0,0,3536438057
367,MULTI_AXIS,100,1,16,0,39,983,4903,3,1583,18163,20,32502,12,8108,0,162,0,0,320,320,0,0,0,0,3536438057
368,MULTI_AXIS,100,1,17,0,39,993,4904,3,1582,18152,20,32488,12,8102,0,159,0,0,320,320,0,0,0,0,3536438057
369,MULTI_AXIS,100,1,18,0,39,942,4862,3,1599,18108,20,32372,12,8113,0,165,0,0,320,320,0,0,0,0,3536438057
370,MULTI_AXIS,100,1,19,0,39,900,4887,3,1615,18233,22,32495,11,8130,0,149,0,0,320,320,0,0,0,0,3536438057
371,MULTI_AXIS,100,1,20,0,38,955,4883,3,1594,18266,20,32543,12,8104,0,152,0,0,320,320,0,0,0,0,3536438057
372,MULTI_AXIS,100,1,21,0,38,942,4882,3,1484,18315,21,32496,15,8015,0,160,0,0,320,320,0,0,0,0,3536438057
373,MULTI_AXIS,100,1,22,0,39,981,4878,3,1461,18247,21,32433,19,7977,0,174,0,0,320,320,0,0,0,0,3536438057
374,MULTI_AXIS,100,1,23,0,39,978,4879,3,1494,18347,22,32549,11,8006,0,159,0,0,320,320,0,0,0,1,3536438057
375,MULTI_AXIS,100,1,24,0,35,974,4896,3,1593,18368,21,32441,12,7874,0,161,0,0,320,320,0,0,0,0,3536438057
376,MULTI_AXIS,100,1,25,0,39,1035,4878,4,1580,18265,22,32378,19,7866,0,180,0,0,320,320,0,0,0,0,3536438057
377,MULTI_AXIS,100,1,26,0,39,1011,4872,3,1570,18422,20,32527,19,7878,0,166,0,0,320,320,0,0,0,0,3536438057
378,MULTI_AXIS,100,1,27,0,39,1003,4884,3,1598,18361,20,32473,12,7896,0,150,0,0,320,320,0,0,0,0,3536438057
379,MULTI_AXIS,100,1,28,0,52,983,4896,3,1596,18378,21,32480,12,7868,0,149,0,0,320,320,0,0,0,0,3536438057
380,MULTI_AXIS,100,1,29,0,39,1005,4685,3,1591,18254,23,32224,20,7947,0,174,0,0,320,320,0,0,0,0,3536438057
381,MULTI_AXIS,100,1,30,0,42,993,4892,3,1577,18395,20,32487,20,7870,0,158,0,0,320,320,0,0,0,0,3536438057
382,MULTI_AXIS,100,1,31,0,47,988,4893,3,1590,18307,21,32467,12,7927,0,155,0,0,320,320,0,0,0,0,3536438057
383,MULTI_AXIS,100,1,32,0,42,1003,4885,4,1584,18364,21,32469,11,7882,0,156,0,0,320,320,0,0,0,0,3536438057
384,MULTI_AXIS,100,1,33,0,42,1006,4902,3,1585,18300,21,32418,19,7867,0,166,0,0,320,320,0,0,0,0,3536438057
385,MULTI_AXIS,100,1,34,0,42,1002,4894,3,1587,18233,20,32392,11,7926,0,157,0,0,320,320,0,0,0,0,3536438057
386,MULTI_AXIS,100,1,35,0,42,1006,4898,3,1564,18259,21,32475,11,7975,0,158,0,0,320,320,0,0,0,0,3536438057
387,MULTI_AXIS,100,1,36,0,42,994,4903,3,1587,18196,21,32434,24,8003,0,157,0,0,320,320,0,0,0,0,3536438057
388,MULTI_AXIS,100,1,37,0,67,993,4904,3,1572,18271,22,32651,12,8119,0,156,0,0,320,320,0,0,0,0,3536438057
389,MULTI_AXIS,100,1,38,0,42,1012,4896,3,1570,18124,22,32450,11,8078,0,160,0,0,320,320,0,0,0,0,3536438057
390,MULTI_AXIS,100,1,39,0,42,981,4903,3,1599,18241,22,32572,12,8117,0,153,0,0,320,320,0,0,0,0,3536438057
391,MULTI_AXIS,100,1,40,0,42,925,4891,3,1590,18120,20,32481,12,8199,0,158,0,0,320,320,0,0,0,0,3536438057
392,MULTI_AXIS,100,1,41,0,42,923,4879,3,1588,18166,20,32423,19,8109,0,166,0,0,320,320,0,0,0,0,3536438057
393,MULTI_AXIS,100,1,42,0,42,934,4896,3,1561,18089,21,32426,19,8169,0,161,0,0,320,320,0,0,0,0,3536438057
394,MULTI_AXIS,100,1,43,0,42,954,4892,4,1516,18157,20,32399,12,8059,0,160,0,0,320,320,0,0,0,0,3536438057
395,MULTI_AXIS,100,1,44,0,42,965,4872,3,1490,18066,22,32326,11,8081,0,172,0,0,320,320,0,0,0,0,3536438057
396,MULTI_AXIS,100,1,45,0,42,954,4893,3,1475,18222,21,32396,11,7985,0,172,0,0,320,320,0,0,0,0,3536438057
397,MULTI_AXIS,100,1,46,0,42,959,4893,4,1558,18255,21,32476,12,8027,0,167,0,0,320,320,0,0,0,1,3536438057
398,MULTI_AXIS,100,1,47,0,38,917,4890,3,1574,18196,22,32263,15,7930,0,160,0,0,320,320,0,0,0,0,3536438057
399,MULTI_AXIS,100,1,48,0,42,988,4890,3,1569,18362,21,32445,16,7861,0,153,0,0,320,320,0,0,0,0,3536438057
400,MULTI_AXIS,100,1,49,0,41,984,4896,3,1606,18249,20,32404,12,7895,0,152,0,0,320,320,0,0,0,0,3536438057
406,STATIC,75,1,5,0,9,60,156,3,1340,12674,20,20815,19,7552,0,157,0,0,320,320,0,0,0,0,2409641719
407,STATIC,75,1,6,0,5,48,109,3,1147,12674,21,20470,15,7339,0,157,0,0,320,320,0,0,0,0,2409641719
408,STATIC,75,1,7,0,5,42,116,3,1145,12571,20,20376,15,7347,0,153,0,0,320,320,0,0,0,0,2409641719
409,STATIC,75,1,8,0,5,40,114,3,1150,12699,20,20523,20,7369,0,154,0,0,320,320,0,0,0,0,2409641719
410,STATIC,75,1,9,0,5,70,112,3,1158,12579,21,20426,15,7364,0,159,0,0,320,320,0,0,0,0,2409641719
411,STATIC,75,1,10,0,4,41,114,3,1142,12576,20,20450,16,7414,0,171,0,0,320,320,0,0,0,0,2409641719
412,STATIC,75,1,11,0,4,43,112,3,1143,12655,21,20449,19,7336,0,170,0,0,320,320,0,0,0,0,2409641719
413,STATIC,75,1,12,0,5,42,114,3,1143,12548,21,20404,15,7397,0,165,0,0,320,320,0,0,0,0,2409641719
414,STATIC,75,1,13,0,4,45,113,3,1149,12655,20,20464,16,7349,0,157,0,0,320,320,0,0,0,0,2409641719
415,STATIC,75,1,14,0,5,40,119,3,1144,12572,21,20370,20,7343,0,157,0,0,320,320,0,0,0,0,2409641719
416,STATIC,75,1,15,0,4,44,114,4,1169,12651,20,20539,16,7415,0,167,0,0,320,320,0,0,0,0,2409641719
417,STATIC,75,1,16,0,5,42,116,3,1157,12536,22,20371,15,7373,0,157,0,0,320,320,0,0,0,0,2409641719
418,STATIC,75,1,17,0,5,42,110,3,1170,12686,22,20509,19,7375,0,162,0,0,320,320,0,0,0,0,2409641719
419,STATIC,75,1,18,0,5,73,111,3,1154,12573,21,20436,15,7384,0,154,0,0,320,320,0,0,0,0,2409641719
420,STATIC,75,1,19,0,5,41,113,3,1154,12600,20,20708,12,7411,0,159,0,0,320,320,0,0,0,0,2409641719
421,STATIC,75,1,20,0,5,40,113,3,1144,12653,20,20626,16,7522,0,163,0,0,320,320,0,0,0,0,2409641719
422,STATIC,75,1,21,0,4,41,116,3,1154,12614,20,20672,15,7598,0,158,0,0,320,320,0,0,0,0,2409641719
423,STATIC,75,1,22,0,5,43,113,3,1147,12653,21,20700,19,7593,0,170,0,0,320,320,0,0,0,0,2409641719
424,STATIC,75,1,23,0,5,41,116,3,1143,12581,20,20541,19,7509,0,156,0,0,320,320,0,0,0,0,2409641719
425,STATIC,75,1,24,0,5,45,115,4,1161,12689,21,20736,19,7581,0,167,0,0,320,320,0,0,0,0,2409641719
426,STATIC,75,1,25,0,4,68,113,3,1151,12572,21,20641,19,7585,0,178,0,0,320,320,0,0,0,0,2409641719
427,STATIC,75,1,26,0,5,41,111,3,1130,12582,20,20688,12,7642,0,158,0,0,320,320,0,0,0,0,2409641719
428,STATIC,75,1,27,0,5,44,118,3,999,12711,20,20599,20,7427,0,157,0,0,320,320,0,0,0,0,2409641719
429,STATIC,75,1,28,0,5,47,123,3,852,12551,20,20340,19,7315,0,157,0,0,320,320,0,0,0,0,2409641719
430,STATIC,75,1,29,0,5,41,101,3,947,12643,20,20473,19,7368,0,169,0,0,320,320,0,0,0,0,2409641719
431,STATIC,75,1,30,0,5,41,87,3,1047,12576,20,20530,19,7483,0,165,0,0,320,320,0,0,0,0,2409641719
432,STATIC,75,1,31,0,5,42,88,4,1129,12557,21,20597,19,7610,0,162,0,0,320,320,0,0,0,0,2409641719
433,STATIC,75,1,32,0,5,42,125,3,1155,12603,20,20660,19,7590,0,157,0,0,320,320,0,0,0,0,2409641719
434,STATIC,75,1,33,0,5,42,119,3,1154,12423,21,20478,20,7592,0,157,0,0,320,320,0,0,0,0,2409641719
435,STATIC,75,1,34,0,5,41,114,3,1143,12604,21,20635,19,7580,0,154,0,0,320,320,0,0,0,0,2409641719
436,STATIC,75,1,35,0,4,68,116,3,1153,12494,21,20566,11,7587,0,156,0,0,320,320,0,0,0,0,2409641719
437,STATIC,75,1,36,0,5,46,116,3,1140,12499,21,20600,19,7639,0,169,0,0,320,320,0,0,0,0,2409641719
438,STATIC,75,1,37,0,5,50,111,3,1156,12652,21,20706,19,7588,0,161,0,0,320,320,0,0,0,0,2409641719
439,STATIC,75,1,38,0,4,40,116,3,1133,12439,21,20523,15,7628,0,153,0,0,320,320,0,0,0,0,2409641719
440,STATIC,75,1,39,0,5,42,113,3,1132,12617,20,20657,19,7585,0,158,0,0,320,320,0,0,0,0,2409641719
441,STATIC,75,1,40,0,5,42,113,3,1156,12709,20,20763,19,7602,0,153,0,0,320,320,0,0,0,0,2409641719
442,STATIC,75,1,41,0,5,45,115,3,1134,12575,20,20611,19,7577,0,166,0,0,320,320,0,0,0,0,2409641719
443,STATIC,75,1,42,0,5,44,112,4,1156,12511,21,20553,19,7584,0,156,0,0,320,320,0,0,0,0,2409641719
444,STATIC,75,1,43,0,5,45,113,3,1146,12571,20,20616,20,7580,0,157,0,0,320,320,0,0,0,0,2409641719
445,STATIC,75,1,44,0,4,69,115,3,1162,12565,21,20654,19,7605,0,153,0,0,320,320,0,0,0,0,2409641719
446,STATIC,75,1,45,0,5,42,115,3,1153,12546,20,20574,20,7565,0,153,0,0,320,320,0,0,0,0,2409641719
447,STATIC,75,1,46,0,4,40,113,3,1151,12623,20,20566,20,7496,0,161,0,0,320,320,0,0,0,0,2409641719
448,STATIC,75,1,47,0,5,42,114,3,1164,12509,20,20443,19,7479,0,156,0,0,320,320,0,0,0,0,2409641719
449,STATIC,75,1,48,0,5,53,111,3,1149,12647,21,20532,16,7412,0,161,0,0,320,320,0,0,0,0,2409641719
450,STATIC,75,1,49,0,5,71,114,3,1162,12562,22,20401,15,7352,0,165,0,0,320,320,0,0,0,0,2409641719
456,ALL_14_5,75,1,5,0,61,63,156,3,1332,12618,21,20744,19,7540,0,183,0,0,320,320,0,0,0,0,752019277
457,ALL_14_5,75,1,6,0,41,41,116,3,1162,12445,20,20335,11,7389,0,165,0,0,320,320,0,0,0,0,752019277
458,ALL_14_5,75,1,7,0,42,41,114,3,1160,12559,20,20413,15,7359,0,155,0,0,320,320,0,0,0,0,752019277
459,ALL_14_5,75,1,8,0,42,40,116,3,1154,12432,22,20355,15,7402,0,157,0,0,320,320,0,0,0,0,752019277
460,ALL_14_5,75,1,9,0,42,40,114,3,1151,12470,22,20489,20,7524,0,163,0,0,320,320,0,0,0,0,752019277
461,ALL_14_5,75,1,10,0,42,40,119,3,1159,12439,21,20316,15,7354,0,161,0,0,320,320,0,0,0,0,752019277
462,ALL_14_5,75,1,11,0,42,40,113,4,1143,12509,20,20408,15,7403,0,159,0,0,320,320,0,0,0,0,752019277
463,ALL_14_5,75,1,12,0,42,41,116,4,1163,12539,20,20470,15,7434,0,174,0,0,320,320,0,0,0,0,752019277
464,ALL_14_5,75,1,13,0,42,41,113,3,1152,12396,21,20303,11,7403,0,161,0,0,320,320,0,0,0,0,752019277
465,ALL_14_5,75,1,14,0,42,40,115,3,1153,12544,21,20387,11,7347,0,170,0,0,320,320,0,0,0,0,752019277
466,ALL_14_5,75,1,15,0,42,40,113,3,1163,12456,21,20372,16,7427,0,166,0,0,320,320,0,0,0,0,752019277
467,ALL_14_5,75,1,16,0,48,41,114,3,1156,12528,20,20493,20,7469,0,168,0,0,320,320,0,0,0,0,752019277
468,ALL_14_5,75,1,17,0,42,45,114,3,1161,12404,20,20284,15,7354,0,166,0,0,320,320,0,0,0,0,752019277
469,ALL_14_5,75,1,18,0,52,44,114,3,1153,12559,21,20413,16,7349,0,167,0,0,320,320,0,0,0,0,752019277
470,ALL_14_5,75,1,19,0,42,43,115,3,1164,12441,21,20429,19,7463,0,156,0,0,320,320,0,0,0,0,752019277
471,ALL_14_5,75,1,20,0,42,40,116,3,1152,12456,21,20546,19,7589,0,167,0,0,320,320,0,0,0,0,752019277
472,ALL_14_5,75,1,21,0,42,44,114,3,1155,12535,21,20621,15,7584,0,178,0,0,320,320,0,0,0,0,752019277
473,ALL_14_5,75,1,22,0,39,41,115,3,1161,12443,20,20547,12,7594,0,154,0,0,320,320,0,0,0,0,752019277
474,ALL_14_5,75,1,23,0,38,41,116,3,1156,12531,20,20614,15,7589,0,158,0,0,320,320,0,0,0,0,752019277
475,ALL_14_5,75,1,24,0,39,40,138,3,1008,12477,21,20449,16,7463,0,157,0,0,320,320,0,0,0,0,752019277
476,ALL_14_5,75,1,25,0,39,49,121,4,904,12418,29,20344,16,7416,0,153,0,0,320,320,0,0,0,0,752019277
477,ALL_14_5,75,1,26,0,39,40,115,3,945,12496,21,20386,16,7389,0,150,0,0,320,320,0,0,0,0,752019277
478,ALL_14_5,75,1,27,0,39,41,89,4,1021,12382,21,20344,16,7488,0,158,0,0,320,320,0,0,0,0,752019277
479,ALL_14_5,75,1,28,0,42,48,86,3,1115,12493,21,20523,11,7544,0,153,0,0,320,320,0,0,0,0,752019277
480,ALL_14_5,75,1,29,0,38,42,93,3,1164,12390,21,20719,19,7601,0,161,0,0,320,320,0,0,0,0,752019277
481,ALL_14_5,75,1,30,0,38,39,102,3,971,12456,21,20338,19,7411,0,157,0,0,320,320,0,0,0,0,752019277
482,ALL_14_5,75,1,31,0,42,40,115,4,1079,12402,21,20400,16,7520,0,161,0,0,320,320,0,0,0,0,752019277
483,ALL_14_5,75,1,32,0,39,40,88,4,1167,12395,21,20523,15,7666,0,161,0,0,320,320,0,0,0,0,752019277
484,ALL_14_5,75,1,33,0,42,46,114,3,1159,12467,21,20569,12,7595,0,156,0,0,320,320,0,0,0,0,752019277
485,ALL_14_5,75,1,34,0,42,40,116,3,1158,12328,21,20436,19,7616,0,149,0,0,320,320,0,0,0,0,752019277
486,ALL_14_5,75,1,35,0,38,42,117,3,1159,12449,21,20542,15,7596,0,157,0,0,320,320,0,0,0,0,752019277
487,ALL_14_5,75,1,36,0,38,50,112,3,1162,12354,20,20483,12,7592,0,158,0,0,320,320,0,0,0,0,752019277
488,ALL_14_5,75,1,37,0,39,43,115,3,1151,12416,21,20580,11,7655,0,154,0,0,320,320,0,0,0,0,752019277
489,ALL_14_5,75,1,38,0,39,44,114,3,1167,12511,20,20538,15,7540,0,158,0,0,320,320,0,0,0,0,752019277
490,ALL_14_5,75,1,39,0,39,40,114,3,1148,12364,20,20368,16,7517,0,161,0,0,320,320,0,0,0,0,752019277
491,ALL_14_5,75,1,40,0,38,44,115,3,1146,12444,20,20429,19,7483,0,158,0,0,320,320,0,0,0,0,752019277
492,ALL_14_5,75,1,41,0,42,48,117,3,1162,12449,20,20446,12,7459,0,164,0,0,320,320,0,0,0,0,752019277
493,ALL_14_5,75,1,42,0,43,48,112,3,1152,12446,21,20353,11,7410,0,173,0,0,320,320,0,0,0,0,752019277
494,ALL_14_5,75,1,43,0,42,45,115,3,1164,12547,21,20396,20,7354,0,161,0,0,320,320,0,0,0,0,752019277
495,ALL_14_5,75,1,44,0,42,55,115,3,1165,12434,21,20340,15,7399,0,161,0,0,320,320,0,0,0,0,752019277
496,ALL_14_5,75,1,45,0,42,52,116,3,1163,12525,21,20396,20,7370,0,156,0,0,320,320,0,0,0,0,752019277
497,ALL_14_5,75,1,46,0,38,76,115,3,1155,12441,21,20319,20,7356,0,165,0,0,320,320,0,0,0,0,752019277
498,ALL_14_5,75,1,47,0,41,51,114,3,1164,12493,21,20419,15,7428,0,164,0,0,320,320,0,0,0,0,752019277
499,ALL_14_5,75,1,48,0,42,40,115,3,1142,12523,21,20369,19,7346,0,161,0,0,320,320,0,0,0,0,752019277
500,ALL_14_5,75,1,49,0,42,40,115,3,1147,12471,21,20343,11,7376,0,165,0,0,320,320,0,0,0,0,752019277
506,ALL_29,75,1,5,0,61,108,156,3,1341,13071,21,21226,19,7517,0,161,0,0,320,320,0,0,0,0,1944636484
507,ALL_29,75,1,6,0,42,39,117,3,1145,13111,21,20926,12,7322,0,162,0,0,320,320,0,0,0,0,1944636484
508,ALL_29,75,1,7,0,42,42,119,3,1159,12992,21,20869,19,7338,0,167,0,0,320,320,0,0,0,0,1944636484
509,ALL_29,75,1,8,0,42,41,116,3,1154,13037,20,20901,15,7371,0,166,0,0,320,320,0,0,0,0,1944636484
510,ALL_29,75,1,9,0,42,49,115,3,1195,12977,21,21113,19,7606,0,161,0,0,320,320,0,0,0,0,1944636484
511,ALL_29,75,1,10,0,42,40,120,4,1151,13108,20,21065,12,7462,0,156,0,0,320,320,0,0,0,0,1944636484
512,ALL_29,75,1,11,0,42,39,116,3,1150,12977,21,20957,26,7490,0,162,0,0,320,320,0,0,0,0,1944636484
513,ALL_29,75,1,12,0,42,39,116,3,1152,13014,21,21082,19,7577,0,160,0,0,320,320,0,0,0,0,1944636484
514,ALL_29,75,1,13,0,42,41,120,3,1155,12953,20,21018,19,7567,0,157,0,0,320,320,0,0,0,0,1944636484
515,ALL_29,75,1,14,0,42,39,119,4,1163,13015,21,21094,11,7583,0,161,0,0,320,320,0,0,0,0,1944636484
516,ALL_29,75,1,15,0,41,47,117,3,1157,12919,21,21002,20,7574,0,158,0,0,320,320,0,0,0,0,1944636484
517,ALL_29,75,1,16,0,42,42,116,3,1160,13004,21,21077,15,7582,0,157,0,0,320,320,0,0,0,0,1944636484
518,ALL_29,75,1,17,0,42,41,90,4,1156,13035,21,21064,11,7565,0,172,0,0,320,320,0,0,0,0,1944636484
519,ALL_29,75,1,18,0,42,40,109,4,960,12984,21,20871,15,7364,0,165,0,0,320,320,0,0,0,0,1944636484
520,ALL_29,75,1,19,0,42,43,116,3,1068,13082,20,21067,12,7487,0,154,0,0,320,320,0,0,0,0,1944636484
521,ALL_29,75,1,20,0,42,43,117,3,1199,13028,21,21117,12,7565,0,155,0,0,320,320,0,0,0,0,1944636484
522,ALL_29,75,1,21,0,42,39,115,4,1170,13128,20,21168,11,7541,0,175,0,0,320,320,0,0,0,0,1944636484
523,ALL_29,75,1,22,0,42,44,114,3,1149,12963,21,20882,11,7421,0,169,0,0,320,320,0,0,0,0,1944636484
524,ALL_29,75,1,23,0,42,43,116,3,1156,13045,20,20884,19,7337,0,167,0,0,320,320,0,0,0,0,1944636484
525,ALL_29,75,1,24,0,42,40,121,3,1153,13111,20,20938,12,7335,0,169,0,0,320,320,0,0,0,0,1944636484
526,ALL_29,75,1,25,0,42,67,119,3,1142,13012,20,20861,19,7326,0,165,0,0,320,320,0,0,0,0,1944636484
527,ALL_29,75,1,26,0,42,39,117,3,1147,13139,20,20964,20,7329,0,168,0,0,320,320,0,0,0,0,1944636484
528,ALL_29,75,1,27,0,42,39,121,3,1159,12990,21,20894,12,7403,0,162,0,0,320,320,0,0,0,0,1944636484
529,ALL_29,75,1,28,0,42,50,113,3,1155,13044,20,20878,19,7336,0,174,0,0,320,320,0,0,0,0,1944636484
530,ALL_29,75,1,29,0,42,43,117,3,1161,13029,20,20923,12,7398,0,170,0,0,320,320,0,0,0,0,1944636484
531,ALL_29,75,1,30,0,42,39,120,3,1154,13002,21,21023,12,7503,0,153,0,0,320,320,0,0,0,0,1944636484
532,ALL_29,75,1,31,0,42,40,120,3,1160,13035,20,21114,12,7583,0,157,0,0,320,320,0,0,0,0,1944636484
533,ALL_29,75,1,32,0,41,48,112,3,1156,12976,21,21048,15,7550,0,186,0,0,320,320,0,0,0,0,1944636484
534,ALL_29,75,1,33,0,41,39,117,3,1141,12968,21,21023,12,7566,0,150,0,0,320,320,0,0,0,0,1944636484
535,ALL_29,75,1,34,0,42,39,115,3,1157,12952,21,21024,12,7579,0,161,0,0,320,320,0,0,0,0,1944636484
536,ALL_29,75,1,35,0,42,40,88,4,1148,13062,22,21096,19,7572,0,159,0,0,320,320,0,0,0,0,1944636484
537,ALL_29,75,1,36,0,42,40,120,3,1149,12875,20,20943,12,7573,0,162,0,0,320,320,0,0,0,0,1944636484
538,ALL_29,75,1,37,0,42,40,88,3,1039,13054,22,21005,12,7456,0,158,0,0,320,320,0,0,0,0,1944636484
539,ALL_29,75,1,38,0,42,53,122,3,925,13066,21,20930,12,7345,0,157,0,0,320,320,0,0,0,0,1944636484
540,ALL_29,75,1,39,0,42,47,115,4,1159,13013,21,21239,45,7525,0,157,0,0,320,320,0,0,0,0,1944636484
541,ALL_29,75,1,40,0,42,46,115,3,1129,13101,21,21123,16,7529,0,182,0,0,320,320,0,0,0,0,1944636484
542,ALL_29,75,1,41,0,42,45,127,3,941,13021,20,20898,12,7367,0,161,0,0,320,320,0,0,0,0,1944636484
543,ALL_29,75,1,42,0,42,43,116,3,1162,13099,20,21118,12,7521,0,171,0,0,320,320,0,0,0,0,1944636484
544,ALL_29,75,1,43,0,42,66,117,4,1149,12974,21,20837,19,7342,0,165,0,0,320,320,0,0,0,0,1944636484
545,ALL_29,75,1,44,0,42,43,120,3,1164,13069,20,20924,12,7356,0,157,0,0,320,320,0,0,0,0,1944636484
546,ALL_29,75,1,45,0,42,40,118,3,1155,12985,21,20880,12,7408,0,169,0,0,320,320,0,0,0,0,1944636484
547,ALL_29,75,1,46,0,42,42,115,3,1161,13128,30,20952,11,7335,0,158,0,0,320,320,0,0,0,0,1944636484
548,ALL_29,75,1,47,0,42,52,111,3,1140,13156,20,20983,12,7331,0,157,0,0,320,320,0,0,0,0,1944636484
549,ALL_29,75,1,48,0,41,66,115,3,1151,13009,21,20891,12,7350,0,165,0,0,320,320,0,0,0,0,1944636484
550,ALL_29,75,1,49,0,42,50,120,3,1142,13048,20,20899,12,7353,0,162,0,0,320,320,0,0,0,0,1944636484
556,EYE_L_SWEEP,75,1,5,0,51,602,4720,3,1380,12698,33,26081,15,7700,0,160,0,0,320,320,0,0,0,0,1315195433
557,EYE_L_SWEEP,75,1,6,0,34,528,4665,3,1181,12508,22,25665,16,7628,0,165,0,0,320,320,0,0,0,0,1315195433
558,EYE_L_SWEEP,75,1,7,0,33,536,4680,3,1188,12494,20,25669,19,7635,0,153,0,0,320,320,0,0,0,0,1315195433
559,EYE_L_SWEEP,75,1,8,0,34,519,4669,3,1168,12566,21,25703,15,7606,0,158,0,0,320,320,0,0,0,0,1315195433
560,EYE_L_SWEEP,75,1,9,0,34,562,4674,3,1156,12496,21,25664,19,7600,0,156,0,0,320,320,0,0,0,0,1315195433
561,EYE_L_SWEEP,75,1,10,0,33,525,4679,3,1197,12445,31,25683,19,7701,0,149,0,0,320,320,0,0,0,0,1315195433
562,EYE_L_SWEEP,75,1,11,0,34,535,4666,4,1165,12543,21,25685,19,7612,0,160,0,0,320,320,0,0,0,0,1315195433
563,EYE_L_SWEEP,75,1,12,0,33,536,4658,3,1194,12402,21,25568,19,7639,0,156,0,0,320,320,0,0,0,0,1315195433
564,EYE_L_SWEEP,75,1,13,0,34,537,4667,3,1183,12456,21,25625,19,7638,0,153,0,0,320,320,0,0,0,0,1315195433
565,EYE_L_SWEEP,75,1,14,0,34,539,4656,3,1176,12397,21,25577,19,7627,0,159,0,0,320,320,0,0,0,0,1315195433
566,EYE_L_SWEEP,75,1,15,0,34,522,4658,3,1176,12371,20,25581,20,7688,0,154,0,0,320,320,0,0,0,0,1315195433
567,EYE_L_SWEEP,75,1,16,0,34,532,4658,3,1183,12451,21,25606,19,7633,0,156,0,0,320,320,0,0,0,0,1315195433
568,EYE_L_SWEEP,75,1,17,0,33,521,4663,3,1178,12433,20,25580,19,7640,0,151,0,0,320,320,0,0,0,0,1315195433
569,EYE_L_SWEEP,75,1,18,0,34,529,4655,3,1187,12523,20,25670,12,7645,0,156,0,0,320,320,0,0,0,0,1315195433
570,EYE_L_SWEEP,75,1,19,0,34,550,4658,3,1149,12478,22,25539,11,7528,0,157,0,0,320,320,0,0,0,0,1315195433
571,EYE_L_SWEEP,75,1,20,0,33,517,4673,3,1158,12538,21,25617,15,7566,0,165,0,0,320,320,0,0,0,0,1315195433
572,EYE_L_SWEEP,75,1,21,0,34,526,4666,3,1182,12569,20,25631,19,7547,0,149,0,0,320,320,0,0,0,0,1315195433
573,EYE_L_SWEEP,75,1,22,0,33,524,4664,3,1184,12517,21,25567,19,7539,0,148,0,0,320,320,0,0,0,0,1315195433
574,EYE_L_SWEEP,75,1,23,0,33,521,4671,3,1151,12619,20,25561,16,7424,0,160,0,0,320,320,0,0,0,0,1315195433
575,EYE_L_SWEEP,75,1,24,0,37,525,4658,3,1213,12592,47,25533,15,7404,0,158,0,0,320,320,0,0,0,0,1315195433
576,EYE_L_SWEEP,75,1,25,0,33,522,4661,3,1176,12545,21,25514,19,7459,0,156,0,0,320,320,0,0,0,0,1315195433
577,EYE_L_SWEEP,75,1,26,0,34,532,4658,3,1172,12654,20,25580,15,7393,0,149,0,0,320,320,0,0,0,0,1315195433
578,EYE_L_SWEEP,75,1,27,0,34,540,4655,4,1157,12546,20,25462,16,7379,0,151,0,0,320,320,0,0,0,0,1315195433
579,EYE_L_SWEEP,75,1,28,0,34,525,4668,3,1024,12586,21,25335,19,7235,0,157,0,0,320,320,0,0,0,0,1315195433
580,EYE_L_SWEEP,75,1,29,0,34,560,4638,3,938,12509,21,25256,19,7172,0,156,0,0,320,320,0,0,0,0,1315195433
581,EYE_L_SWEEP,75,1,30,0,34,527,4673,3,926,12557,21,25301,15,7210,0,157,0,0,320,320,0,0,0,0,1315195433
582,EYE_L_SWEEP,75,1,31,0,34,526,4663,3,996,12624,21,25349,15,7209,0,153,0,0,320,320,0,0,0,0,1315195433
583,EYE_L_SWEEP,75,1,32,0,34,491,4664,3,1112,12507,20,25333,15,7349,0,168,0,0,320,320,0,0,0,0,1315195433
584,EYE_L_SWEEP,75,1,33,0,34,477,4664,3,1170,12566,29,25421,16,7378,0,164,0,0,320,320,0,0,0,0,1315195433
585,EYE_L_SWEEP,75,1,34,0,34,526,4669,3,1151,12473,21,25355,16,7365,0,157,0,0,320,320,0,0,0,0,1315195433
586,EYE_L_SWEEP,75,1,35,0,34,518,4673,3,1148,12467,20,25411,19,7425,0,149,0,0,320,320,0,0,0,0,1315195433
587,EYE_L_SWEEP,75,1,36,0,33,525,4674,3,1161,12544,22,25445,15,7373,0,157,0,0,320,320,0,0,0,0,1315195433
588,EYE_L_SWEEP,75,1,37,0,34,519,4673,3,1140,12406,20,25311,16,7351,0,158,0,0,320,320,0,0,0,0,1315195433
589,EYE_L_SWEEP,75,1,38,0,34,524,4668,3,1144,12525,21,25415,15,7363,0,157,0,0,320,320,0,0,0,0,1315195433
590,EYE_L_SWEEP,75,1,39,0,33,552,4672,3,1147,12453,20,25366,16,7355,0,157,0,0,320,320,0,0,0,0,1315195433
591,EYE_L_SWEEP,75,1,40,0,33,526,4674,3,1165,12519,21,25505,16,7463,0,162,0,0,320,320,0,0,0,0,1315195433
592,EYE_L_SWEEP,75,1,41,0,34,550,4673,3,1143,12550,21,25448,15,7349,0,152,0,0,320,320,0,0,0,0,1315195433
593,EYE_L_SWEEP,75,1,42,0,34,525,4674,4,1142,12514,21,25454,15,7409,0,158,0,0,320,320,0,0,0,0,1315195433
594,EYE_L_SWEEP,75,1,43,0,34,519,4672,3,1134,12568,22,25447,15,7359,0,167,0,0,320,320,0,0,0,0,1315195433
595,EYE_L_SWEEP,75,1,44,0,33,522,4675,3,1149,12500,20,25453,15,7426,0,153,0,0,320,320,0,0,0,0,1315195433
596,EYE_L_SWEEP,75,1,45,0,34,532,4663,3,1156,12606,22,25497,16,7364,0,156,0,0,320,320,0,0,0,0,1315195433
597,EYE_L_SWEEP,75,1,46,0,33,520,4674,3,1132,12498,20,25369,16,7355,0,153,0,0,320,320,0,0,0,0,1315195433
598,EYE_L_SWEEP,75,1,47,0,34,519,4673,3,1147,12619,21,25542,12,7405,0,163,0,0,320,320,0,0,0,0,1315195433
599,EYE_L_SWEEP,75,1,48,0,33,527,4669,3,1185,12548,21,25461,15,7390,0,152,0,0,320,320,0,0,0,0,1315195433
600,EYE_L_SWEEP,75,1,49,0,33,517,4672,3,1181,12666,21,25803,15,7405,0,165,0,0,320,320,0,0,0,0,1315195433
606,EYE_R_SWEEP,75,1,5,0,52,607,4707,3,1358,12610,21,26094,19,7799,0,166,0,0,320,320,0,0,0,0,116380998
607,EYE_R_SWEEP,75,1,6,0,34,520,4663,4,1155,12530,21,25561,20,7516,0,152,0,0,320,320,0,0,0,0,116380998
608,EYE_R_SWEEP,75,1,7,0,34,518,4658,3,1164,12586,21,25616,19,7526,0,149,0,0,320,320,0,0,0,0,116380998
609,EYE_R_SWEEP,75,1,8,0,34,546,4672,3,1153,12470,22,25526,19,7511,0,152,0,0,320,320,0,0,0,0,116380998
610,EYE_R_SWEEP,75,1,9,0,33,517,4674,3,1139,12448,20,25437,19,7473,0,165,0,0,320,320,0,0,0,0,116380998
611,EYE_R_SWEEP,75,1,10,0,34,522,4663,3,1150,12542,22,25420,15,7360,0,166,0,0,320,320,0,0,0,0,116380998
612,EYE_R_SWEEP,75,1,11,0,34,523,4662,3,1158,12403,21,25320,15,7370,0,162,0,0,320,320,0,0,0,0,116380998
613,EYE_R_SWEEP,75,1,12,0,44,521,4672,3,1163,12493,20,25404,16,7382,0,145,0,0,320,320,0,0,0,0,116380998
614,EYE_R_SWEEP,75,1,13,0,34,552,4664,3,1147,12426,22,25323,15,7348,0,156,0,0,320,320,0,0,0,0,116380998
615,EYE_R_SWEEP,75,1,14,0,34,522,4662,3,1144,12417,21,25360,15,7414,0,153,0,0,320,320,0,0,0,0,116380998
616,EYE_R_SWEEP,75,1,15,0,34,526,4648,3,1002,12495,20,25232,15,7229,0,154,0,0,320,320,0,0,0,0,116380998
617,EYE_R_SWEEP,75,1,16,0,34,535,4662,4,849,12511,22,25117,15,7082,0,173,0,0,320,320,0,0,0,0,116380998
618,EYE_R_SWEEP,75,1,17,0,34,523,4660,3,944,12547,20,25226,15,7169,0,153,0,0,320,320,0,0,0,0,116380998
619,EYE_R_SWEEP,75,1,18,0,34,564,4655,3,1030,12578,21,25370,15,7254,0,148,0,0,320,320,0,0,0,0,116380998
620,EYE_R_SWEEP,75,1,19,0,33,477,4665,3,1135,12534,22,25405,16,7409,0,153,0,0,320,320,0,0,0,0,116380998
621,EYE_R_SWEEP,75,1,20,0,34,498,4649,3,1162,12587,21,25451,15,7387,0,152,0,0,320,320,0,0,0,0,116380998
622,EYE_R_SWEEP,75,1,21,0,34,527,4654,3,1142,12529,21,25388,16,7351,0,164,0,0,320,320,0,0,0,0,116380998
623,EYE_R_SWEEP,75,1,22,0,34,520,4685,3,1141,12618,20,25520,16,7371,0,154,0,0,320,320,0,0,0,0,116380998
624,EYE_R_SWEEP,75,1,23,0,34,522,4678,3,1173,12584,21,25544,15,7409,0,152,0,0,320,320,0,0,0,0,116380998
625,EYE_R_SWEEP,75,1,24,0,34,520,4680,3,1174,12574,20,25557,16,7455,0,149,0,0,320,320,0,0,0,0,116380998
626,EYE_R_SWEEP,75,1,25,0,34,528,4676,3,1186,12641,21,25575,15,7400,0,156,0,0,320,320,0,0,0,0,116380998
627,EYE_R_SWEEP,75,1,26,0,34,523,4679,3,1170,12554,21,25472,15,7394,0,152,0,0,320,320,0,0,0,0,116380998
628,EYE_R_SWEEP,75,1,27,0,34,523,4679,3,1156,12658,21,25609,16,7420,0,159,0,0,320,320,0,0,0,0,116380998
629,EYE_R_SWEEP,75,1,28,0,34,518,4676,3,1207,12565,47,25660,19,7547,0,158,0,0,320,320,0,0,0,0,116380998
630,EYE_R_SWEEP,75,1,29,0,34,518,4675,3,1176,12552,21,25746,15,7669,0,159,0,0,320,320,0,0,0,0,116380998
631,EYE_R_SWEEP,75,1,30,0,34,522,4672,3,1183,12579,21,25732,20,7637,0,173,0,0,320,320,0,0,0,0,116380998
632,EYE_R_SWEEP,75,1,31,0,34,537,4681,3,1181,12494,21,25595,15,7558,0,159,0,0,320,320,0,0,0,0,116380998
633,EYE_R_SWEEP,75,1,32,0,33,520,4673,3,1144,12577,20,25651,16,7548,0,162,0,0,320,320,0,0,0,0,116380998
634,EYE_R_SWEEP,75,1,33,0,34,534,4675,4,1149,12482,20,25613,19,7599,0,171,0,0,320,320,0,0,0,0,116380998
635,EYE_R_SWEEP,75,1,34,0,34,532,4672,3,1153,12517,21,25645,19,7599,0,156,0,0,320,320,0,0,0,0,116380998
636,EYE_R_SWEEP,75,1,35,0,34,554,4680,3,1158,12489,21,25653,19,7605,0,157,0,0,320,320,0,0,0,0,116380998
637,EYE_R_SWEEP,75,1,36,0,33,529,4676,3,1163,12463,21,25667,15,7675,0,158,0,0,320,320,0,0,0,0,116380998
638,EYE_R_SWEEP,75,1,37,0,34,529,4669,3,1167,12506,20,25639,19,7604,0,155,0,0,320,320,0,0,0,0,116380998
639,EYE_R_SWEEP,75,1,38,0,34,531,4676,3,1167,12432,21,25590,19,7622,0,148,0,0,320,320,0,0,0,0,116380998
640,EYE_R_SWEEP,75,1,39,0,34,531,4668,3,1164,12526,20,25670,19,7618,0,154,0,0,320,320,0,0,0,0,116380998
641,EYE_R_SWEEP,75,1,40,0,34,564,4668,4,1151,12452,21,25642,19,7619,0,157,0,0,320,320,0,0,0,0,116380998
642,EYE_R_SWEEP,75,1,41,0,34,530,4670,3,1157,12409,20,25612,16,7662,0,158,0,0,320,320,0,0,0,0,116380998
643,EYE_R_SWEEP,75,1,42,0,34,526,4658,3,1178,12449,21,25596,19,7635,0,154,0,0,320,320,0,0,0,0,116380998
644,EYE_R_SWEEP,75,1,43,0,34,520,4662,3,1150,12404,21,25525,20,7595,0,156,0,0,320,320,0,0,0,0,116380998
645,EYE_R_SWEEP,75,1,44,0,33,521,4663,3,1181,12557,21,25710,15,7642,0,154,0,0,320,320,0,0,0,0,116380998
646,EYE_R_SWEEP,75,1,45,0,34,543,4665,3,1145,12511,20,25652,19,7601,0,149,0,0,320,320,0,0,0,0,116380998
647,EYE_R_SWEEP,75,1,46,0,34,523,4656,3,1181,12482,20,25582,16,7598,0,160,0,0,320,320,0,0,0,0,116380998
648,EYE_R_SWEEP,75,1,47,0,33,522,4662,3,1187,12595,21,25647,19,7546,0,156,0,0,320,320,0,0,0,0,116380998
649,EYE_R_SWEEP,75,1,48,0,33,520,4672,3,1165,12520,20,25534,19,7496,0,153,0,0,320,320,0,0,0,0,116380998
650,EYE_R_SWEEP,75,1,49,0,33,524,4663,3,1163,12662,20,25706,19,7524,0,147,0,0,320,320,0,0,0,0,116380998
656,NECK_SWEEP,75,1,5,0,52,618,4927,3,1371,13204,20,26899,19,7795,0,149,0,0,320,320,0,0,0,0,102748114
657,NECK_SWEEP,75,1,6,0,33,536,4892,4,1142,13081,22,26491,15,7657,0,162,0,0,320,320,0,0,0,0,102748114
658,NECK_SWEEP,75,1,7,0,33,542,4900,3,1148,13161,21,26528,15,7583,0,161,0,0,320,320,0,0,0,0,102748114
659,NECK_SWEEP,75,1,8,0,34,578,4893,3,1149,13119,20,26470,16,7549,0,156,0,0,320,320,0,0,0,0,102748114
660,NECK_SWEEP,75,1,9,0,34,546,4897,3,1152,13159,21,26608,11,7501,0,161,0,0,320,320,0,0,0,0,102748114
661,NECK_SWEEP,75,1,10,0,33,531,4886,3,1146,13116,20,26335,19,7472,0,157,0,0,320,320,0,0,0,0,102748114
662,NECK_SWEEP,75,1,11,0,33,540,4886,3,1149,13085,20,26394,16,7566,0,149,0,0,320,320,0,0,0,0,102748114
663,NECK_SWEEP,75,1,12,0,34,540,4882,3,1143,12905,20,26030,20,7370,0,153,0,0,320,320,0,0,0,0,102748114
664,NECK_SWEEP,75,1,13,0,37,554,4665,3,1153,12536,20,25451,16,7361,0,157,0,0,320,320,0,0,0,0,102748114
665,NECK_SWEEP,75,1,14,0,34,538,4878,3,1147,13024,21,26250,19,7485,0,151,0,0,320,320,0,0,0,0,102748114
666,NECK_SWEEP,75,1,15,0,34,536,4881,3,1162,13048,21,26233,19,7401,0,157,0,0,320,320,0,0,0,0,102748114
667,NECK_SWEEP,75,1,16,0,34,538,4875,4,1156,13180,21,26285,11,7353,0,149,0,0,320,320,0,0,0,0,102748114
668,NECK_SWEEP,75,1,17,0,34,540,4892,3,1123,13130,21,26219,16,7327,0,148,0,0,320,320,0,0,0,0,102748114
669,NECK_SWEEP,75,1,18,0,33,541,4884,3,969,13132,22,26117,15,7241,0,149,0,0,320,320,0,0,0,0,102748114
670,NECK_SWEEP,75,1,19,0,34,558,4881,4,861,13155,21,25998,12,7075,0,158,0,0,320,320,0,0,0,0,102748114
671,NECK_SWEEP,75,1,20,0,33,554,4877,3,1147,13086,21,26282,15,7420,0,155,0,0,320,320,0,0,0,0,102748114
672,NECK_SWEEP,75,1,21,0,33,541,4885,3,1026,13129,20,26130,15,7246,0,154,0,0,320,320,0,0,0,0,102748114
673,NECK_SWEEP,75,1,22,0,34,587,4863,3,880,13149,20,26044,19,7094,0,154,0,0,320,320,0,0,0,0,102748114
674,NECK_SWEEP,75,1,23,0,34,549,4878,4,1163,13153,22,26272,11,7349,0,156,0,0,320,320,0,0,0,0,102748114
675,NECK_SWEEP,75,1,24,0,34,571,4884,3,1081,13139,21,26205,16,7285,0,188,0,0,320,320,0,0,0,0,102748114
676,NECK_SWEEP,75,1,25,0,34,545,4883,3,937,13166,21,26066,15,7139,0,157,0,0,320,320,0,0,0,0,102748114
677,NECK_SWEEP,75,1,26,0,34,565,4871,3,1157,13131,20,26241,49,7338,0,160,0,0,320,320,0,0,0,0,102748114
678,NECK_SWEEP,75,1,27,0,33,543,4873,3,1151,13203,21,26294,12,7351,0,156,0,0,320,320,0,0,0,0,102748114
679,NECK_SWEEP,75,1,28,0,34,541,4882,3,990,13119,21,26072,19,7200,0,159,0,0,320,320,0,0,0,0,102748114
680,NECK_SWEEP,75,1,29,0,33,539,4895,3,1157,13161,20,26306,16,7376,0,158,0,0,320,320,0,0,0,0,102748114
681,NECK_SWEEP,75,1,30,0,44,535,4888,3,1151,13101,21,26223,15,7356,0,152,0,0,320,320,0,0,0,0,102748114
682,NECK_SWEEP,75,1,31,0,33,542,4880,4,1041,13096,22,26173,12,7318,0,149,0,0,320,320,0,0,0,0,102748114
683,NECK_SWEEP,75,1,32,0,43,554,4883,3,920,13159,21,26064,15,7134,0,158,0,0,320,320,0,0,0,0,102748114
684,NECK_SWEEP,75,1,33,0,34,561,4873,3,1149,13105,22,26308,11,7438,0,158,0,0,320,320,0,0,0,0,102748114
685,NECK_SWEEP,75,1,34,0,33,539,4893,3,1127,13097,21,26192,12,7333,0,149,0,0,320,320,0,0,0,0,102748114
686,NECK_SWEEP,75,1,35,0,33,574,4877,3,967,13052,20,26020,20,7177,0,157,0,0,320,320,0,0,0,0,102748114
687,NECK_SWEEP,75,1,36,0,34,538,4880,12,1160,12972,20,26102,20,7381,0,150,0,0,320,320,0,0,0,0,102748114
688,NECK_SWEEP,75,1,37,0,34,545,4667,3,1155,12570,20,25540,12,7387,0,156,0,0,320,320,0,0,0,0,102748114
689,NECK_SWEEP,75,1,38,0,34,537,4883,3,1043,12972,21,25992,11,7266,0,169,0,0,320,320,0,0,0,0,102748114
690,NECK_SWEEP,75,1,39,0,34,565,4877,3,1159,13049,21,26211,16,7391,0,150,0,0,320,320,0,0,0,0,102748114
691,NECK_SWEEP,75,1,40,0,34,540,4890,3,1170,13167,21,26292,19,7371,0,164,0,0,320,320,0,0,0,0,102748114
692,NECK_SWEEP,75,1,41,0,33,544,4883,3,1119,13063,20,26171,16,7354,0,148,0,0,320,320,0,0,0,0,102748114
693,NECK_SWEEP,75,1,42,0,34,541,4884,3,939,13147,21,26136,19,7233,0,158,0,0,320,320,0,0,0,0,102748114
694,NECK_SWEEP,75,1,43,0,33,560,4898,3,856,13184,20,26056,16,7080,0,165,0,0,320,320,0,0,0,0,102748114
695,NECK_SWEEP,75,1,44,0,34,554,4898,3,1154,13076,21,26274,20,7413,0,165,0,0,320,320,0,0,0,0,102748114
696,NECK_SWEEP,75,1,45,0,34,543,4895,3,1018,13198,22,26195,15,7231,0,156,0,0,320,320,0,0,0,0,102748114
697,NECK_SWEEP,75,1,46,0,34,598,4886,4,872,13148,21,26051,19,7090,0,157,0,0,320,320,0,0,0,0,102748114
698,NECK_SWEEP,75,1,47,0,34,541,4892,3,1154,13149,22,26272,11,7356,0,155,0,0,320,320,0,0,0,0,102748114
699,NECK_SWEEP,75,1,48,0,33,578,4893,3,1072,13135,20,26203,16,7268,0,180,0,0,320,320,0,0,0,0,102748114
700,NECK_SWEEP,75,1,49,0,33,564,4894,3,918,13204,21,26107,16,7116,0,149,0,0,320,320,0,0,0,0,102748114
706,FACE_SWEEP,75,1,5,0,52,938,4711,3,1339,12779,20,26422,20,7612,0,178,0,0,320,320,0,0,0,0,3466384311
707,FACE_SWEEP,75,1,6,0,34,869,4662,3,1162,12666,21,25996,12,7458,0,153,0,0,320,320,0,0,0,0,3466384311
708,FACE_SWEEP,75,1,7,0,34,854,4663,3,1141,12678,20,25909,16,7386,0,167,0,0,320,320,0,0,0,0,3466384311
709,FACE_SWEEP,75,1,8,0,34,852,4656,4,1151,12678,20,25907,16,7387,0,161,0,0,320,320,0,0,0,0,3466384311
710,FACE_SWEEP,75,1,9,0,34,896,4654,3,1153,12692,22,25952,27,7381,0,154,0,0,320,320,0,0,0,0,3466384311
711,FACE_SWEEP,75,1,10,0,34,847,4665,3,952,12733,21,25765,15,7197,0,153,0,0,320,320,0,0,0,0,3466384311
712,FACE_SWEEP,75,1,11,0,34,874,4664,3,1030,12627,20,25747,11,7258,0,152,0,0,320,320,0,0,0,0,3466384311
713,FACE_SWEEP,75,1,12,0,34,864,4664,3,1149,12705,22,25942,25,7377,0,153,0,0,320,320,0,0,0,0,3466384311
714,FACE_SWEEP,75,1,13,0,34,860,4674,3,1142,12689,21,26055,20,7502,0,150,0,0,320,320,0,0,0,0,3466384311
715,FACE_SWEEP,75,1,14,0,33,866,4674,3,1161,12609,20,26019,16,7530,0,157,0,0,320,320,0,0,0,0,3466384311
716,FACE_SWEEP,75,1,15,0,34,856,4664,3,1150,12554,20,26014,11,7605,0,153,0,0,320,320,0,0,0,0,3466384311
717,FACE_SWEEP,75,1,16,0,34,856,4664,3,1154,12517,21,25976,14,7616,0,154,0,0,320,320,0,0,0,0,3466384311
718,FACE_SWEEP,75,1,17,0,34,871,4668,3,1160,12660,21,26144,11,7617,0,162,0,0,320,320,0,0,0,0,3466384311
719,FACE_SWEEP,75,1,18,0,34,862,4668,3,1138,12560,21,26005,19,7578,0,162,0,0,320,320,0,0,0,0,3466384311
720,FACE_SWEEP,75,1,19,0,33,864,4672,3,1166,12576,21,26278,11,7626,0,151,0,0,320,320,0,0,0,0,3466384311
721,FACE_SWEEP,75,1,20,0,33,862,4673,3,1146,12484,28,25946,15,7605,0,155,0,0,320,320,0,0,0,0,3466384311
722,FACE_SWEEP,75,1,21,0,33,871,4674,3,1150,12585,21,26064,11,7603,0,156,0,0,320,320,0,0,0,0,3466384311
723,FACE_SWEEP,75,1,22,0,34,863,4672,3,1145,12638,21,26099,11,7599,0,170,0,0,320,320,0,0,0,0,3466384311
724,FACE_SWEEP,75,1,23,0,34,860,4672,3,1141,12585,21,26036,12,7592,0,150,0,0,320,320,0,0,0,0,3466384311
725,FACE_SWEEP,75,1,24,0,33,870,4656,3,1147,12628,20,26083,15,7605,0,168,0,0,320,320,0,0,0,0,3466384311
726,FACE_SWEEP,75,1,25,0,34,886,4676,4,1131,12557,21,25821,16,7376,0,164,0,0,320,320,0,0,0,0,3466384311
727,FACE_SWEEP,75,1,26,0,34,853,4667,3,1163,12637,20,25842,12,7371,0,163,0,0,320,320,0,0,0,0,3466384311
728,FACE_SWEEP,75,1,27,0,33,849,4668,3,1148,12534,20,25757,12,7379,0,153,0,0,320,320,0,0,0,0,3466384311
729,FACE_SWEEP,75,1,28,0,33,825,4666,3,1157,12612,22,25825,15,7384,0,179,0,0,320,320,0,0,0,0,3466384311
730,FACE_SWEEP,75,1,29,0,34,860,4653,4,1058,12601,21,25730,15,7285,0,154,0,0,320,320,0,0,0,0,3466384311
731,FACE_SWEEP,75,1,30,0,34,890,4678,3,893,12620,22,25644,15,7120,0,157,0,0,320,320,0,0,0,0,3466384311
732,FACE_SWEEP,75,1,31,0,34,849,4677,3,937,12564,20,25631,15,7161,0,152,0,0,320,320,0,0,0,0,3466384311
733,FACE_SWEEP,75,1,32,0,34,858,4664,3,1014,12682,22,25771,19,7230,0,164,0,0,320,320,0,0,0,0,3466384311
734,FACE_SWEEP,75,1,33,0,33,864,4669,3,938,12540,20,25596,15,7150,0,158,0,0,320,320,0,0,0,0,3466384311
735,FACE_SWEEP,75,1,34,0,34,855,4665,3,887,12670,22,25642,12,7113,0,153,0,0,320,320,0,0,0,0,3466384311
736,FACE_SWEEP,75,1,35,0,33,856,4667,3,962,12624,20,25644,16,7167,0,161,0,0,320,320,0,0,0,0,3466384311
737,FACE_SWEEP,75,1,36,0,33,856,4658,3,1073,12727,20,25870,16,7301,0,166,0,0,320,320,0,0,0,0,3466384311
738,FACE_SWEEP,75,1,37,0,34,867,4664,4,871,12551,20,25500,15,7089,0,152,0,0,320,320,0,0,0,0,3466384311
739,FACE_SWEEP,75,1,38,0,34,853,4672,3,948,12719,20,25759,16,7174,0,157,0,0,320,320,0,0,0,0,3466384311
740,FACE_SWEEP,75,1,39,0,33,871,4663,3,1034,12573,20,25698,12,7262,0,153,0,0,320,320,0,0,0,0,3466384311
741,FACE_SWEEP,75,1,40,0,43,867,4673,3,931,12706,21,25738,12,7157,0,153,0,0,320,320,0,0,0,0,3466384311
742,FACE_SWEEP,75,1,41,0,34,875,4660,3,1159,12616,20,25929,15,7443,0,169,0,0,320,320,0,0,0,0,3466384311
743,FACE_SWEEP,75,1,42,0,33,859,4670,3,1150,12667,21,25984,19,7456,0,153,0,0,320,320,0,0,0,0,3466384311
744,FACE_SWEEP,75,1,43,0,33,859,4660,3,1151,12696,21,26087,19,7544,0,150,0,0,320,320,0,0,0,0,3466384311
745,FACE_SWEEP,75,1,44,0,34,860,4662,3,1211,12595,48,26136,15,7660,0,181,0,0,320,320,0,0,0,0,3466384311
746,FACE_SWEEP,75,1,45,0,34,865,4656,3,1190,12664,20,26176,16,7653,0,156,0,0,320,320,0,0,0,0,3466384311
747,FACE_SWEEP,75,1,46,0,34,865,4659,3,1192,12658,21,26098,15,7585,0,154,0,0,320,320,0,0,0,0,3466384311
748,FACE_SWEEP,75,1,47,0,33,858,4661,3,1179,12583,21,25994,11,7559,0,158,0,0,320,320,0,0,0,0,3466384311
749,FACE_SWEEP,75,1,48,0,34,865,4652,4,1153,12713,20,26179,12,7620,0,158,0,0,320,320,0,0,0,0,3466384311
750,FACE_SWEEP,75,1,49,0,34,861,4670,3,1176,12642,21,26170,11,7658,0,144,0,0,320,320,0,0,0,0,3466384311
756,MULTI_AXIS,75,1,5,0,54,966,4922,3,1365,12904,22,26971,12,7802,0,164,0,0,320,320,0,0,0,0,1583140028
757,MULTI_AXIS,75,1,6,0,35,904,4897,3,1212,12825,47,26587,12,7617,0,157,0,0,320,320,0,0,0,0,1583140028
758,MULTI_AXIS,75,1,7,0,35,887,4879,3,1185,12821,21,26538,15,7605,0,154,0,0,320,320,0,0,0,0,1583140028
759,MULTI_AXIS,75,1,8,0,35,898,4881,3,1184,12748,21,26475,12,7613,0,166,0,0,320,320,0,0,0,0,1583140028
760,MULTI_AXIS,75,1,9,0,35,882,4889,3,1174,12754,21,26522,12,7659,0,157,0,0,320,320,0,0,0,0,1583140028
761,MULTI_AXIS,75,1,10,0,35,882,4888,3,1152,12812,21,26494,12,7567,0,157,0,0,320,320,0,0,0,0,1583140028
762,MULTI_AXIS,75,1,11,0,35,886,4880,3,1171,12741,21,26460,11,7595,0,163,0,0,320,320,0,0,0,0,1583140028
763,MULTI_AXIS,75,1,12,0,35,887,4871,3,1158,12868,20,26530,12,7573,0,165,0,0,320,320,0,0,0,0,1583140028
764,MULTI_AXIS,75,1,13,0,35,886,4883,4,1176,12794,22,26432,15,7528,0,154,0,0,320,320,0,0,0,0,1583140028
765,MULTI_AXIS,75,1,14,0,35,878,4881,3,1153,12822,21,26480,12,7567,0,152,0,0,320,320,0,0,0,0,1583140028
766,MULTI_AXIS,75,1,15,0,35,888,4888,4,1164,12858,21,26448,16,7493,0,157,0,0,320,320,0,0,0,0,1583140028
767,MULTI_AXIS,75,1,16,0,35,881,4882,3,1231,12893,22,26540,11,7562,0,154,0,0,320,320,0,0,0,0,1583140028
768,MULTI_AXIS,75,1,17,0,36,880,4885,4,1179,12922,20,26432,15,7416,0,157,0,0,320,320,0,0,0,0,1583140028
769,MULTI_AXIS,75,1,18,0,35,883,4870,3,1204,12892,21,26377,11,7385,0,157,0,0,320,320,0,0,0,0,1583140028
770,MULTI_AXIS,75,1,19,0,35,881,4872,3,1011,12931,22,26302,12,7284,0,160,0,0,320,320,0,0,0,0,1583140028
771,MULTI_AXIS,75,1,20,0,35,881,4889,3,951,13090,21,26336,11,7143,0,151,0,0,320,320,0,0,0,0,1583140028
772,MULTI_AXIS,75,1,21,0,35,905,4887,3,931,13003,20,26290,16,7128,0,161,0,0,320,320,0,0,0,0,1583140028
773,MULTI_AXIS,75,1,22,0,35,891,4864,3,1030,13129,21,26451,15,7232,0,161,0,0,320,320,0,0,0,0,1583140028
774,MULTI_AXIS,75,1,23,0,35,893,4883,3,1128,13103,20,26535,15,7330,0,161,0,0,320,320,0,0,0,0,1583140028
775,MULTI_AXIS,75,1,24,0,35,879,4888,3,1169,13171,20,26638,19,7379,0,158,0,0,320,320,0,0,0,0,1583140028
776,MULTI_AXIS,75,1,25,0,35,862,4875,3,1145,13131,21,26573,11,7375,0,152,0,0,320,320,0,0,0,0,1583140028
777,MULTI_AXIS,75,1,26,0,35,861,4869,3,1162,13002,20,26436,16,7355,0,152,0,0,320,320,0,0,0,0,1583140028
778,MULTI_AXIS,75,1,27,0,35,913,4885,3,1180,13081,20,26607,11,7405,0,153,0,0,320,320,0,0,0,0,1583140028
779,MULTI_AXIS,75,1,28,0,35,897,4890,3,1182,12881,21,26401,19,7403,0,157,0,0,320,320,0,0,0,0,1583140028
780,MULTI_AXIS,75,1,29,0,35,888,4667,3,1174,12517,21,26048,11,7481,0,150,0,0,320,320,0,0,0,0,1583140028
781,MULTI_AXIS,75,1,30,0,39,871,4877,3,1191,12855,20,26323,11,7391,0,174,0,0,320,320,0,0,0,0,1583140028
782,MULTI_AXIS,75,1,31,0,39,885,4887,3,1149,13101,20,26596,20,7341,0,157,0,0,320,320,0,0,0,0,1583140028
783,MULTI_AXIS,75,1,32,0,38,889,4883,3,1150,13000,21,26483,15,7383,0,154,0,0,320,320,0,0,0,0,1583140028
784,MULTI_AXIS,75,1,33,0,39,889,4885,3,1156,12967,21,26457,12,7359,0,157,0,0,320,320,0,0,0,0,1583140028
785,MULTI_AXIS,75,1,34,0,39,872,4893,3,1184,13007,21,26506,15,7404,0,161,0,0,320,320,0,0,0,0,1583140028
786,MULTI_AXIS,75,1,35,0,39,890,4890,3,1179,12908,21,26413,19,7394,0,153,0,0,320,320,0,0,0,0,1583140028
787,MULTI_AXIS,75,1,36,0,39,880,4897,3,1176,12916,21,26487,15,7450,0,158,0,0,320,320,0,0,0,0,1583140028
788,MULTI_AXIS,75,1,37,0,38,883,4901,3,1174,13032,20,26546,15,7392,0,163,0,0,320,320,0,0,0,0,1583140028
789,MULTI_AXIS,75,1,38,0,38,907,4904,3,1183,12938,21,26548,15,7466,0,162,0,0,320,320,0,0,0,0,1583140028
790,MULTI_AXIS,75,1,39,0,39,887,4899,4,1161,13021,21,26528,12,7395,0,156,0,0,320,320,0,0,0,0,1583140028
791,MULTI_AXIS,75,1,40,0,39,889,4898,3,1209,12901,22,26424,19,7407,0,158,0,0,320,320,0,0,0,0,1583140028
792,MULTI_AXIS,75,1,41,0,39,885,4904,3,1190,13056,20,26595,12,7419,0,171,0,0,320,320,0,0,0,0,1583140028
793,MULTI_AXIS,75,1,42,0,39,876,4898,3,1214,12943,22,26459,15,7405,0,146,0,0,320,320,0,0,0,0,1583140028
794,MULTI_AXIS,75,1,43,0,38,884,4907,3,1197,13006,21,26551,11,7426,0,156,0,0,320,320,0,0,0,0,1583140028
795,MULTI_AXIS,75,1,44,0,38,881,4898,3,1183,12959,21,26450,19,7382,0,165,0,0,320,320,0,0,0,0,1583140028
796,MULTI_AXIS,75,1,45,0,39,881,4902,3,1181,13035,20,26637,16,7436,0,163,0,0,320,320,0,0,0,0,1583140028
797,MULTI_AXIS,75,1,46,0,39,900,4894,3,1190,13038,30,26696,16,7511,0,161,0,0,320,320,0,0,0,0,1583140028
798,MULTI_AXIS,75,1,47,0,38,891,4891,3,1216,13017,57,26768,11,7598,0,159,0,0,320,320,0,0,0,0,1583140028
799,MULTI_AXIS,75,1,48,0,38,887,4895,3,1191,13091,30,26862,11,7632,0,162,0,0,320,320,0,0,0,0,1583140028
800,MULTI_AXIS,75,1,49,0,39,887,4896,4,1225,13002,56,26637,15,7489,0,157,0,0,320,320,0,0,0,0,1583140028
