scenario,scale_q100,round,metric,count,avg,p50,p95,p99,min,max
LOAD,0,0,load_us,1,263288,263288,263288,263288,263288,263288
STATIC,100,1,slot_wait_us,45,0.00,0,0,0,0,0
STATIC,100,1,controller_us,45,5.02,5,5,16,4,16
STATIC,100,1,rt30_us,45,47.60,44,72,76,40,76
STATIC,100,1,hierarchy_vertex_us,45,126.56,128,132,160,98,160
STATIC,100,1,bounds_us,45,3.09,3,4,4,3,4
STATIC,100,1,clear_us,45,1156.60,1173,1193,1362,936,1362
STATIC,100,1,raster_us,45,18370.11,18366,18508,18529,18236,18529
STATIC,100,1,cache_sync_us,45,21.33,21,30,31,20,31
STATIC,100,1,producer_total_us,45,26404.16,26398,26623,26667,26083,26667
STATIC,100,1,publish_consume_us,45,16.24,15,20,42,11,42
STATIC,100,1,ppa_wait_us,45,7555.31,7573,7750,7763,7207,7763
STATIC,100,1,ppa_blend_us,45,0.00,0,0,0,0,0
STATIC,100,1,panel_submit_us,45,158.22,157,169,184,150,184
STATIC,100,1,frame_drop,45,0.00,0,0,0,0,0
STATIC,100,1,slot_miss,45,0.00,0,0,0,0,0
STATIC,100,1,lock_skip,45,0.00,0,0,0,0,0
STATIC,100,1,deadline_miss,45,0.00,0,0,0,0,0
ALL_14_5,100,1,slot_wait_us,45,0.00,0,0,0,0,0
ALL_14_5,100,1,controller_us,45,39.80,39,42,57,38,57
ALL_14_5,100,1,rt30_us,45,41.93,41,46,49,39,49
ALL_14_5,100,1,hierarchy_vertex_us,45,128.87,129,132,160,123,160
ALL_14_5,100,1,bounds_us,45,3.13,3,4,4,3,4
ALL_14_5,100,1,clear_us,45,1189.18,1184,1222,1376,1151,1376
ALL_14_5,100,1,raster_us,45,18016.20,18021,18110,18148,17913,18148
ALL_14_5,100,1,cache_sync_us,45,22.13,21,29,48,20,48
ALL_14_5,100,1,producer_total_us,45,26136.36,26137,26280,26580,25932,26580
ALL_14_5,100,1,publish_consume_us,45,15.73,15,20,30,11,30
ALL_14_5,100,1,ppa_wait_us,45,7603.80,7597,7702,7947,7470,7947
ALL_14_5,100,1,ppa_blend_us,45,0.00,0,0,0,0,0
ALL_14_5,100,1,panel_submit_us,45,161.47,158,196,199,149,199
ALL_14_5,100,1,frame_drop,45,0.00,0,0,0,0,0
ALL_14_5,100,1,slot_miss,45,0.00,0,0,0,0,0
ALL_14_5,100,1,lock_skip,45,0.00,0,0,0,0,0
ALL_14_5,100,1,deadline_miss,45,0.00,0,0,0,0,0
ALL_29,100,1,slot_wait_us,45,0.00,0,0,0,0,0
ALL_29,100,1,controller_us,45,40.58,39,49,57,38,57
ALL_29,100,1,rt30_us,45,44.78,43,52,66,39,66
ALL_29,100,1,hierarchy_vertex_us,45,129.71,128,141,159,120,159
ALL_29,100,1,bounds_us,45,3.09,3,4,4,3,4
ALL_29,100,1,clear_us,45,1109.89,1171,1214,1367,884,1367
ALL_29,100,1,raster_us,45,18352.89,18347,18468,18494,18198,18494
ALL_29,100,1,cache_sync_us,45,23.20,21,47,48,20,48
ALL_29,100,1,producer_total_us,45,26324.36,26322,26619,26876,25964,26876
ALL_29,100,1,publish_consume_us,45,15.16,15,19,24,11,24
ALL_29,100,1,ppa_wait_us,45,7444.67,7420,7712,7853,7135,7853
ALL_29,100,1,ppa_blend_us,45,0.00,0,0,0,0,0
ALL_29,100,1,panel_submit_us,45,160.13,160,169,184,150,184
ALL_29,100,1,frame_drop,45,0.00,0,0,0,0,0
ALL_29,100,1,slot_miss,45,0.00,0,0,0,0,0
ALL_29,100,1,lock_skip,45,0.00,0,0,0,0,0
ALL_29,100,1,deadline_miss,45,0.00,0,0,0,0,0
EYE_L_SWEEP,100,1,slot_wait_us,45,0.00,0,0,0,0,0
EYE_L_SWEEP,100,1,controller_us,45,38.47,38,46,49,37,49
EYE_L_SWEEP,100,1,rt30_us,45,725.60,726,751,760,602,760
EYE_L_SWEEP,100,1,hierarchy_vertex_us,45,4686.60,4687,4700,4714,4654,4714
EYE_L_SWEEP,100,1,bounds_us,45,3.11,3,4,4,3,4
EYE_L_SWEEP,100,1,clear_us,45,1577.69,1580,1615,1625,1342,1625
EYE_L_SWEEP,100,1,raster_us,45,18280.71,18278,18438,18454,18083,18454
EYE_L_SWEEP,100,1,cache_sync_us,45,20.96,21,22,28,20,28
EYE_L_SWEEP,100,1,producer_total_us,45,31911.31,31899,32096,32134,31739,32134
EYE_L_SWEEP,100,1,publish_consume_us,45,15.11,15,20,23,11,23
EYE_L_SWEEP,100,1,ppa_wait_us,45,7879.31,7875,7961,8016,7629,8016
EYE_L_SWEEP,100,1,ppa_blend_us,45,0.00,0,0,0,0,0
EYE_L_SWEEP,100,1,panel_submit_us,45,160.38,159,183,192,148,192
EYE_L_SWEEP,100,1,frame_drop,45,0.00,0,0,0,0,0
EYE_L_SWEEP,100,1,slot_miss,45,0.00,0,0,0,0,0
EYE_L_SWEEP,100,1,lock_skip,45,0.00,0,0,0,0,0
EYE_L_SWEEP,100,1,deadline_miss,45,0.00,0,0,0,0,0
EYE_R_SWEEP,100,1,slot_wait_us,45,0.00,0,0,0,0,0
EYE_R_SWEEP,100,1,controller_us,45,39.20,37,46,85,37,85
EYE_R_SWEEP,100,1,rt30_us,45,726.00,727,749,765,620,765
EYE_R_SWEEP,100,1,hierarchy_vertex_us,45,4683.18,4685,4699,4738,4648,4738
EYE_R_SWEEP,100,1,bounds_us,45,3.09,3,4,4,3,4
EYE_R_SWEEP,100,1,clear_us,45,1574.73,1577,1603,1612,1364,1612
EYE_R_SWEEP,100,1,raster_us,45,18270.42,18274,18394,18424,18107,18424
EYE_R_SWEEP,100,1,cache_sync_us,45,21.78,21,22,51,20,51
EYE_R_SWEEP,100,1,producer_total_us,45,31899.87,31898,32027,32106,31747,32106
EYE_R_SWEEP,100,1,publish_consume_us,45,15.04,15,20,20,11,20
EYE_R_SWEEP,100,1,ppa_wait_us,45,7881.42,7872,7937,7942,7647,7942
EYE_R_SWEEP,100,1,ppa_blend_us,45,0.00,0,0,0,0,0
EYE_R_SWEEP,100,1,panel_submit_us,45,158.69,159,167,175,151,175
EYE_R_SWEEP,100,1,frame_drop,45,0.00,0,0,0,0,0
EYE_R_SWEEP,100,1,slot_miss,45,0.00,0,0,0,0,0
EYE_R_SWEEP,100,1,lock_skip,45,0.00,0,0,0,0,0
EYE_R_SWEEP,100,1,deadline_miss,45,0.00,0,0,0,0,0
NECK_SWEEP,100,1,slot_wait_us,45,0.00,0,0,0,0,0
NECK_SWEEP,100,1,controller_us,45,38.49,37,45,64,37,64
NECK_SWEEP,100,1,rt30_us,45,731.78,744,778,783,622,783
NECK_SWEEP,100,1,hierarchy_vertex_us,45,4897.62,4907,4930,4932,4669,4932
NECK_SWEEP,100,1,bounds_us,45,3.20,3,4,4,3,4
NECK_SWEEP,100,1,clear_us,45,1561.47,1577,1594,1604,1323,1604
NECK_SWEEP,100,1,raster_us,45,18508.87,18499,18610,18635,18359,18635
NECK_SWEEP,100,1,cache_sync_us,45,21.47,21,29,30,20,30
NECK_SWEEP,100,1,producer_total_us,45,32453.16,32436,32649,32713,32166,32713
NECK_SWEEP,100,1,publish_consume_us,45,14.36,12,19,21,11,21
NECK_SWEEP,100,1,ppa_wait_us,45,7972.18,7969,8170,8190,7656,8190
NECK_SWEEP,100,1,ppa_blend_us,45,0.00,0,0,0,0,0
NECK_SWEEP,100,1,panel_submit_us,45,159.11,158,173,185,148,185
NECK_SWEEP,100,1,frame_drop,45,0.00,0,0,0,0,0
NECK_SWEEP,100,1,slot_miss,45,0.00,0,0,0,0,0
NECK_SWEEP,100,1,lock_skip,45,0.00,0,0,0,0,0
NECK_SWEEP,100,1,deadline_miss,45,0.00,0,0,0,0,0
FACE_SWEEP,100,1,slot_wait_us,45,0.00,0,0,0,0,0
FACE_SWEEP,100,1,controller_us,45,38.02,37,47,49,34,49
FACE_SWEEP,100,1,rt30_us,45,971.80,982,1005,1010,879,1010
FACE_SWEEP,100,1,hierarchy_vertex_us,45,4679.13,4681,4692,4698,4650,4698
FACE_SWEEP,100,1,bounds_us,45,3.16,3,4,4,3,4
FACE_SWEEP,100,1,clear_us,45,1573.20,1584,1606,1621,1329,1621
FACE_SWEEP,100,1,raster_us,45,18417.38,18420,18528,18558,18256,18558
FACE_SWEEP,100,1,cache_sync_us,45,21.18,21,22,29,20,29
FACE_SWEEP,100,1,producer_total_us,45,32344.42,32332,32452,32499,32144,32499
FACE_SWEEP,100,1,publish_consume_us,45,14.11,15,19,23,11,23
FACE_SWEEP,100,1,ppa_wait_us,45,7937.40,7895,8112,8119,7628,8119
FACE_SWEEP,100,1,ppa_blend_us,45,0.00,0,0,0,0,0
FACE_SWEEP,100,1,panel_submit_us,45,159.44,157,174,197,148,197
FACE_SWEEP,100,1,frame_drop,45,0.00,0,0,0,0,0
FACE_SWEEP,100,1,slot_miss,45,0.00,0,0,0,0,0
FACE_SWEEP,100,1,lock_skip,45,0.00,0,0,0,0,0
FACE_SWEEP,100,1,deadline_miss,45,0.02,0,0,1,0,1
MULTI_AXIS,100,1,slot_wait_us,45,0.00,0,0,0,0,0
MULTI_AXIS,100,1,controller_us,45,41.13,39,50,67,34,67
MULTI_AXIS,100,1,rt30_us,45,979.00,988,1011,1035,900,1035
MULTI_AXIS,100,1,hierarchy_vertex_us,45,4886.44,4893,4904,4911,4685,4911
MULTI_AXIS,100,1,bounds_us,45,3.09,3,4,4,3,4
MULTI_AXIS,100,1,clear_us,45,1567.42,1583,1599,1615,1407,1615
MULTI_AXIS,100,1,raster_us,45,18208.09,18222,18378,18422,17992,18422
MULTI_AXIS,100,1,cache_sync_us,45,21.13,21,22,29,20,29
MULTI_AXIS,100,1,producer_total_us,45,32407.78,32426,32549,32651,32154,32651
MULTI_AXIS,100,1,publish_consume_us,45,14.36,12,20,24,11,24
MULTI_AXIS,100,1,ppa_wait_us,45,7986.67,7977,8149,8199,7750,8199
MULTI_AXIS,100,1,ppa_blend_us,45,0.00,0,0,0,0,0
MULTI_AXIS,100,1,panel_submit_us,45,159.67,158,174,180,149,180
MULTI_AXIS,100,1,frame_drop,45,0.00,0,0,0,0,0
MULTI_AXIS,100,1,slot_miss,45,0.00,0,0,0,0,0
MULTI_AXIS,100,1,lock_skip,45,0.00,0,0,0,0,0
MULTI_AXIS,100,1,deadline_miss,45,0.04,0,0,1,0,1
STATIC,75,1,slot_wait_us,45,0.00,0,0,0,0,0
STATIC,75,1,controller_us,45,4.87,5,5,9,4,9
STATIC,75,1,rt30_us,45,46.91,42,70,73,40,73
STATIC,75,1,hierarchy_vertex_us,45,113.82,114,123,156,87,156
STATIC,75,1,bounds_us,45,3.09,3,4,4,3,4
STATIC,75,1,clear_us,45,1137.07,1149,1169,1340,852,1340
STATIC,75,1,raster_us,45,12595.11,12581,12699,12711,12423,12711
STATIC,75,1,cache_sync_us,45,20.56,20,22,22,20,22
STATIC,75,1,producer_total_us,45,20555.36,20553,20736,20815,20340,20815
STATIC,75,1,publish_consume_us,45,17.53,19,20,20,11,20
STATIC,75,1,ppa_wait_us,45,7489.82,7509,7628,7642,7315,7642
STATIC,75,1,ppa_blend_us,45,0.00,0,0,0,0,0
STATIC,75,1,panel_submit_us,45,160.11,158,170,178,153,178
STATIC,75,1,frame_drop,45,0.00,0,0,0,0,0
STATIC,75,1,slot_miss,45,0.00,0,0,0,0,0
STATIC,75,1,lock_skip,45,0.00,0,0,0,0,0
STATIC,75,1,deadline_miss,45,0.00,0,0,0,0,0
ALL_14_5,75,1,slot_wait_us,45,0.00,0,0,0,0,0
ALL_14_5,75,1,controller_us,45,41.53,42,48,61,38,61
ALL_14_5,75,1,rt30_us,45,44.20,41,55,76,39,76
ALL_14_5,75,1,hierarchy_vertex_us,45,113.80,115,121,156,86,156
ALL_14_5,75,1,bounds_us,45,3.13,3,4,4,3,4
ALL_14_5,75,1,clear_us,45,1137.51,1156,1167,1332,904,1332
ALL_14_5,75,1,raster_us,45,12463.89,12456,12559,12618,12328,12618
ALL_14_5,75,1,cache_sync_us,45,20.93,21,22,29,20,29
ALL_14_5,75,1,producer_total_us,45,20442.02,20413,20621,20744,20284,20744
ALL_14_5,75,1,publish_consume_us,45,15.56,15,20,20,11,20
ALL_14_5,75,1,ppa_wait_us,45,7470.29,7459,7616,7666,7346,7666
ALL_14_5,75,1,ppa_blend_us,45,0.00,0,0,0,0,0
ALL_14_5,75,1,panel_submit_us,45,161.33,161,174,183,149,183
ALL_14_5,75,1,frame_drop,45,0.00,0,0,0,0,0
ALL_14_5,75,1,slot_miss,45,0.00,0,0,0,0,0
ALL_14_5,75,1,lock_skip,45,0.00,0,0,0,0,0
ALL_14_5,75,1,deadline_miss,45,0.00,0,0,0,0,0
ALL_29,75,1,slot_wait_us,45,0.00,0,0,0,0,0
ALL_29,75,1,controller_us,45,42.33,42,42,61,41,61
ALL_29,75,1,rt30_us,45,45.67,42,66,108,39,108
ALL_29,75,1,hierarchy_vertex_us,45,116.07,117,122,156,88,156
ALL_29,75,1,bounds_us,45,3.18,3,4,4,3,4
ALL_29,75,1,clear_us,45,1140.87,1154,1195,1341,925,1341
ALL_29,75,1,raster_us,45,13030.24,13028,13128,13156,12875,13156
ALL_29,75,1,cache_sync_us,45,20.84,21,22,30,20,30
ALL_29,75,1,producer_total_us,45,20995.36,20983,21168,21239,20837,21239
ALL_29,75,1,publish_consume_us,45,15.20,12,20,45,11,45
ALL_29,75,1,ppa_wait_us,45,7456.44,7462,7583,7606,7322,7606
ALL_29,75,1,ppa_blend_us,45,0.00,0,0,0,0,0
ALL_29,75,1,panel_submit_us,45,163.11,162,175,186,150,186
ALL_29,75,1,frame_drop,45,0.00,0,0,0,0,0
ALL_29,75,1,slot_miss,45,0.00,0,0,0,0,0
ALL_29,75,1,lock_skip,45,0.00,0,0,0,0,0
ALL_29,75,1,deadline_miss,45,0.00,0,0,0,0,0
EYE_L_SWEEP,75,1,slot_wait_us,45,0.00,0,0,0,0,0
EYE_L_SWEEP,75,1,controller_us,45,34.11,34,34,51,33,51
EYE_L_SWEEP,75,1,rt30_us,45,529.04,526,560,602,477,602
EYE_L_SWEEP,75,1,hierarchy_vertex_us,45,4667.78,4668,4679,4720,4638,4720
EYE_L_SWEEP,75,1,bounds_us,45,3.07,3,4,4,3,4
EYE_L_SWEEP,75,1,clear_us,45,1152.11,1161,1197,1380,926,1380
EYE_L_SWEEP,75,1,raster_us,45,12525.47,12523,12654,12698,12371,12698
EYE_L_SWEEP,75,1,cache_sync_us,45,22.04,21,31,47,20,47
EYE_L_SWEEP,75,1,producer_total_us,45,25525.29,25533,25703,26081,25256,26081
EYE_L_SWEEP,75,1,publish_consume_us,45,16.44,16,19,20,11,20
EYE_L_SWEEP,75,1,ppa_wait_us,45,7465.36,7424,7688,7701,7172,7701
EYE_L_SWEEP,75,1,ppa_blend_us,45,0.00,0,0,0,0,0
EYE_L_SWEEP,75,1,panel_submit_us,45,156.67,157,165,168,148,168
EYE_L_SWEEP,75,1,frame_drop,45,0.00,0,0,0,0,0
EYE_L_SWEEP,75,1,slot_miss,45,0.00,0,0,0,0,0
EYE_L_SWEEP,75,1,lock_skip,45,0.00,0,0,0,0,0
EYE_L_SWEEP,75,1,deadline_miss,45,0.00,0,0,0,0,0
EYE_R_SWEEP,75,1,slot_wait_us,45,0.00,0,0,0,0,0
EYE_R_SWEEP,75,1,controller_us,45,34.44,34,34,52,33,52
EYE_R_SWEEP,75,1,rt30_us,45,528.49,523,564,607,477,607
EYE_R_SWEEP,75,1,hierarchy_vertex_us,45,4668.87,4669,4681,4707,4648,4707
EYE_R_SWEEP,75,1,bounds_us,45,3.09,3,4,4,3,4
EYE_R_SWEEP,75,1,clear_us,45,1148.11,1158,1187,1358,849,1358
EYE_R_SWEEP,75,1,raster_us,45,12523.51,12526,12641,12662,12403,12662
EYE_R_SWEEP,75,1,cache_sync_us,45,21.36,21,22,47,20,47
EYE_R_SWEEP,75,1,producer_total_us,45,25546.53,25582,25732,26094,25117,26094
EYE_R_SWEEP,75,1,publish_consume_us,45,17.04,16,20,20,15,20
EYE_R_SWEEP,75,1,ppa_wait_us,45,7493.96,7524,7669,7799,7082,7799
EYE_R_SWEEP,75,1,ppa_blend_us,45,0.00,0,0,0,0,0
EYE_R_SWEEP,75,1,panel_submit_us,45,156.42,156,171,173,145,173
EYE_R_SWEEP,75,1,frame_drop,45,0.00,0,0,0,0,0
EYE_R_SWEEP,75,1,slot_miss,45,0.00,0,0,0,0,0
EYE_R_SWEEP,75,1,lock_skip,45,0.00,0,0,0,0,0
EYE_R_SWEEP,75,1,deadline_miss,45,0.00,0,0,0,0,0
NECK_SWEEP,75,1,slot_wait_us,45,0.00,0,0,0,0,0
NECK_SWEEP,75,1,controller_us,45,34.53,34,43,52,33,52
NECK_SWEEP,75,1,rt30_us,45,551.64,543,587,618,531,618
NECK_SWEEP,75,1,hierarchy_vertex_us,45,4876.09,4884,4898,4927,4665,4927
NECK_SWEEP,75,1,bounds_us,45,3.33,3,4,12,3,12
NECK_SWEEP,75,1,clear_us,45,1084.53,1146,1163,1371,856,1371
NECK_SWEEP,75,1,raster_us,45,13091.44,13130,13203,13204,12536,13204
NECK_SWEEP,75,1,cache_sync_us,45,20.80,21,22,22,20,22
NECK_SWEEP,75,1,producer_total_us,45,26195.60,26205,26528,26899,25451,26899
NECK_SWEEP,75,1,publish_consume_us,45,16.38,16,20,49,11,49
NECK_SWEEP,75,1,ppa_wait_us,45,7338.38,7353,7583,7795,7075,7795
NECK_SWEEP,75,1,ppa_blend_us,45,0.00,0,0,0,0,0
NECK_SWEEP,75,1,panel_submit_us,45,156.87,156,169,188,148,188
NECK_SWEEP,75,1,frame_drop,45,0.00,0,0,0,0,0
NECK_SWEEP,75,1,slot_miss,45,0.00,0,0,0,0,0
NECK_SWEEP,75,1,lock_skip,45,0.00,0,0,0,0,0
NECK_SWEEP,75,1,deadline_miss,45,0.00,0,0,0,0,0
FACE_SWEEP,75,1,slot_wait_us,45,0.00,0,0,0,0,0
FACE_SWEEP,75,1,controller_us,45,34.29,34,34,52,33,52
FACE_SWEEP,75,1,rt30_us,45,864.02,862,890,938,825,938
FACE_SWEEP,75,1,hierarchy_vertex_us,45,4666.67,4665,4677,4711,4652,4711
FACE_SWEEP,75,1,bounds_us,45,3.11,3,4,4,3,4
FACE_SWEEP,75,1,clear_us,45,1101.84,1148,1192,1339,871,1339
FACE_SWEEP,75,1,raster_us,45,12630.98,12628,12727,12779,12484,12779
FACE_SWEEP,75,1,cache_sync_us,45,21.47,21,22,48,20,48
FACE_SWEEP,75,1,producer_total_us,45,25924.00,25946,26179,26422,25500,26422
FACE_SWEEP,75,1,publish_consume_us,45,14.98,15,20,27,11,27
FACE_SWEEP,75,1,ppa_wait_us,45,7422.91,7443,7653,7660,7089,7660
FACE_SWEEP,75,1,ppa_blend_us,45,0.00,0,0,0,0,0
FACE_SWEEP,75,1,panel_submit_us,45,158.24,156,178,181,144,181
FACE_SWEEP,75,1,frame_drop,45,0.00,0,0,0,0,0
FACE_SWEEP,75,1,slot_miss,45,0.00,0,0,0,0,0
FACE_SWEEP,75,1,lock_skip,45,0.00,0,0,0,0,0
FACE_SWEEP,75,1,deadline_miss,45,0.00,0,0,0,0,0
MULTI_AXIS,75,1,slot_wait_us,45,0.00,0,0,0,0,0
MULTI_AXIS,75,1,controller_us,45,37.07,35,39,54,35,54
MULTI_AXIS,75,1,rt30_us,45,887.84,886,907,966,861,966
MULTI_AXIS,75,1,hierarchy_vertex_us,45,4883.64,4888,4904,4922,4667,4922
MULTI_AXIS,75,1,bounds_us,45,3.11,3,4,4,3,4
MULTI_AXIS,75,1,clear_us,45,1166.00,1179,1225,1365,931,1365
MULTI_AXIS,75,1,raster_us,45,12944.13,12943,13129,13171,12517,13171
MULTI_AXIS,75,1,cache_sync_us,45,23.42,21,47,57,20,57
MULTI_AXIS,75,1,producer_total_us,45,26508.20,26494,26768,26971,26048,26971
MULTI_AXIS,75,1,publish_consume_us,45,13.96,15,19,20,11,20
MULTI_AXIS,75,1,ppa_wait_us,45,7448.38,7416,7632,7802,7128,7802
MULTI_AXIS,75,1,ppa_blend_us,45,0.00,0,0,0,0,0
MULTI_AXIS,75,1,panel_submit_us,45,158.29,157,166,174,146,174
MULTI_AXIS,75,1,frame_drop,45,0.00,0,0,0,0,0
MULTI_AXIS,75,1,slot_miss,45,0.00,0,0,0,0,0
MULTI_AXIS,75,1,lock_skip,45,0.00,0,0,0,0,0
MULTI_AXIS,75,1,deadline_miss,45,0.00,0,0,0,0,0
