frame_id,scenario,scale_q100,round,frame,slot_wait_us,controller_us,rt30_us,hierarchy_vertex_us,bounds_us,clear_us,raster_us,cache_sync_us,producer_total_us,publish_consume_us,ppa_wait_us,ppa_blend_us,panel_submit_us,ppa_fill_us,ppa_srm_us,ppa_total_us,clear_cache_sync_us,convert_cache_sync_us,flush_cache_sync_us,cache_sync_total_us,display_lock_wait_us,flush_total_us,frame_total_us,dirty_x,dirty_y,dirty_w,dirty_h,frame_drop,slot_miss,lock_skip,deadline_miss
6,STATIC,100,1,5,0,19,41,123,3,1104,18778,25,27021,15,7764,0,150,1078,6686,7764,12,0,13,25,11,187,27223,0,0,320,320,0,0,0,0
7,STATIC,100,1,6,0,16,42,124,3,1096,18628,25,26924,14,7825,0,158,1075,6750,7825,12,0,13,25,12,198,27136,0,0,320,320,0,0,0,0
8,STATIC,100,1,7,0,20,39,125,3,1105,18828,29,27082,15,7772,0,178,1080,6692,7772,15,0,14,29,11,218,27315,0,0,320,320,0,0,0,0
9,STATIC,100,1,8,0,17,42,126,3,1105,18613,25,26935,14,7845,0,143,1083,6762,7845,12,0,13,25,25,193,27142,0,0,320,320,0,0,0,0
10,STATIC,100,1,9,0,16,39,124,3,1105,18744,25,26975,22,7766,0,149,1084,6682,7766,12,0,13,25,12,185,27182,0,0,320,320,0,0,0,0
11,STATIC,100,1,10,0,16,41,129,3,1114,18815,25,27088,15,7776,0,157,1088,6688,7776,12,0,13,25,17,201,27304,0,0,320,320,0,0,0,0
12,STATIC,100,1,11,0,20,38,126,3,1101,18672,25,26902,14,7759,0,160,1081,6678,7759,12,0,13,25,12,201,27117,0,0,320,320,0,0,0,0
13,STATIC,100,1,12,0,20,37,126,3,1109,18723,28,26914,11,7724,0,160,1084,6640,7724,15,0,13,28,794,985,27910,0,0,320,320,0,0,0,0
14,STATIC,100,1,13,0,11,39,129,3,1114,18727,25,27009,14,7800,0,150,1091,6709,7800,12,0,13,25,17,192,27215,0,0,320,320,0,0,0,0
15,STATIC,100,1,14,0,16,41,123,3,1112,18768,26,26834,15,7585,0,154,1087,6498,7585,12,0,14,26,515,694,27543,0,0,320,320,0,0,0,0
16,STATIC,100,1,15,0,11,38,126,3,1110,18729,25,26887,15,7694,0,157,1088,6606,7694,12,0,13,25,11,193,27095,0,0,320,320,0,0,0,0
17,STATIC,100,1,16,0,16,38,124,4,1113,18750,29,26721,18,7502,0,165,1087,6415,7502,16,0,13,29,201,395,27134,0,0,320,320,0,0,0,0
18,STATIC,100,1,17,0,17,37,156,4,1109,18619,25,26597,11,7493,0,149,1088,6405,7493,11,0,14,25,16,188,26796,0,0,320,320,0,0,0,0
19,STATIC,100,1,18,0,17,39,128,3,1110,18804,24,26785,11,7505,0,157,1089,6416,7505,11,0,13,24,15,203,26999,0,0,320,320,0,0,0,0
20,STATIC,100,1,19,0,17,43,161,4,1102,18643,24,26647,11,7504,0,149,1081,6423,7504,11,0,13,24,12,192,26850,0,0,320,320,0,0,0,0
21,STATIC,100,1,20,0,17,38,130,4,1101,18762,25,26731,11,7496,0,151,1080,6416,7496,12,0,13,25,16,197,26939,0,0,320,320,0,0,0,0
22,STATIC,100,1,21,0,16,37,152,3,1105,18639,25,26615,14,7493,0,149,1084,6409,7493,12,0,13,25,12,186,26815,0,0,320,320,0,0,0,0
23,STATIC,100,1,22,0,17,37,129,3,1111,18800,25,26786,15,7513,0,146,1086,6427,7513,12,0,13,25,11,190,26991,0,0,320,320,0,0,0,0
24,STATIC,100,1,23,0,17,43,155,3,1102,18638,29,26625,15,7493,0,150,1077,6416,7493,16,0,13,29,15,191,26831,0,0,320,320,0,0,0,0
25,STATIC,100,1,24,0,17,42,124,4,1107,18746,30,26736,15,7511,0,149,1081,6430,7511,16,0,14,30,13,187,26938,0,0,320,320,0,0,0,0
26,STATIC,100,1,25,0,16,36,149,3,1102,18602,25,26583,15,7491,0,152,1080,6411,7491,12,0,13,25,11,188,26786,0,0,320,320,0,0,0,0
27,STATIC,100,1,26,0,17,43,125,3,1115,18817,29,26788,11,7503,0,162,1090,6413,7503,15,0,14,29,20,210,27009,0,0,320,320,0,0,0,0
28,STATIC,100,1,27,0,16,38,158,3,1112,18563,26,26568,15,7504,0,150,1087,6417,7504,12,0,14,26,13,185,26768,0,0,320,320,0,0,0,0
29,STATIC,100,1,28,0,17,37,125,3,1103,18741,24,26722,11,7516,0,146,1083,6433,7516,11,0,13,24,17,188,26921,0,0,320,320,0,0,0,0
30,STATIC,100,1,29,0,16,38,125,3,1105,18662,25,26623,15,7496,0,152,1084,6412,7496,12,0,13,25,11,188,26826,0,0,320,320,0,0,0,0
31,STATIC,100,1,30,0,16,36,125,3,1112,18603,25,26661,14,7581,0,142,1088,6493,7581,12,0,13,25,12,178,26853,0,0,320,320,0,0,0,0
32,STATIC,100,1,31,0,20,47,124,3,1100,18807,25,26773,11,7487,0,153,1078,6409,7487,12,0,13,25,11,204,26988,0,0,320,320,0,0,0,0
33,STATIC,100,1,32,0,17,42,126,3,1113,18596,29,26652,11,7584,0,141,1088,6496,7584,15,0,14,29,17,182,26845,0,0,320,320,0,0,0,0
34,STATIC,100,1,33,0,17,37,125,3,1111,18803,25,26773,11,7506,0,146,1090,6416,7506,12,0,13,25,17,191,26975,0,0,320,320,0,0,0,0
35,STATIC,100,1,34,0,17,43,125,3,1119,18582,28,26664,11,7596,0,153,1094,6502,7596,15,0,13,28,17,195,26870,0,0,320,320,0,0,0,0
36,STATIC,100,1,35,0,17,36,126,3,1103,18722,25,26701,15,7508,0,152,1082,6426,7508,12,0,13,25,15,191,26907,0,0,320,320,0,0,0,0
37,STATIC,100,1,36,0,17,42,150,3,1097,18633,25,26612,15,7488,0,151,1076,6412,7488,12,0,13,25,11,191,26818,0,0,320,320,0,0,0,0
38,STATIC,100,1,37,0,17,42,123,3,1101,18773,28,26741,11,7491,0,154,1076,6415,7491,15,0,13,28,17,196,26948,0,0,320,320,0,0,0,0
39,STATIC,100,1,38,0,16,39,155,4,1100,18589,25,26583,15,7496,0,153,1079,6417,7496,11,0,14,25,11,189,26787,0,0,320,320,0,0,0,0
40,STATIC,100,1,39,0,21,37,126,3,1102,18736,25,26707,11,7494,0,146,1080,6414,7494,12,0,13,25,17,188,26906,0,0,320,320,0,0,0,0
41,STATIC,100,1,40,0,17,36,126,3,1108,18693,25,26682,14,7519,0,155,1087,6432,7519,12,0,13,25,12,196,26892,0,0,320,320,0,0,0,0
42,STATIC,100,1,41,0,17,41,128,3,1103,18622,26,26663,11,7572,0,142,1082,6490,7572,12,0,14,26,16,186,26860,0,0,320,320,0,0,0,0
43,STATIC,100,1,42,0,17,37,126,3,1104,18772,25,26749,14,7504,0,160,1083,6421,7504,12,0,13,25,12,197,26960,0,0,320,320,0,0,0,0
44,STATIC,100,1,43,0,17,37,127,3,1108,18620,25,26665,11,7582,0,148,1087,6495,7582,11,0,14,25,20,191,26867,0,0,320,320,0,0,0,0
45,STATIC,100,1,44,0,17,38,124,3,1113,18764,25,26723,15,7497,0,152,1092,6405,7497,12,0,13,25,11,187,26925,0,0,320,320,0,0,0,0
46,STATIC,100,1,45,0,16,39,154,3,1101,18681,24,26663,11,7490,0,158,1080,6410,7490,11,0,13,24,17,200,26874,0,0,320,320,0,0,0,0
47,STATIC,100,1,46,0,17,39,128,3,1098,18744,24,26711,14,7498,0,149,1077,6421,7498,11,0,13,24,12,186,26911,0,0,320,320,0,0,0,0
48,STATIC,100,1,47,0,16,42,120,4,1116,18690,25,26677,11,7525,0,153,1095,6430,7525,11,0,14,25,17,197,26885,0,0,320,320,0,0,0,0
49,STATIC,100,1,48,0,17,41,128,4,1105,18658,25,26698,11,7572,0,153,1083,6489,7572,12,0,13,25,17,195,26904,0,0,320,320,0,0,0,0
50,STATIC,100,1,49,0,16,40,124,3,1111,18765,29,26734,11,7497,0,153,1087,6410,7497,15,0,14,29,11,191,26936,0,0,320,320,0,0,0,0
51,STATIC,100,1,50,0,16,38,125,3,1109,18611,25,26671,15,7589,0,137,1087,6502,7589,12,0,13,25,13,175,26861,0,0,320,320,0,0,0,0
52,STATIC,100,1,51,0,17,37,126,3,1113,18775,25,26757,11,7509,0,148,1093,6416,7509,11,0,14,25,17,193,26961,0,0,320,320,0,0,0,0
53,STATIC,100,1,52,0,16,39,125,3,1109,18632,24,26676,10,7584,0,153,1088,6496,7584,11,0,13,24,13,193,26879,0,0,320,320,0,0,0,0
54,STATIC,100,1,53,0,17,43,128,3,1111,18742,25,26730,15,7505,0,149,1087,6418,7505,12,0,13,25,11,185,26930,0,0,320,320,0,0,0,0
55,STATIC,100,1,54,0,16,37,157,3,1106,18617,28,26603,14,7490,0,146,1081,6409,7490,15,0,13,28,13,183,26800,0,0,320,320,0,0,0,0
61,EYE_L_SWEEP,100,1,5,0,68,654,4682,3,1558,18729,25,32664,14,8232,0,164,1536,6696,8232,12,0,13,25,12,201,32879,0,0,320,320,0,0,0,0
62,EYE_L_SWEEP,100,1,6,0,52,675,4667,3,1583,18627,26,32517,11,8192,0,150,1560,6632,8192,13,0,13,26,11,188,32716,0,0,320,320,0,0,0,0
63,EYE_L_SWEEP,100,1,7,0,56,670,4690,3,1597,18663,29,32413,11,8039,0,151,1571,6468,8039,16,0,13,29,499,686,33110,0,0,320,320,0,0,0,0
64,EYE_L_SWEEP,100,1,8,0,57,674,4696,3,1607,18495,24,32309,10,8085,0,143,1586,6499,8085,11,0,13,24,13,184,32503,0,0,320,320,0,0,0,0
65,EYE_L_SWEEP,100,1,9,0,55,669,4694,3,1590,18684,29,32398,15,8001,0,145,1566,6435,8001,15,0,14,29,11,185,32598,0,0,320,320,0,0,0,0
66,EYE_L_SWEEP,100,1,10,0,56,674,4708,3,1584,18481,25,32269,11,8060,0,146,1563,6497,8060,12,0,13,25,11,185,32465,0,0,320,320,0,0,0,0
67,EYE_L_SWEEP,100,1,11,0,55,666,4702,3,1585,18574,25,32263,11,7978,0,150,1564,6414,7978,12,0,13,25,12,198,32472,0,0,320,320,0,0,0,0
68,EYE_L_SWEEP,100,1,12,0,56,678,4693,3,1586,18414,25,32200,11,8068,0,142,1566,6502,8068,11,0,14,25,11,181,32392,0,0,320,320,0,0,0,0
69,EYE_L_SWEEP,100,1,13,0,55,680,4709,3,1557,18552,24,32259,11,7975,0,141,1536,6439,7975,11,0,13,24,17,186,32456,0,0,320,320,0,0,0,0
70,EYE_L_SWEEP,100,1,14,0,55,676,4699,3,1588,18421,24,32210,15,8067,0,154,1565,6502,8067,11,0,13,24,12,190,32415,0,0,320,320,0,0,0,0
71,EYE_L_SWEEP,100,1,15,0,55,680,4699,3,1596,18529,25,32267,10,8009,0,142,1575,6434,8009,12,0,13,25,12,185,32462,0,0,320,320,0,0,0,0
72,EYE_L_SWEEP,100,1,16,0,53,673,4688,3,1590,18406,29,32174,15,8060,0,146,1564,6496,8060,16,0,13,29,11,184,32373,0,0,320,320,0,0,0,0
73,EYE_L_SWEEP,100,1,17,0,56,678,4712,3,1598,18570,24,32316,15,8018,0,147,1578,6440,8018,11,0,13,24,11,181,32512,0,0,320,320,0,0,0,0
74,EYE_L_SWEEP,100,1,18,0,56,675,4714,3,1584,18450,25,32247,10,8063,0,148,1564,6499,8063,12,0,13,25,13,189,32446,0,0,320,320,0,0,0,0
75,EYE_L_SWEEP,100,1,19,0,55,666,4703,3,1557,18618,25,32299,11,7969,0,151,1536,6433,7969,12,0,13,25,17,192,32502,0,0,320,320,0,0,0,0
76,EYE_L_SWEEP,100,1,20,0,51,671,4718,3,1603,18563,26,32380,15,8087,0,143,1581,6506,8087,12,0,14,26,13,179,32574,0,0,320,320,0,0,0,0
77,EYE_L_SWEEP,100,1,21,0,55,676,4707,3,1610,18692,25,32428,11,8015,0,149,1588,6427,8015,12,0,13,25,13,188,32627,0,0,320,320,0,0,0,0
78,EYE_L_SWEEP,100,1,22,0,56,665,4708,3,1581,18638,30,32405,11,7992,0,143,1555,6437,7992,16,0,14,30,20,188,32604,0,0,320,320,0,0,0,0
79,EYE_L_SWEEP,100,1,23,0,57,667,4712,3,1585,18688,25,32414,15,8002,0,146,1563,6439,8002,12,0,13,25,13,184,32613,0,0,320,320,0,0,0,0
80,EYE_L_SWEEP,100,1,24,0,55,694,4696,3,1589,18770,26,32617,15,8116,0,150,1567,6549,8116,12,0,14,26,11,184,32816,0,0,320,320,0,0,0,0
81,EYE_L_SWEEP,100,1,25,0,56,671,4706,3,1612,18708,27,32618,15,8193,0,150,1590,6603,8193,13,0,14,27,37,215,32848,0,0,320,320,0,0,0,0
82,EYE_L_SWEEP,100,1,26,0,55,661,4724,3,1576,18853,28,32813,15,8235,0,147,1552,6683,8235,15,0,13,28,12,183,33011,0,0,320,320,0,0,0,0
83,EYE_L_SWEEP,100,1,27,0,56,666,4702,4,1634,18704,54,32791,14,8346,0,151,1584,6762,8346,41,0,13,54,16,190,32995,0,0,320,320,0,0,0,0
84,EYE_L_SWEEP,100,1,28,0,56,675,4703,3,1597,18755,29,32732,15,8253,0,149,1572,6681,8253,16,0,13,29,11,184,32931,0,0,320,320,0,0,0,0
85,EYE_L_SWEEP,100,1,29,0,56,580,4707,3,1610,18713,26,32618,15,8270,0,147,1584,6686,8270,12,0,14,26,11,185,32818,0,0,320,320,0,0,0,0
86,EYE_L_SWEEP,100,1,30,0,56,683,4690,4,1572,18619,25,32600,15,8259,0,183,1548,6711,8259,12,0,13,25,17,225,32840,0,0,320,320,0,0,0,0
87,EYE_L_SWEEP,100,1,31,0,57,689,4687,3,1522,18731,30,32657,15,8197,0,157,1496,6701,8197,16,0,14,30,11,193,32865,0,0,320,320,0,0,0,0
88,EYE_L_SWEEP,100,1,32,0,55,703,4686,3,1562,18597,26,32480,15,8155,0,156,1540,6615,8155,13,0,13,26,736,917,33412,0,0,320,320,0,0,0,1
89,EYE_L_SWEEP,100,1,33,0,53,674,4692,3,1587,18634,25,32325,11,7984,0,146,1565,6419,7984,12,0,13,25,12,185,32521,0,0,320,320,0,0,0,0
90,EYE_L_SWEEP,100,1,34,0,55,671,4703,3,1605,18643,24,32362,11,8002,0,146,1581,6421,8002,11,0,13,24,24,195,32568,0,0,320,320,0,0,0,0
91,EYE_L_SWEEP,100,1,35,0,55,668,4706,3,1580,18534,25,32243,11,7981,0,150,1556,6425,7981,12,0,13,25,12,188,32442,0,0,320,320,0,0,0,0
92,EYE_L_SWEEP,100,1,36,0,55,667,4687,3,1598,18603,25,32308,11,7999,0,147,1574,6425,7999,11,0,14,25,16,187,32506,0,0,320,320,0,0,0,0
93,EYE_L_SWEEP,100,1,37,0,55,676,4714,3,1580,18502,26,32230,15,7985,0,146,1558,6427,7985,12,0,14,26,11,182,32427,0,0,320,320,0,0,0,0
94,EYE_L_SWEEP,100,1,38,0,55,667,4687,3,1597,18579,24,32281,11,8012,0,145,1573,6439,8012,11,0,13,24,17,187,32479,0,0,320,320,0,0,0,0
95,EYE_L_SWEEP,100,1,39,0,55,671,4711,3,1589,18429,25,32148,14,7996,0,145,1568,6428,7996,11,0,14,25,11,181,32343,0,0,320,320,0,0,0,0
96,EYE_L_SWEEP,100,1,40,0,55,674,4695,3,1593,18558,29,32281,11,8002,0,146,1569,6433,8002,15,0,14,29,20,193,32485,0,0,320,320,0,0,0,0
97,EYE_L_SWEEP,100,1,41,0,55,665,4722,4,1608,18429,26,32181,11,8022,0,150,1586,6436,8022,12,0,14,26,16,190,32382,0,0,320,320,0,0,0,0
98,EYE_L_SWEEP,100,1,42,0,55,676,4693,3,1605,18366,25,32163,11,8008,0,159,1584,6424,8008,11,0,14,25,13,204,32378,0,0,320,320,0,0,0,0
99,EYE_L_SWEEP,100,1,43,0,52,679,4727,3,1592,18572,25,32335,15,8017,0,149,1571,6446,8017,12,0,13,25,13,185,32535,0,0,320,320,0,0,0,0
100,EYE_L_SWEEP,100,1,44,0,55,685,4706,3,1585,18647,25,32377,15,7994,0,154,1560,6434,7994,12,0,13,25,11,194,32586,0,0,320,320,0,0,0,0
101,EYE_L_SWEEP,100,1,45,0,55,670,4717,3,1568,18566,24,32272,15,7965,0,147,1543,6422,7965,11,0,13,24,11,181,32468,0,0,320,320,0,0,0,0
102,EYE_L_SWEEP,100,1,46,0,57,665,4695,3,1612,18681,26,32443,15,8037,0,153,1590,6447,8037,12,0,14,26,11,192,32650,0,0,320,320,0,0,0,0
103,EYE_L_SWEEP,100,1,47,0,57,666,4712,3,1584,18647,25,32351,14,7990,0,156,1563,6427,7990,12,0,13,25,12,194,32559,0,0,320,320,0,0,0,0
104,EYE_L_SWEEP,100,1,48,0,57,669,4714,3,1633,18729,24,32487,14,7994,0,142,1577,6417,7994,11,0,13,24,13,178,32679,0,0,320,320,0,0,0,0
105,EYE_L_SWEEP,100,1,49,0,56,703,4675,3,1602,18605,25,32443,15,8093,0,150,1568,6525,8093,12,0,13,25,11,187,32645,0,0,320,320,0,0,0,0
106,EYE_L_SWEEP,100,1,50,0,56,670,4711,3,1605,18770,24,32658,15,8172,0,147,1585,6587,8172,11,0,13,24,13,184,32857,0,0,320,320,0,0,0,0
107,EYE_L_SWEEP,100,1,51,0,55,689,4720,3,1605,18628,27,32593,15,8210,0,149,1583,6627,8210,13,0,14,27,11,186,32794,0,0,320,320,0,0,0,0
108,EYE_L_SWEEP,100,1,52,0,55,660,4717,4,1597,18773,24,32769,15,8278,0,183,1576,6702,8278,11,0,13,24,1078,1285,34069,0,0,320,320,0,0,0,1
109,EYE_L_SWEEP,100,1,53,0,53,559,4683,3,1557,18725,24,32572,14,8231,0,149,1533,6698,8231,11,0,13,24,12,186,32772,0,0,320,320,0,0,0,0
110,EYE_L_SWEEP,100,1,54,0,56,691,4673,3,1562,18672,29,32693,14,8302,0,161,1536,6766,8302,16,0,13,29,12,201,32908,0,0,320,320,0,0,0,0
116,MULTI_AXIS,100,1,5,0,72,856,4908,4,1473,18286,26,32619,15,8208,0,149,1451,6757,8208,12,0,14,26,11,183,32817,0,0,320,320,0,0,0,0
117,MULTI_AXIS,100,1,6,0,61,929,4912,3,1595,18430,25,32876,11,8240,0,146,1561,6679,8240,12,0,13,25,17,188,33075,0,0,320,320,0,0,0,0
118,MULTI_AXIS,100,1,7,0,58,943,4898,3,1577,18452,26,32872,11,8225,0,173,1555,6670,8225,12,0,14,26,11,212,33095,0,0,320,320,0,0,0,0
119,MULTI_AXIS,100,1,8,0,61,984,4905,3,1565,18212,25,32556,15,8099,0,148,1542,6557,8099,12,0,13,25,688,860,33431,0,0,320,320,0,0,0,1
120,MULTI_AXIS,100,1,9,0,58,960,4909,3,1613,18383,25,32825,10,8008,0,151,1591,6417,8008,12,0,13,25,17,194,33029,0,0,320,320,0,0,0,0
121,MULTI_AXIS,100,1,10,0,58,993,4910,3,1609,18362,24,32636,11,8018,0,153,1585,6433,8018,11,0,13,24,13,193,32840,0,0,320,320,0,0,0,0
122,MULTI_AXIS,100,1,11,0,62,1032,4905,3,1578,18258,25,32500,10,7949,0,154,1556,6393,7949,12,0,13,25,13,197,32707,0,0,320,320,0,0,0,0
123,MULTI_AXIS,100,1,12,0,61,1014,4907,3,1600,18366,26,32639,11,8002,0,160,1579,6423,8002,12,0,14,26,11,198,32848,0,0,320,320,0,0,0,0
124,MULTI_AXIS,100,1,13,0,61,1008,4920,3,1617,18351,25,32701,11,8079,0,150,1596,6483,8079,12,0,13,25,11,192,32904,0,0,320,320,0,0,0,0
125,MULTI_AXIS,100,1,14,0,61,1005,4914,3,1590,18366,25,32607,15,7973,0,145,1569,6404,7973,12,0,13,25,17,187,32809,0,0,320,320,0,0,0,0
126,MULTI_AXIS,100,1,15,0,61,1032,4921,3,1566,18431,26,32750,15,8015,0,147,1545,6470,8015,13,0,13,26,11,181,32946,0,0,320,320,0,0,0,0
127,MULTI_AXIS,100,1,16,0,61,1017,4914,3,1585,18437,26,32877,15,8147,0,150,1564,6583,8147,12,0,14,26,11,186,33078,0,0,320,320,0,0,0,0
128,MULTI_AXIS,100,1,17,0,61,1009,4918,3,1588,18575,24,33104,11,8245,0,143,1567,6678,8245,11,0,13,24,11,182,33297,0,0,320,320,0,0,0,0
129,MULTI_AXIS,100,1,18,0,53,981,4903,3,1615,18373,26,32959,15,8354,0,143,1593,6761,8354,13,0,13,26,11,186,33160,0,0,320,320,0,0,0,0
130,MULTI_AXIS,100,1,19,0,61,935,4910,3,1605,18572,25,33079,14,8283,0,152,1583,6700,8283,12,0,13,25,12,189,33282,0,0,320,320,0,0,0,0
131,MULTI_AXIS,100,1,20,0,58,962,4910,4,1557,18610,25,33078,15,8225,0,146,1531,6694,8225,12,0,13,25,12,182,33275,0,0,320,320,0,0,0,0
132,MULTI_AXIS,100,1,21,0,61,955,4909,3,1565,18560,26,32843,11,8052,0,155,1542,6510,8052,12,0,14,26,274,457,33311,0,0,320,320,0,0,0,0
133,MULTI_AXIS,100,1,22,0,57,942,4912,3,1602,18697,25,32969,22,8065,0,149,1578,6487,8065,11,0,14,25,11,185,33176,0,0,320,320,0,0,0,0
134,MULTI_AXIS,100,1,23,0,62,1017,4900,3,1582,18636,26,32895,15,7998,0,142,1561,6437,7998,12,0,14,26,13,180,33090,0,0,320,320,0,0,0,0
135,MULTI_AXIS,100,1,24,0,61,1050,4910,4,1520,18718,33,32968,14,7919,0,149,1490,6429,7919,20,0,13,33,12,187,33169,0,0,320,320,0,0,0,0
136,MULTI_AXIS,100,1,25,0,61,1032,4915,4,1598,18618,25,32929,11,8003,0,145,1577,6426,8003,12,0,13,25,17,187,33127,0,0,320,320,0,0,0,0
137,MULTI_AXIS,100,1,26,0,61,1014,4915,3,1597,18804,25,33280,11,8172,0,146,1577,6595,8172,12,0,13,25,12,185,33476,0,0,320,320,0,0,0,1
138,MULTI_AXIS,100,1,27,0,55,935,4910,3,1606,18765,25,33251,11,8294,0,154,1584,6710,8294,12,0,13,25,12,193,33455,0,0,320,320,0,0,0,1
139,MULTI_AXIS,100,1,28,0,58,942,4905,3,1590,18512,25,33036,15,8261,0,142,1566,6695,8261,12,0,13,25,16,182,33233,0,0,320,320,0,0,0,0
140,MULTI_AXIS,100,1,29,0,61,954,4680,3,1550,18643,26,32820,11,8196,0,180,1530,6666,8196,12,0,14,26,11,218,33049,0,0,320,320,0,0,0,0
141,MULTI_AXIS,100,1,30,0,54,969,4896,3,1573,18674,25,32890,11,7988,0,146,1547,6441,7988,12,0,13,25,207,385,33286,0,0,320,320,0,0,0,0
142,MULTI_AXIS,100,1,31,0,57,993,4904,3,1614,18473,25,32817,11,8084,0,145,1589,6495,8084,12,0,13,25,11,185,33013,0,0,320,320,0,0,0,0
143,MULTI_AXIS,100,1,32,0,57,1006,4898,3,1592,18591,25,32853,10,8005,0,149,1571,6434,8005,12,0,13,25,17,194,33057,0,0,320,320,0,0,0,0
144,MULTI_AXIS,100,1,33,0,57,1007,4913,3,1595,18551,25,32863,14,8024,0,150,1571,6453,8024,12,0,13,25,13,200,33077,0,0,320,320,0,0,0,0
145,MULTI_AXIS,100,1,34,0,57,1067,4921,3,1486,18485,25,32717,14,7898,0,145,1463,6435,7898,12,0,13,25,12,182,32913,0,0,320,320,0,0,0,0
146,MULTI_AXIS,100,1,35,0,57,1003,4922,3,1609,18600,25,32895,14,8019,0,157,1584,6435,8019,12,0,13,25,12,192,33101,0,0,320,320,0,0,0,0
147,MULTI_AXIS,100,1,36,0,57,1003,4935,3,1608,18626,25,33092,14,8170,0,152,1587,6583,8170,12,0,13,25,12,190,33296,0,0,320,320,0,0,0,0
148,MULTI_AXIS,100,1,37,0,58,969,4929,3,1578,18576,24,33072,10,8260,0,146,1558,6702,8260,11,0,13,24,12,184,33266,0,0,320,320,0,0,0,0
149,MULTI_AXIS,100,1,38,0,58,1015,4937,3,1600,18576,25,33141,11,8274,0,153,1579,6695,8274,11,0,14,25,13,194,33346,0,0,320,320,0,0,0,1
150,MULTI_AXIS,100,1,39,0,54,943,4919,3,1603,18537,26,33021,15,8276,0,153,1582,6694,8276,12,0,14,26,11,190,33226,0,0,320,320,0,0,0,0
151,MULTI_AXIS,100,1,40,0,57,984,4922,3,1548,18472,25,32978,15,8257,0,155,1525,6732,8257,12,0,13,25,802,984,33977,0,0,320,320,0,0,0,1
152,MULTI_AXIS,100,1,41,0,54,961,4924,3,1614,18502,25,32746,15,8011,0,149,1589,6422,8011,12,0,13,25,13,187,32948,0,0,320,320,0,0,0,0
153,MULTI_AXIS,100,1,42,0,57,1003,4915,3,1610,18494,25,32787,11,8024,0,164,1590,6434,8024,12,0,13,25,12,204,33002,0,0,320,320,0,0,0,0
154,MULTI_AXIS,100,1,43,0,54,1000,4938,3,1591,18575,25,32870,11,8012,0,145,1568,6444,8012,11,0,14,25,20,193,33074,0,0,320,320,0,0,0,0
155,MULTI_AXIS,100,1,44,0,58,1006,4927,3,1602,18499,34,32807,11,8010,0,143,1572,6438,8010,20,0,14,34,11,180,32998,0,0,320,320,0,0,0,0
156,MULTI_AXIS,100,1,45,0,54,1003,4933,3,1601,18611,24,32967,11,8043,0,142,1578,6465,8043,11,0,13,24,13,181,33159,0,0,320,320,0,0,0,0
157,MULTI_AXIS,100,1,46,0,58,1027,4933,3,1591,18656,25,33203,11,8231,0,146,1569,6662,8231,12,0,13,25,12,186,33400,0,0,320,320,0,0,0,1
158,MULTI_AXIS,100,1,47,0,55,993,4928,3,1569,18688,26,33200,15,8244,0,146,1547,6697,8244,12,0,14,26,41,210,33425,0,0,320,320,0,0,0,1
159,MULTI_AXIS,100,1,48,0,57,904,4919,3,1593,18652,25,33083,15,8256,0,181,1572,6684,8256,12,0,13,25,1095,1304,34402,0,0,320,320,0,0,0,1
160,MULTI_AXIS,100,1,49,0,68,902,4926,3,1605,18643,29,32842,14,7992,0,150,1579,6413,7992,16,0,13,29,12,187,33043,0,0,320,320,0,0,0,0
161,MULTI_AXIS,100,1,50,0,57,1012,4922,3,1588,18711,29,32984,11,8000,0,146,1562,6438,8000,16,0,13,29,17,187,33182,0,0,320,320,0,0,0,0
162,MULTI_AXIS,100,1,51,0,57,1019,4912,3,1596,18693,25,32995,11,8015,0,153,1574,6441,8015,12,0,13,25,11,191,33197,0,0,320,320,0,0,0,0
163,MULTI_AXIS,100,1,52,0,57,1016,4920,3,1592,18806,25,33105,11,8008,0,146,1568,6440,8008,12,0,13,25,13,185,33301,0,0,320,320,0,0,0,0
164,MULTI_AXIS,100,1,53,0,57,987,4911,4,1594,18768,29,33018,15,7986,0,142,1569,6417,7986,16,0,13,29,12,179,33212,0,0,320,320,0,0,0,0
165,MULTI_AXIS,100,1,54,0,57,1029,4899,3,1581,18666,29,33084,10,8122,0,142,1554,6568,8122,16,0,13,29,13,185,33279,0,0,320,320,0,0,0,0
