window,frames,fps,over_budget,batch_fail,axis,pose,physical,draw,render,convert,flush,total,period,max_total,cpu0,cpu1
0,31,31.00,0,0,82,816,1324,11003,14623,4486,220,19517,32254,20408,53,0
1,31,30.42,0,0,82,815,1331,10980,14620,4538,191,19540,32227,20160,52,0
2,31,30.30,0,0,83,809,1331,10973,14628,4421,193,19431,32359,20086,53,0
3,31,30.30,0,0,83,812,1329,11023,14681,4355,232,19457,32357,20118,53,0
4,31,30.36,0,0,83,809,1337,10985,14671,4389,195,19445,32290,20007,52,0
5,31,30.27,0,0,82,813,1334,10976,14618,4489,199,19494,32390,20175,53,0
6,31,30.27,0,0,81,808,1331,10981,14597,4482,220,19487,32388,20222,53,0
7,31,30.33,0,0,83,818,1331,10987,14635,4499,199,19523,32327,20138,52,0
8,31,30.33,0,0,83,814,1332,11003,14665,4535,198,19587,32321,20258,53,0
9,31,30.30,0,0,81,811,1335,10963,14610,4453,197,19446,32356,20196,53,0
10,31,30.33,0,0,83,815,1331,10957,14622,4460,195,19466,32320,20298,52,0
11,31,30.19,0,0,83,814,1322,10970,14597,4379,200,19366,32485,20021,52,0
