pose,argb_crc,rgb565_crc,render_ok,submit_ok,conversion_ok
STATIC,ceffc125,62911315,1,1,1
left_eye_0,ceffc125,62911315,1,1,1
left_eye_15,d3f7f070,497ec204,1,1,1
left_eye_29,ceffc125,62911315,1,1,1
right_eye_0,ceffc125,62911315,1,1,1
right_eye_15,744d3ea5,9ded5aa9,1,1,1
right_eye_29,ceffc125,62911315,1,1,1
mouth_0,ceffc125,62911315,1,1,1
mouth_15,9e437080,ac262769,1,1,1
mouth_29,ceffc125,62911315,1,1,1
head_yaw_0,98191f78,533ada49,1,1,1
head_yaw_15,ceffc125,62911315,1,1,1
head_yaw_29,7be9a4cd,aad6e3de,1,1,1
head_raw_0,e8804e3a,59969ae3,1,1,1
head_raw_15,ceffc125,62911315,1,1,1
head_raw_29,83cac10f,d222d155,1,1,1
head_pitch_0,fde1f7b3,ec38a4bf,1,1,1
head_pitch_15,ceffc125,62911315,1,1,1
head_pitch_29,ff437f51,f01437e6,1,1,1
left_arm_0,5ca3ace6,2bc5dd23,1,1,1
left_arm_15,ceffc125,62911315,1,1,1
left_arm_29,757dfb44,d99a79b9,1,1,1
right_arm_0,a6f99457,752a6255,1,1,1
right_arm_15,ceffc125,62911315,1,1,1
right_arm_29,578d8b7e,3504dbdd,1,1,1
left_leg_0,0c677743,5436a16e,1,1,1
left_leg_15,ceffc125,62911315,1,1,1
left_leg_29,643077a2,fa763290,1,1,1
right_leg_0,fb008681,f730c887,1,1,1
right_leg_15,ceffc125,62911315,1,1,1
right_leg_29,6f4d5d07,89ff92e4,1,1,1
body_sway_0,db88f364,515106d8,1,1,1
body_sway_15,ceffc125,62911315,1,1,1
body_sway_29,ee745409,0aa0b346,1,1,1
front_hair_sway_0,b9c9ba3a,7b0982c7,1,1,1
front_hair_sway_15,ceffc125,62911315,1,1,1
front_hair_sway_29,a5311638,b32d4a9c,1,1,1
back_hair_sway_0,fcb4dbe3,0cb9d38e,1,1,1
back_hair_sway_15,ceffc125,62911315,1,1,1
back_hair_sway_29,6eefdf26,eb487ea8,1,1,1
ALL_AXES_0,6c81d2be,fd34bbc2,1,1,1
ALL_AXES_14,82f54659,7b9fb6d0,1,1,1
ALL_AXES_29,c7e031f6,36a41d1d,1,1,1
ALL_AXES_58,6c81d2be,fd34bbc2,1,1,1
TALK_LOOK_0,24b28138,9b88fdfa,1,1,1
TALK_LOOK_800,21f28e2d,bc32bea5,1,1,1
TALK_LOOK_1600,d5180ab3,95d54d2f,1,1,1
TALK_LOOK_3200,44ff25ef,77b8e28b,1,1,1
SWAY_WAVE_0,4880275c,d121fb5e,1,1,1
SWAY_WAVE_800,697cd441,352612e6,1,1,1
SWAY_WAVE_1600,5d8283cf,1a30d940,1,1,1
SWAY_WAVE_3200,c8e70a5c,6b1ee7da,1,1,1
STEP_0,d115f8ad,e439bc9e,1,1,1
STEP_800,aec67268,9ac84998,1,1,1
STEP_1600,87228eae,e2b0be88,1,1,1
STEP_3200,d11beeb4,35673bc9,1,1,1
