scenario,scale_q100,layer,triangles,fragments,sampler_calls,four_tap_alpha_zero,alpha_zero,alpha_opaque,alpha_mixed,covered_pixels,avg_overdraw,max_overdraw
STATIC,100,0,51,11546,11546,0,2563,6930,2053,0,0.000,0
STATIC,100,1,31,7765,7765,0,1000,5494,1271,0,0.000,0
STATIC,100,2,17,10496,10496,0,516,9198,782,0,0.000,0
STATIC,100,3,6,269,269,0,58,55,156,0,0.000,0
STATIC,100,4,4,100,100,0,13,29,58,0,0.000,0
STATIC,100,5,11,636,636,0,64,378,194,0,0.000,0
STATIC,100,6,10,723,723,0,31,457,235,0,0.000,0
STATIC,100,7,10,510,510,0,156,104,250,0,0.000,0
STATIC,100,8,11,511,511,0,185,102,224,0,0.000,0
STATIC,100,9,80,18510,18510,0,3495,11604,3411,0,0.000,0
STATIC,100,10,26,1696,1696,0,356,440,900,0,0.000,0
EYE_L_SWEEP,100,0,51,11546,11546,0,2563,6930,2053,0,0.000,0
EYE_L_SWEEP,100,1,31,7765,7765,0,1000,5494,1271,0,0.000,0
EYE_L_SWEEP,100,2,17,10496,10496,0,516,9198,782,0,0.000,0
EYE_L_SWEEP,100,3,6,269,269,0,58,55,156,0,0.000,0
EYE_L_SWEEP,100,4,4,100,100,0,13,29,58,0,0.000,0
EYE_L_SWEEP,100,5,11,636,636,0,64,378,194,0,0.000,0
EYE_L_SWEEP,100,6,10,723,723,0,31,457,235,0,0.000,0
EYE_L_SWEEP,100,7,10,510,510,0,156,104,250,0,0.000,0
EYE_L_SWEEP,100,8,11,511,511,0,185,102,224,0,0.000,0
EYE_L_SWEEP,100,9,80,18510,18510,0,3495,11604,3411,0,0.000,0
EYE_L_SWEEP,100,10,26,1696,1696,0,356,440,900,0,0.000,0
NECK_SWEEP,100,0,51,11546,11546,0,2567,6940,2039,0,0.000,0
NECK_SWEEP,100,1,31,7765,7765,0,1000,5494,1271,0,0.000,0
NECK_SWEEP,100,2,17,10496,10496,0,496,9202,798,0,0.000,0
NECK_SWEEP,100,3,6,342,342,0,75,82,185,0,0.000,0
NECK_SWEEP,100,4,4,101,101,0,16,27,58,0,0.000,0
NECK_SWEEP,100,5,11,619,619,0,54,374,191,0,0.000,0
NECK_SWEEP,100,6,10,731,731,0,43,463,225,0,0.000,0
NECK_SWEEP,100,7,10,505,505,0,153,115,237,0,0.000,0
NECK_SWEEP,100,8,11,515,515,0,204,99,212,0,0.000,0
NECK_SWEEP,100,9,80,18471,18471,0,3483,11584,3404,0,0.000,0
NECK_SWEEP,100,10,26,1693,1693,0,365,448,880,0,0.000,0
FACE_SWEEP,100,0,51,11469,11469,0,2455,7003,2011,0,0.000,0
FACE_SWEEP,100,1,31,7782,7782,0,967,5517,1298,0,0.000,0
FACE_SWEEP,100,2,17,10217,10217,0,461,8959,797,0,0.000,0
FACE_SWEEP,100,3,6,234,234,0,50,63,121,0,0.000,0
FACE_SWEEP,100,4,4,81,81,0,13,21,47,0,0.000,0
FACE_SWEEP,100,5,11,822,822,0,89,486,247,0,0.000,0
FACE_SWEEP,100,6,10,514,514,0,25,330,159,0,0.000,0
FACE_SWEEP,100,7,10,662,662,0,204,135,323,0,0.000,0
FACE_SWEEP,100,8,11,361,361,0,138,67,156,0,0.000,0
FACE_SWEEP,100,9,80,18693,18693,0,3547,11675,3471,0,0.000,0
FACE_SWEEP,100,10,26,2152,2152,0,466,578,1108,0,0.000,0
MULTI_AXIS,100,0,51,11547,11547,0,2559,6949,2039,0,0.000,0
MULTI_AXIS,100,1,31,7788,7788,0,1005,5499,1284,0,0.000,0
MULTI_AXIS,100,2,17,10526,10526,0,507,9236,783,0,0.000,0
MULTI_AXIS,100,3,6,296,296,0,60,69,167,0,0.000,0
MULTI_AXIS,100,4,4,45,45,0,7,15,23,0,0.000,0
MULTI_AXIS,100,5,11,420,420,0,41,256,123,0,0.000,0
MULTI_AXIS,100,6,10,457,457,0,22,286,149,0,0.000,0
MULTI_AXIS,100,7,10,489,489,0,152,90,247,0,0.000,0
MULTI_AXIS,100,8,11,530,530,0,197,102,231,0,0.000,0
MULTI_AXIS,100,9,80,18444,18444,0,3496,11561,3387,0,0.000,0
MULTI_AXIS,100,10,26,1633,1633,0,359,439,835,0,0.000,0
