frame_id,scenario,scale_q100,round,frame,slot_wait_us,controller_us,rt30_us,hierarchy_vertex_us,bounds_us,clear_us,raster_us,cache_sync_us,producer_total_us,publish_consume_us,ppa_wait_us,ppa_blend_us,panel_submit_us,ppa_fill_us,ppa_srm_us,ppa_total_us,clear_cache_sync_us,convert_cache_sync_us,flush_cache_sync_us,cache_sync_total_us,display_lock_wait_us,flush_total_us,frame_total_us,dirty_x,dirty_y,dirty_w,dirty_h,frame_drop,slot_miss,lock_skip,deadline_miss,backend,convert_us,keypoint_us,visual_transform_us,stretch_us,vertex_transform_us,uv_update_us
6,STATIC,100,1,5,0,15,34,157,2,1139,18525,21,26846,20,7824,0,167,1116,6708,7824,11,0,10,21,10,197,27063,0,0,320,320,0,0,0,0,0,6734,0,0,0,0,0
7,STATIC,100,1,6,0,14,35,125,1,1148,18630,21,26935,20,7839,0,154,1125,6714,7839,11,0,10,21,17,192,27147,0,0,320,320,0,0,0,0,0,6744,0,0,0,0,0
8,STATIC,100,1,7,0,13,35,129,2,1137,18635,21,27006,11,7884,0,149,1110,6774,7884,11,0,10,21,13,185,27202,0,0,320,320,0,0,0,0,0,6804,0,0,0,0,0
9,STATIC,100,1,8,0,14,47,122,1,1152,18685,20,27039,11,7857,0,160,1128,6729,7857,11,0,9,20,13,196,27246,0,0,320,320,0,0,0,0,0,6756,0,0,0,0,0
10,STATIC,100,1,9,0,14,49,124,1,1136,18712,31,26856,14,7662,0,162,1113,6549,7662,11,0,20,31,511,707,27577,0,0,320,320,0,0,0,0,0,6579,0,0,0,0,0
11,STATIC,100,1,10,0,13,45,128,2,1154,18630,21,26905,14,7793,0,170,1130,6663,7793,12,0,9,21,10,200,27119,0,0,320,320,0,0,0,0,0,6692,0,0,0,0,0
12,STATIC,100,1,11,0,13,37,127,2,1146,18657,21,26705,15,7571,0,158,1124,6447,7571,11,0,10,21,254,433,27153,0,0,320,320,0,0,0,0,0,6477,0,0,0,0,0
13,STATIC,100,1,12,0,22,63,124,1,1147,18545,21,26616,16,7564,0,153,1120,6444,7564,11,0,10,21,10,188,26820,0,0,320,320,0,0,0,0,0,6474,0,0,0,0,0
14,STATIC,100,1,13,0,14,34,125,1,1114,18681,21,26683,16,7536,0,164,1091,6445,7536,11,0,10,21,13,200,26899,0,0,320,320,0,0,0,0,0,6474,0,0,0,0,0
15,STATIC,100,1,14,0,23,38,127,2,1159,18618,21,26678,15,7578,0,158,1132,6446,7578,11,0,10,21,9,193,26886,0,0,320,320,0,0,0,0,0,6476,0,0,0,0,0
16,STATIC,100,1,15,0,13,33,128,2,1139,18572,20,26726,19,7681,0,147,1113,6568,7681,10,0,10,20,529,697,27442,0,0,320,320,0,0,0,0,0,6597,0,0,0,0,0
17,STATIC,100,1,16,0,14,40,125,1,1119,18642,20,26807,15,7685,0,156,1096,6589,7685,11,0,9,20,604,784,27606,0,0,320,320,0,0,0,0,0,6618,0,0,0,0,0
18,STATIC,100,1,17,0,14,38,151,1,1121,18642,21,26904,16,7766,0,159,1098,6668,7766,12,0,9,21,796,983,27903,0,0,320,320,0,0,0,0,0,6698,0,0,0,0,0
19,STATIC,100,1,18,0,14,34,126,1,1121,18693,22,26971,20,7792,0,157,1094,6698,7792,12,0,10,22,9,192,27183,0,0,320,320,0,0,0,0,0,6727,0,0,0,0,0
20,STATIC,100,1,19,0,14,37,154,1,1114,18549,20,26709,18,7665,0,155,1091,6574,7665,11,0,9,20,10,187,26914,0,0,320,320,0,0,0,0,0,6604,0,0,0,0,0
21,STATIC,100,1,20,0,23,39,125,1,1131,18714,21,26926,14,7721,0,152,1100,6621,7721,11,0,10,21,639,813,27753,0,0,320,320,0,0,0,0,0,6651,0,0,0,0,0
22,STATIC,100,1,21,0,14,40,127,1,1125,18661,28,26957,15,7816,0,150,1098,6718,7816,11,0,17,28,9,187,27159,0,0,320,320,0,0,0,0,0,6744,0,0,0,0,0
23,STATIC,100,1,22,0,13,35,128,2,1135,18662,20,26758,14,7625,0,167,1112,6513,7625,11,0,9,20,519,711,27483,0,0,320,320,0,0,0,0,0,6538,0,0,0,0,0
24,STATIC,100,1,23,0,14,35,125,1,1111,18577,22,26756,11,7706,0,150,1088,6618,7706,12,0,10,22,13,185,26952,0,0,320,320,0,0,0,0,0,6644,0,0,0,0,0
25,STATIC,100,1,24,0,14,35,125,2,1134,18695,20,26759,14,7581,0,159,1111,6470,7581,11,0,9,20,67,250,27023,0,0,320,320,0,0,0,0,0,6499,0,0,0,0,0
26,STATIC,100,1,25,0,23,34,127,1,1146,18523,21,26592,17,7563,0,150,1119,6444,7563,11,0,10,21,9,185,26794,0,0,320,320,0,0,0,0,0,6473,0,0,0,0,0
27,STATIC,100,1,26,0,13,33,126,2,1136,18665,20,26704,11,7560,0,157,1112,6448,7560,11,0,9,20,13,193,26908,0,0,320,320,0,0,0,0,0,6477,0,0,0,0,0
28,STATIC,100,1,27,0,12,33,128,2,1118,18587,21,26611,11,7535,0,149,1092,6443,7535,11,0,10,21,13,184,26806,0,0,320,320,0,0,0,0,0,6474,0,0,0,0,0
29,STATIC,100,1,28,0,13,34,127,2,1137,18585,20,26681,16,7626,0,162,1114,6512,7626,11,0,9,20,233,422,27119,0,0,320,320,0,0,0,0,0,6542,0,0,0,0,0
30,STATIC,100,1,29,0,23,38,124,2,1152,18664,21,26721,11,7573,0,153,1125,6448,7573,11,0,10,21,13,189,26921,0,0,320,320,0,0,0,0,0,6477,0,0,0,0,0
31,STATIC,100,1,30,0,13,35,128,1,1110,18551,21,26600,15,7576,0,160,1083,6493,7576,11,0,10,21,52,236,26851,0,0,320,320,0,0,0,0,0,6523,0,0,0,0,0
32,STATIC,100,1,31,0,22,39,125,1,1129,18650,20,26701,18,7560,0,167,1102,6458,7560,11,0,9,20,196,382,27101,0,0,320,320,0,0,0,0,0,6489,0,0,0,0,0
33,STATIC,100,1,32,0,13,37,126,2,1114,18596,21,26691,11,7613,0,156,1087,6526,7613,12,0,9,21,13,192,26894,0,0,320,320,0,0,0,0,0,6551,0,0,0,0,0
34,STATIC,100,1,33,0,14,43,123,1,1139,18652,20,26690,15,7564,0,158,1116,6448,7564,11,0,9,20,9,193,26898,0,0,320,320,0,0,0,0,0,6477,0,0,0,0,0
35,STATIC,100,1,34,0,14,66,126,2,1147,18516,21,26581,17,7561,0,156,1120,6441,7561,12,0,9,21,9,191,26789,0,0,320,320,0,0,0,0,0,6470,0,0,0,0,0
36,STATIC,100,1,35,0,13,33,125,2,1134,18667,20,26689,14,7557,0,151,1111,6446,7557,11,0,9,20,289,465,27168,0,0,320,320,0,0,0,0,0,6476,0,0,0,0,0
37,STATIC,100,1,36,0,14,36,158,2,1131,18552,20,26598,16,7539,0,158,1101,6438,7539,11,0,9,20,9,193,26807,0,0,320,320,0,0,0,0,0,6469,0,0,0,0,0
38,STATIC,100,1,37,0,14,34,126,1,1145,18655,21,26701,15,7592,0,175,1122,6470,7592,11,0,10,21,9,211,26927,0,0,320,320,0,0,0,0,0,6496,0,0,0,0,0
39,STATIC,100,1,38,0,12,35,127,2,1152,18555,21,26624,11,7571,0,157,1125,6446,7571,11,0,10,21,9,193,26828,0,0,320,320,0,0,0,0,0,6479,0,0,0,0,0
40,STATIC,100,1,39,0,13,38,126,2,1127,18543,20,26713,19,7698,0,163,1104,6594,7698,11,0,9,20,518,702,27434,0,0,320,320,0,0,0,0,0,6627,0,0,0,0,0
41,STATIC,100,1,40,0,14,34,125,1,1103,18641,22,26803,21,7687,0,155,1080,6607,7687,12,0,10,22,628,803,27627,0,0,320,320,0,0,0,0,0,6636,0,0,0,0,0
42,STATIC,100,1,41,0,14,72,127,1,1155,18583,21,26902,11,7802,0,166,1132,6670,7802,11,0,10,21,826,1017,27930,0,0,320,320,0,0,0,0,0,6701,0,0,0,0,0
43,STATIC,100,1,42,0,14,48,126,1,1146,18644,21,26713,16,7586,0,159,1123,6463,7586,11,0,10,21,320,507,27236,0,0,320,320,0,0,0,0,0,6493,0,0,0,0,0
44,STATIC,100,1,43,0,13,35,127,2,1139,18620,20,26722,14,7620,0,149,1116,6504,7620,11,0,9,20,9,189,26925,0,0,320,320,0,0,0,0,0,6539,0,0,0,0,0
45,STATIC,100,1,44,0,13,39,122,2,1112,18645,20,26668,15,7548,0,149,1089,6459,7548,11,0,9,20,9,185,26868,0,0,320,320,0,0,0,0,0,6492,0,0,0,0,0
46,STATIC,100,1,45,0,13,37,127,2,1117,18558,21,26633,15,7602,0,151,1094,6508,7602,11,0,10,21,14,190,26838,0,0,320,320,0,0,0,0,0,6538,0,0,0,0,0
47,STATIC,100,1,46,0,13,35,126,2,1133,18636,20,26657,14,7552,0,157,1111,6441,7552,11,0,9,20,9,193,26864,0,0,320,320,0,0,0,0,0,6471,0,0,0,0,0
48,STATIC,100,1,47,0,23,35,159,2,1110,18566,20,26605,11,7538,0,153,1089,6449,7538,11,0,9,20,13,189,26805,0,0,320,320,0,0,0,0,0,6475,0,0,0,0,0
49,STATIC,100,1,48,0,13,39,122,2,1115,18650,21,26656,15,7526,0,170,1092,6434,7526,11,0,10,21,191,381,27052,0,0,320,320,0,0,0,0,0,6463,0,0,0,0,0
50,STATIC,100,1,49,0,13,35,154,1,1135,18543,21,26602,11,7560,0,153,1108,6452,7560,11,0,10,21,9,189,26802,0,0,320,320,0,0,0,0,0,6483,0,0,0,0,0
51,STATIC,100,1,50,0,13,34,126,2,1116,18699,20,26705,15,7538,0,161,1093,6445,7538,11,0,9,20,9,193,26913,0,0,320,320,0,0,0,0,0,6470,0,0,0,0,0
52,STATIC,100,1,51,0,14,34,128,1,1152,18544,21,26595,19,7578,0,153,1125,6453,7578,11,0,10,21,9,185,26799,0,0,320,320,0,0,0,0,0,6484,0,0,0,0,0
53,STATIC,100,1,52,0,13,37,128,2,1136,18575,21,26670,15,7615,0,166,1109,6506,7615,11,0,10,21,302,488,27173,0,0,320,320,0,0,0,0,0,6536,0,0,0,0,0
54,STATIC,100,1,53,0,22,33,126,2,1122,18626,20,26659,14,7548,0,154,1096,6452,7548,11,0,9,20,9,187,26860,0,0,320,320,0,0,0,0,0,6482,0,0,0,0,0
55,STATIC,100,1,54,0,14,33,127,2,1138,18558,21,26638,15,7610,0,157,1111,6499,7610,11,0,10,21,13,193,26846,0,0,320,320,0,0,0,0,0,6524,0,0,0,0,0
61,EYE_L_SWEEP,100,1,5,0,57,669,4628,2,1557,18534,20,32528,11,8327,0,160,1534,6793,8327,11,0,9,20,1076,1259,33798,0,0,320,320,0,0,0,1,0,6822,0,0,0,0,0
62,EYE_L_SWEEP,100,1,6,0,52,595,4605,2,1594,18459,20,32113,18,8100,0,151,1571,6529,8100,11,0,9,20,9,183,32314,0,0,320,320,0,0,0,0,0,6558,0,0,0,0,0
63,EYE_L_SWEEP,100,1,7,0,52,671,4640,2,1610,18529,20,32218,18,8031,0,154,1587,6444,8031,11,0,9,20,10,187,32423,0,0,320,320,0,0,0,0,0,6474,0,0,0,0,0
64,EYE_L_SWEEP,100,1,8,0,52,669,4634,2,1614,18418,21,32200,15,8123,0,146,1591,6532,8123,11,0,10,21,9,181,32396,0,0,320,320,0,0,0,0,0,6561,0,0,0,0,0
65,EYE_L_SWEEP,100,1,9,0,52,667,4636,1,1602,18523,20,32219,15,8036,0,156,1576,6460,8036,11,0,9,20,9,192,32426,0,0,320,320,0,0,0,0,0,6485,0,0,0,0,0
66,EYE_L_SWEEP,100,1,10,0,53,675,4634,2,1611,18426,20,32121,15,8039,0,158,1588,6451,8039,11,0,9,20,9,187,32323,0,0,320,320,0,0,0,0,0,6480,0,0,0,0,0
67,EYE_L_SWEEP,100,1,11,0,53,678,4642,1,1592,18502,20,32198,20,8028,0,157,1566,6462,8028,11,0,9,20,9,189,32407,0,0,320,320,0,0,0,0,0,6491,0,0,0,0,0
68,EYE_L_SWEEP,100,1,12,0,52,670,4630,2,1598,18353,21,32024,20,8024,0,156,1575,6449,8024,11,0,10,21,10,188,32232,0,0,320,320,0,0,0,0,0,6478,0,0,0,0,0
69,EYE_L_SWEEP,100,1,13,0,61,686,4638,1,1584,18425,21,32145,15,8038,0,150,1561,6477,8038,11,0,10,21,9,190,32350,0,0,320,320,0,0,0,0,0,6503,0,0,0,0,0
70,EYE_L_SWEEP,100,1,14,0,52,681,4637,2,1610,18386,20,32097,14,8042,0,150,1587,6455,8042,11,0,9,20,13,190,32301,0,0,320,320,0,0,0,0,0,6485,0,0,0,0,0
71,EYE_L_SWEEP,100,1,15,0,53,691,4625,2,1598,18458,21,32158,15,8034,0,162,1575,6459,8034,11,0,10,21,9,192,32365,0,0,320,320,0,0,0,0,0,6486,0,0,0,0,0
72,EYE_L_SWEEP,100,1,16,0,52,707,4602,2,1601,18362,20,32084,15,8034,0,175,1578,6456,8034,11,0,9,20,9,205,32304,0,0,320,320,0,0,0,0,0,6482,0,0,0,0,0
73,EYE_L_SWEEP,100,1,17,0,52,671,4639,2,1607,18445,20,32142,11,8035,0,160,1584,6451,8035,11,0,9,20,9,196,32349,0,0,320,320,0,0,0,0,0,6480,0,0,0,0,0
74,EYE_L_SWEEP,100,1,18,0,52,714,4587,2,1578,18398,21,32065,15,8006,0,150,1555,6451,8006,11,0,10,21,10,188,32268,0,0,320,320,0,0,0,0,0,6481,0,0,0,0,0
75,EYE_L_SWEEP,100,1,19,0,83,680,4634,2,1609,18440,20,32193,14,8059,0,151,1586,6473,8059,11,0,9,20,13,187,32394,0,0,320,320,0,0,0,0,0,6504,0,0,0,0,0
76,EYE_L_SWEEP,100,1,20,0,52,684,4628,1,1601,18456,22,32158,19,8031,0,153,1577,6454,8031,12,0,10,22,9,183,32360,0,0,320,320,0,0,0,0,0,6483,0,0,0,0,0
77,EYE_L_SWEEP,100,1,21,0,53,672,4649,2,1624,18542,20,32269,11,8057,0,153,1601,6456,8057,11,0,9,20,13,190,32470,0,0,320,320,0,0,0,0,0,6485,0,0,0,0,0
78,EYE_L_SWEEP,100,1,22,0,52,661,4636,2,1580,18519,21,32176,15,8008,0,165,1557,6451,8008,11,0,10,21,13,198,32389,0,0,320,320,0,0,0,0,0,6478,0,0,0,0,0
79,EYE_L_SWEEP,100,1,23,0,51,684,4648,1,1608,18628,21,32353,18,8052,0,151,1584,6468,8052,12,0,9,21,9,187,32558,0,0,320,320,0,0,0,0,0,6495,0,0,0,0,0
80,EYE_L_SWEEP,100,1,24,0,53,671,4645,2,1601,18620,20,32320,15,8029,0,146,1579,6450,8029,11,0,9,20,10,178,32513,0,0,320,320,0,0,0,0,0,6487,0,0,0,0,0
81,EYE_L_SWEEP,100,1,25,0,52,672,4662,1,1626,18691,21,32439,19,8076,0,149,1603,6473,8076,11,0,10,21,9,185,32643,0,0,320,320,0,0,0,0,0,6502,0,0,0,0,0
82,EYE_L_SWEEP,100,1,26,0,53,712,4616,1,1599,18634,20,32367,16,8060,0,151,1576,6484,8060,11,0,9,20,9,186,32569,0,0,320,320,0,0,0,0,0,6514,0,0,0,0,0
83,EYE_L_SWEEP,100,1,27,0,53,692,4634,2,1590,18728,20,32456,11,8051,0,146,1567,6484,8051,11,0,9,20,13,186,32653,0,0,320,320,0,0,0,0,0,6514,0,0,0,0,0
84,EYE_L_SWEEP,100,1,28,0,52,691,4643,2,1610,18662,20,32543,20,8198,0,162,1587,6611,8198,11,0,9,20,10,191,32754,0,0,320,320,0,0,0,0,0,6641,0,0,0,0,0
85,EYE_L_SWEEP,100,1,29,0,52,675,4651,2,1582,18786,21,32615,20,8154,0,158,1559,6595,8154,12,0,9,21,9,199,32834,0,0,320,320,0,0,0,0,0,6624,0,0,0,0,0
86,EYE_L_SWEEP,100,1,30,0,52,677,4654,1,1607,18601,21,32628,19,8354,0,150,1584,6770,8354,11,0,10,21,13,186,32833,0,0,320,320,0,0,0,0,0,6800,0,0,0,0,0
87,EYE_L_SWEEP,100,1,31,0,62,676,4636,2,1596,18611,21,32586,11,8298,0,146,1573,6725,8298,11,0,10,21,9,181,32778,0,0,320,320,0,0,0,0,0,6752,0,0,0,0,0
88,EYE_L_SWEEP,100,1,32,0,53,675,4639,1,1632,18569,20,32576,14,8334,0,147,1609,6725,8334,11,0,9,20,9,179,32769,0,0,320,320,0,0,0,0,0,6754,0,0,0,0,0
89,EYE_L_SWEEP,100,1,33,0,53,608,4633,1,1591,18528,20,32424,14,8292,0,157,1564,6728,8292,11,0,9,20,9,189,32627,0,0,320,320,0,0,0,0,0,6761,0,0,0,0,0
90,EYE_L_SWEEP,100,1,34,0,54,605,4626,2,1619,18587,21,32477,14,8303,0,160,1596,6707,8303,12,0,9,21,10,190,32681,0,0,320,320,0,0,0,0,0,6732,0,0,0,0,0
91,EYE_L_SWEEP,100,1,35,0,53,700,4587,2,1568,18467,20,32369,15,8265,0,151,1545,6720,8265,11,0,9,20,11,189,32573,0,0,320,320,0,0,0,0,0,6746,0,0,0,0,0
92,EYE_L_SWEEP,100,1,36,0,52,695,4622,1,1550,18570,22,32467,15,8233,0,151,1522,6711,8233,12,0,10,22,9,184,32666,0,0,320,320,0,0,0,0,0,6741,0,0,0,0,0
93,EYE_L_SWEEP,100,1,37,0,53,707,4622,2,1546,18403,21,32330,19,8253,0,149,1523,6730,8253,11,0,10,21,9,181,32530,0,0,320,320,0,0,0,0,0,6755,0,0,0,0,0
94,EYE_L_SWEEP,100,1,38,0,66,674,4628,2,1565,18557,22,32487,15,8261,0,156,1538,6723,8261,12,0,10,22,1051,1228,33730,0,0,320,320,0,0,0,1,0,6753,0,0,0,0,0
95,EYE_L_SWEEP,100,1,39,0,52,667,4645,1,1589,18387,21,32083,15,8025,0,156,1562,6463,8025,11,0,10,21,9,189,32287,0,0,320,320,0,0,0,0,0,6494,0,0,0,0,0
96,EYE_L_SWEEP,100,1,40,0,52,665,4624,2,1598,18402,20,32083,14,8039,0,156,1571,6468,8039,11,0,9,20,13,193,32290,0,0,320,320,0,0,0,0,0,6494,0,0,0,0,0
97,EYE_L_SWEEP,100,1,41,0,52,677,4633,2,1607,18326,20,32071,16,8089,0,142,1584,6505,8089,11,0,9,20,13,177,32264,0,0,320,320,0,0,0,0,0,6535,0,0,0,0,0
98,EYE_L_SWEEP,100,1,42,0,52,672,4629,2,1584,18397,20,32072,18,8019,0,150,1561,6458,8019,11,0,9,20,10,182,32272,0,0,320,320,0,0,0,0,0,6488,0,0,0,0,0
99,EYE_L_SWEEP,100,1,43,0,53,666,4635,1,1591,18363,21,32104,18,8089,0,154,1567,6522,8089,12,0,9,21,9,186,32308,0,0,320,320,0,0,0,0,0,6552,0,0,0,0,0
100,EYE_L_SWEEP,100,1,44,0,52,663,4627,2,1586,18477,20,32129,14,8005,0,162,1559,6446,8005,11,0,9,20,13,196,32339,0,0,320,320,0,0,0,0,0,6477,0,0,0,0,0
101,EYE_L_SWEEP,100,1,45,0,52,673,4636,2,1593,18391,20,32130,19,8090,0,155,1570,6520,8090,11,0,9,20,9,187,32336,0,0,320,320,0,0,0,0,0,6546,0,0,0,0,0
102,EYE_L_SWEEP,100,1,46,0,52,671,4627,2,1605,18496,20,32186,11,8039,0,157,1578,6461,8039,11,0,9,20,9,193,32390,0,0,320,320,0,0,0,0,0,6490,0,0,0,0,0
103,EYE_L_SWEEP,100,1,47,0,61,678,4653,2,1594,18409,20,32191,15,8099,0,150,1567,6532,8099,11,0,9,20,9,185,32391,0,0,320,320,0,0,0,0,0,6561,0,0,0,0,0
104,EYE_L_SWEEP,100,1,48,0,52,661,4651,2,1588,18552,21,32213,15,8004,0,155,1565,6439,8004,11,0,10,21,9,191,32419,0,0,320,320,0,0,0,0,0,6468,0,0,0,0,0
105,EYE_L_SWEEP,100,1,49,0,51,663,4629,1,1602,18472,20,32219,14,8085,0,150,1567,6518,8085,11,0,9,20,13,186,32419,0,0,320,320,0,0,0,0,0,6547,0,0,0,0,0
106,EYE_L_SWEEP,100,1,50,0,52,653,4641,1,1598,18589,20,32256,19,8024,0,150,1575,6449,8024,11,0,9,20,9,182,32457,0,0,320,320,0,0,0,0,0,6479,0,0,0,0,0
107,EYE_L_SWEEP,100,1,51,0,52,667,4629,2,1614,18495,20,32257,15,8111,0,139,1587,6524,8111,11,0,9,20,9,171,32443,0,0,320,320,0,0,0,0,0,6553,0,0,0,0,0
108,EYE_L_SWEEP,100,1,52,0,53,661,4653,1,1606,18592,21,32281,16,8028,0,147,1583,6445,8028,12,0,9,21,10,185,32482,0,0,320,320,0,0,0,0,0,6476,0,0,0,0,0
109,EYE_L_SWEEP,100,1,53,0,53,666,4630,1,1612,18506,20,32271,15,8106,0,158,1585,6521,8106,11,0,9,20,13,198,32484,0,0,320,320,0,0,0,0,0,6551,0,0,0,0,0
110,EYE_L_SWEEP,100,1,54,0,52,676,4653,2,1594,18666,20,32387,15,8022,0,158,1571,6451,8022,11,0,9,20,9,188,32590,0,0,320,320,0,0,0,0,0,6477,0,0,0,0,0
116,MULTI_AXIS,100,1,5,0,63,946,4837,2,1604,18242,21,32470,15,8086,0,145,1581,6505,8086,11,0,10,21,9,181,32666,0,0,320,320,0,0,0,0,0,6534,0,0,0,0,0
117,MULTI_AXIS,100,1,6,0,59,1003,4842,2,1595,18340,20,32557,18,8011,0,159,1572,6439,8011,11,0,9,20,10,191,32766,0,0,320,320,0,0,0,0,0,6473,0,0,0,0,0
118,MULTI_AXIS,100,1,7,0,59,1006,4834,1,1600,18280,21,32514,16,8029,0,146,1573,6456,8029,11,0,10,21,13,181,32711,0,0,320,320,0,0,0,0,0,6489,0,0,0,0,0
119,MULTI_AXIS,100,1,8,0,59,998,4824,2,1626,18208,20,32427,11,8030,0,146,1603,6427,8030,11,0,9,20,13,190,32628,0,0,320,320,0,0,0,0,0,6452,0,0,0,0,0
120,MULTI_AXIS,100,1,9,0,58,999,4848,2,1619,18280,25,32743,15,8041,0,157,1596,6445,8041,12,0,13,25,9,197,32955,0,0,320,320,0,0,0,0,0,6473,0,0,0,0,0
121,MULTI_AXIS,100,1,10,0,58,998,4849,2,1615,18279,20,32511,11,8032,0,150,1592,6440,8032,11,0,9,20,9,189,32711,0,0,320,320,0,0,0,0,0,6474,0,0,0,0,0
122,MULTI_AXIS,100,1,11,0,59,1002,4839,1,1602,18288,21,32513,19,8030,0,156,1579,6451,8030,11,0,10,21,9,188,32720,0,0,320,320,0,0,0,0,0,6480,0,0,0,0,0
123,MULTI_AXIS,100,1,12,0,59,1002,4832,2,1622,18277,48,32580,14,8084,0,153,1571,6513,8084,39,0,9,48,17,194,32788,0,0,320,320,0,0,0,0,0,6543,0,0,0,0,0
124,MULTI_AXIS,100,1,13,0,59,1014,4842,2,1579,18295,22,32656,15,8139,0,146,1551,6588,8139,12,0,10,22,9,181,32852,0,0,320,320,0,0,0,0,0,6618,0,0,0,0,0
125,MULTI_AXIS,100,1,14,0,58,1017,4835,2,1581,18204,28,32623,14,8142,0,169,1558,6584,8142,11,0,17,28,9,211,32848,0,0,320,320,0,0,0,0,0,6673,0,0,0,0,0
126,MULTI_AXIS,100,1,15,0,59,997,4840,2,1600,18368,21,32829,15,8279,0,191,1576,6703,8279,12,0,9,21,9,228,33072,0,0,320,320,0,0,0,0,0,6732,0,0,0,0,0
127,MULTI_AXIS,100,1,16,0,58,992,4830,2,1594,18299,22,32764,15,8280,0,153,1570,6710,8280,12,0,10,22,9,185,32964,0,0,320,320,0,0,0,0,0,6739,0,0,0,0,0
128,MULTI_AXIS,100,1,17,0,59,929,4823,2,1598,18273,21,32680,15,8282,0,150,1571,6711,8282,11,0,10,21,9,182,32877,0,0,320,320,0,0,0,0,0,6741,0,0,0,0,0
129,MULTI_AXIS,100,1,18,0,58,919,4818,2,1605,18414,21,32792,15,8290,0,191,1582,6708,8290,11,0,10,21,1051,1266,34073,0,0,320,320,0,0,0,1,0,6734,0,0,0,0,0
130,MULTI_AXIS,100,1,19,0,67,915,4836,2,1614,18444,21,32591,10,8032,0,155,1588,6444,8032,11,0,10,21,13,191,32792,0,0,320,320,0,0,0,0,0,6474,0,0,0,0,0
131,MULTI_AXIS,100,1,20,0,59,1002,4839,1,1608,18365,21,32656,15,8091,0,159,1581,6510,8091,11,0,10,21,9,194,32865,0,0,320,320,0,0,0,0,0,6540,0,0,0,0,0
132,MULTI_AXIS,100,1,21,0,59,1005,4848,2,1585,18549,21,32764,15,8001,0,154,1559,6442,8001,11,0,10,21,13,190,32969,0,0,320,320,0,0,0,0,0,6472,0,0,0,0,0
133,MULTI_AXIS,100,1,22,0,59,1016,4826,2,1578,18626,21,32824,15,8005,0,157,1555,6450,8005,11,0,10,21,9,189,33028,0,0,320,320,0,0,0,0,0,6480,0,0,0,0,0
134,MULTI_AXIS,100,1,23,0,59,1022,4829,2,1605,18564,20,32802,14,8029,0,162,1582,6447,8029,11,0,9,20,9,194,33010,0,0,320,320,0,0,0,0,0,6477,0,0,0,0,0
135,MULTI_AXIS,100,1,24,0,63,1012,4848,2,1605,18561,21,32829,20,8047,0,169,1583,6464,8047,11,0,10,21,9,199,33048,0,0,320,320,0,0,0,0,0,6489,0,0,0,0,0
136,MULTI_AXIS,100,1,25,0,58,1010,4855,2,1593,18504,21,32804,19,8031,0,160,1570,6461,8031,11,0,10,21,9,190,33013,0,0,320,320,0,0,0,0,0,6491,0,0,0,0,0
137,MULTI_AXIS,100,1,26,0,59,1008,4840,1,1595,18714,20,33085,11,8174,0,195,1572,6602,8174,11,0,9,20,9,229,33325,0,0,320,320,0,0,0,0,0,6631,0,0,0,0,0
138,MULTI_AXIS,100,1,27,0,59,949,4840,2,1596,18644,20,33079,18,8287,0,150,1573,6714,8287,11,0,9,20,10,183,33280,0,0,320,320,0,0,0,0,0,6748,0,0,0,0,0
139,MULTI_AXIS,100,1,28,0,59,907,4825,1,1600,18564,21,32939,11,8286,0,153,1577,6709,8286,11,0,10,21,13,189,33139,0,0,320,320,0,0,0,0,0,6742,0,0,0,0,0
140,MULTI_AXIS,100,1,29,0,59,938,4618,1,1596,18535,20,32717,47,8276,0,150,1573,6703,8276,11,0,9,20,9,180,32944,0,0,320,320,0,0,0,0,0,6733,0,0,0,0,0
141,MULTI_AXIS,100,1,30,0,58,963,4836,2,1586,18595,21,33005,18,8255,0,155,1558,6697,8255,12,0,9,21,868,1048,34071,0,0,320,320,0,0,0,1,0,6723,0,0,0,0,0
142,MULTI_AXIS,100,1,31,0,59,957,4834,2,1626,18487,20,32652,18,8020,0,169,1603,6417,8020,11,0,9,20,10,201,32871,0,0,320,320,0,0,0,0,0,6447,0,0,0,0,0
143,MULTI_AXIS,100,1,32,0,68,1027,4828,1,1589,18426,21,32644,10,8008,0,153,1567,6441,8008,11,0,10,21,13,189,32843,0,0,320,320,0,0,0,0,0,6467,0,0,0,0,0
144,MULTI_AXIS,100,1,33,0,58,1001,4835,2,1608,18462,21,32702,10,8041,0,149,1585,6456,8041,11,0,10,21,9,190,32902,0,0,320,320,0,0,0,0,0,6481,0,0,0,0,0
145,MULTI_AXIS,100,1,34,0,58,996,4851,2,1604,18384,20,32693,11,8106,0,149,1581,6525,8106,11,0,9,20,9,185,32889,0,0,320,320,0,0,0,0,0,6559,0,0,0,0,0
146,MULTI_AXIS,100,1,35,0,59,995,4835,2,1615,18466,21,32717,11,8067,0,149,1588,6479,8067,11,0,10,21,10,186,32914,0,0,320,320,0,0,0,0,0,6505,0,0,0,0,0
147,MULTI_AXIS,100,1,36,0,58,1007,4852,2,1591,18520,22,32781,14,8042,0,146,1568,6474,8042,12,0,10,22,9,179,32974,0,0,320,320,0,0,0,0,0,6508,0,0,0,0,0
148,MULTI_AXIS,100,1,37,0,58,1035,4856,2,1606,18468,21,32888,11,8172,0,146,1583,6589,8172,11,0,10,21,13,183,33082,0,0,320,320,0,0,0,0,0,6626,0,0,0,0,0
149,MULTI_AXIS,100,1,38,0,59,1004,4859,1,1595,18508,32,32955,19,8207,0,161,1553,6654,8207,22,0,10,32,9,195,33169,0,0,320,320,0,0,0,0,0,6680,0,0,0,0,0
150,MULTI_AXIS,100,1,39,0,59,1003,4858,1,1608,18373,20,32946,11,8351,0,161,1581,6770,8351,11,0,9,20,9,197,33154,0,0,320,320,0,0,0,0,0,6803,0,0,0,0,0
151,MULTI_AXIS,100,1,40,0,59,964,4835,1,1614,18437,21,32905,11,8318,0,154,1591,6727,8318,11,0,10,21,11,222,33138,0,0,320,320,0,0,0,0,0,6753,0,0,0,0,0
152,MULTI_AXIS,100,1,41,0,58,943,4836,2,1612,18460,21,32900,11,8306,0,156,1585,6721,8306,11,0,10,21,13,195,33106,0,0,320,320,0,0,0,0,0,6747,0,0,0,0,0
153,MULTI_AXIS,100,1,42,0,59,952,4839,2,1568,18359,20,32842,11,8345,0,172,1546,6799,8345,11,0,9,20,13,208,33061,0,0,320,320,0,0,0,0,0,6824,0,0,0,0,0
154,MULTI_AXIS,100,1,43,0,59,948,4843,2,1596,18404,20,32687,11,8131,0,153,1570,6561,8131,11,0,9,20,9,189,32887,0,0,320,320,0,0,0,0,0,6591,0,0,0,0,0
155,MULTI_AXIS,100,1,44,0,58,1000,4845,2,1608,18422,21,32661,10,8036,0,153,1582,6454,8036,11,0,10,21,9,194,32865,0,0,320,320,0,0,0,0,0,6485,0,0,0,0,0
156,MULTI_AXIS,100,1,45,0,58,1030,4809,2,1615,18353,21,32658,15,8050,0,149,1592,6458,8050,11,0,10,21,9,181,32854,0,0,320,320,0,0,0,0,0,6516,0,0,0,0,0
157,MULTI_AXIS,100,1,46,0,59,993,4838,1,1629,18504,20,32745,10,8048,0,160,1602,6446,8048,11,0,9,20,9,196,32951,0,0,320,320,0,0,0,0,0,6476,0,0,0,0,0
158,MULTI_AXIS,100,1,47,0,59,988,4841,2,1629,18452,20,32767,18,8124,0,150,1602,6522,8124,11,0,9,20,10,183,32968,0,0,320,320,0,0,0,0,0,6552,0,0,0,0,0
159,MULTI_AXIS,100,1,48,0,58,1006,4856,2,1607,18578,21,32830,11,8028,0,146,1581,6447,8028,11,0,10,21,9,182,33023,0,0,320,320,0,0,0,0,0,6473,0,0,0,0,0
160,MULTI_AXIS,100,1,49,0,59,1005,4860,1,1586,18593,20,32840,11,8021,0,150,1563,6458,8021,11,0,9,20,9,186,33037,0,0,320,320,0,0,0,0,0,6483,0,0,0,0,0
161,MULTI_AXIS,100,1,50,0,58,1018,4857,2,1607,18621,21,32848,15,8006,0,155,1584,6422,8006,11,0,10,21,9,191,33054,0,0,320,320,0,0,0,0,0,6451,0,0,0,0,0
162,MULTI_AXIS,100,1,51,0,58,1007,4856,2,1573,18722,20,33105,15,8150,0,157,1550,6600,8150,11,0,9,20,9,193,33313,0,0,320,320,0,0,0,0,0,6630,0,0,0,0,0
163,MULTI_AXIS,100,1,52,0,59,904,4843,2,1659,18630,37,33078,19,8331,0,147,1616,6715,8331,27,0,10,37,13,183,33280,0,0,320,320,0,0,0,0,0,6744,0,0,0,0,0
164,MULTI_AXIS,100,1,53,0,59,909,4835,2,1600,18551,20,33017,15,8371,0,149,1577,6794,8371,11,0,9,20,9,182,33214,0,0,320,320,0,0,0,0,0,6820,0,0,0,0,0
165,MULTI_AXIS,100,1,54,0,59,952,4838,1,1565,18520,20,32931,18,8260,0,162,1538,6722,8260,11,0,9,20,9,194,33143,0,0,320,320,0,0,0,0,0,6748,0,0,0,0,0
