frame_id,scenario,scale_q100,round,frame,slot_wait_us,controller_us,rt30_us,hierarchy_vertex_us,bounds_us,clear_us,raster_us,cache_sync_us,producer_total_us,publish_consume_us,ppa_wait_us,ppa_blend_us,panel_submit_us,ppa_fill_us,ppa_srm_us,ppa_total_us,clear_cache_sync_us,convert_cache_sync_us,flush_cache_sync_us,cache_sync_total_us,display_lock_wait_us,flush_total_us,frame_total_us,dirty_x,dirty_y,dirty_w,dirty_h,frame_drop,slot_miss,lock_skip,deadline_miss,backend,convert_us,keypoint_us,visual_transform_us,stretch_us,vertex_transform_us,uv_update_us,trig_cache_hit,trig_cache_miss
6,STATIC,100,1,5,0,17,40,128,1,1168,19226,24,27650,19,7841,0,160,1138,6703,7841,14,0,10,24,13,190,27859,0,0,320,320,0,0,0,0,0,6727,0,0,0,0,0,0,0
7,STATIC,100,1,6,0,15,38,128,1,1159,19006,28,27296,15,7732,0,158,1131,6601,7732,15,0,13,28,13,219,27530,0,0,320,320,0,0,0,0,0,6624,0,0,0,0,0,0,0
8,STATIC,100,1,7,0,12,38,132,2,1141,19156,24,27438,19,7701,0,162,1113,6588,7701,15,0,9,24,13,192,27649,0,0,320,320,0,0,0,0,0,6612,0,0,0,0,0,0,0
9,STATIC,100,1,8,0,15,38,127,1,1162,19098,25,27384,19,7719,0,153,1131,6588,7719,15,0,10,25,17,191,27594,0,0,320,320,0,0,0,0,0,6614,0,0,0,0,0,0,0
10,STATIC,100,1,9,0,13,38,131,2,1004,19000,24,27086,15,7489,0,162,976,6513,7489,15,0,9,24,21,200,27301,0,0,320,320,0,0,0,0,0,6537,0,0,0,0,0,0,0
11,STATIC,100,1,10,0,15,47,141,2,938,19142,31,27075,15,7340,0,161,900,6440,7340,22,0,9,31,12,193,27283,0,0,320,320,0,0,0,0,0,6464,0,0,0,0,0,0,0
12,STATIC,100,1,11,0,13,37,116,1,931,19038,23,26943,14,7338,0,164,908,6430,7338,14,0,9,23,21,202,27159,0,0,320,320,0,0,0,0,0,6454,0,0,0,0,0,0,0
13,STATIC,100,1,12,0,13,38,134,2,1079,19163,24,27333,19,7607,0,163,1051,6556,7607,15,0,9,24,16,196,27548,0,0,320,320,0,0,0,0,0,6580,0,0,0,0,0,0,0
14,STATIC,100,1,13,0,15,38,134,2,959,19040,25,26992,16,7360,0,157,931,6429,7360,15,0,10,25,11,186,27194,0,0,320,320,0,0,0,0,0,6452,0,0,0,0,0,0,0
15,STATIC,100,1,14,0,15,39,127,1,1152,19148,24,27446,18,7737,0,166,1129,6608,7737,15,0,9,24,17,200,27664,0,0,320,320,0,0,0,0,0,6632,0,0,0,0,0,0,0
16,STATIC,100,1,15,0,15,38,126,1,1130,19031,25,27265,9,7681,0,189,1102,6579,7681,15,0,10,25,17,225,27499,0,0,320,320,0,0,0,0,0,6602,0,0,0,0,0,0,0
17,STATIC,100,1,16,0,13,38,128,2,981,19080,24,27050,19,7413,0,157,954,6459,7413,14,0,10,24,13,187,27256,0,0,320,320,0,0,0,0,0,6485,0,0,0,0,0,0,0
18,STATIC,100,1,17,0,13,40,131,5,1168,19094,24,27434,19,7757,0,155,1141,6616,7757,15,0,9,24,13,184,27637,0,0,320,320,0,0,0,0,0,6639,0,0,0,0,0,0,0
19,STATIC,100,1,18,0,13,40,131,2,1132,19111,24,27360,18,7682,0,158,1104,6578,7682,15,0,9,24,13,188,27566,0,0,320,320,0,0,0,0,0,6601,0,0,0,0,0,0,0
20,STATIC,100,1,19,0,15,43,130,1,1018,19031,25,27040,10,7442,0,162,990,6452,7442,15,0,10,25,17,199,27249,0,0,320,320,0,0,0,0,0,6475,0,0,0,0,0,0,0
21,STATIC,100,1,20,0,13,38,132,2,1149,19174,24,27472,19,7734,0,158,1123,6611,7734,14,0,10,24,17,192,27683,0,0,320,320,0,0,0,0,0,6634,0,0,0,0,0,0,0
22,STATIC,100,1,21,0,13,45,129,1,1131,19051,24,27286,18,7662,0,164,1099,6563,7662,15,0,9,24,13,194,27498,0,0,320,320,0,0,0,0,0,6582,0,0,0,0,0,0,0
23,STATIC,100,1,22,0,13,40,130,2,1073,19019,24,27323,18,7704,0,151,1042,6662,7704,15,0,9,24,17,184,27525,0,0,320,320,0,0,0,0,0,6686,0,0,0,0,0,0,0
24,STATIC,100,1,23,0,15,54,131,2,967,19174,24,27171,18,7405,0,161,939,6466,7405,15,0,9,24,13,195,27384,0,0,320,320,0,0,0,0,0,6489,0,0,0,0,0,0,0
25,STATIC,100,1,24,0,13,47,143,1,889,19039,24,26922,15,7302,0,173,865,6437,7302,15,0,9,24,12,206,27143,0,0,320,320,0,0,0,0,0,6461,0,0,0,0,0,0,0
26,STATIC,100,1,25,0,12,43,130,2,1133,19162,24,27415,14,7679,0,166,1106,6573,7679,15,0,9,24,17,204,27633,0,0,320,320,0,0,0,0,0,6596,0,0,0,0,0,0,0
27,STATIC,100,1,26,0,13,41,130,1,1008,19063,24,27064,18,7433,0,160,976,6457,7433,15,0,9,24,11,190,27272,0,0,320,320,0,0,0,0,0,6480,0,0,0,0,0,0,0
28,STATIC,100,1,27,0,15,46,128,2,904,19051,25,26988,15,7318,0,154,877,6441,7318,15,0,10,25,12,186,27189,0,0,320,320,0,0,0,0,0,6465,0,0,0,0,0,0,0
29,STATIC,100,1,28,0,15,38,127,2,1151,19111,24,27392,18,7717,0,167,1124,6593,7717,15,0,9,24,13,197,27607,0,0,320,320,0,0,0,0,0,6617,0,0,0,0,0,0,0
30,STATIC,100,1,29,0,13,40,129,1,1055,19176,24,27340,11,7588,0,155,1028,6560,7588,14,0,10,24,17,192,27543,0,0,320,320,0,0,0,0,0,6584,0,0,0,0,0,0,0
31,STATIC,100,1,30,0,12,41,133,1,980,19036,24,27000,14,7381,0,151,952,6429,7381,15,0,9,24,13,184,27198,0,0,320,320,0,0,0,0,0,6454,0,0,0,0,0,0,0
32,STATIC,100,1,31,0,15,39,130,2,1147,19117,23,27411,18,7725,0,158,1121,6604,7725,14,0,9,23,17,192,27621,0,0,320,320,0,0,0,0,0,6625,0,0,0,0,0,0,0
33,STATIC,100,1,32,0,13,41,129,2,1170,19100,24,27386,18,7722,0,162,1139,6583,7722,15,0,9,24,17,196,27600,0,0,320,320,0,0,0,0,0,6606,0,0,0,0,0,0,0
34,STATIC,100,1,33,0,14,39,130,1,990,19057,25,27142,15,7485,0,160,962,6523,7485,15,0,10,25,13,193,27350,0,0,320,320,0,0,0,0,0,6543,0,0,0,0,0,0,0
35,STATIC,100,1,34,0,15,46,139,1,893,19175,25,27070,11,7306,0,163,866,6440,7306,15,0,10,25,16,199,27280,0,0,320,320,0,0,0,0,0,6464,0,0,0,0,0,0,0
36,STATIC,100,1,35,0,15,49,108,2,938,19051,32,26971,21,7352,0,158,906,6446,7352,23,0,9,32,15,195,27187,0,0,320,320,0,0,0,0,0,6470,0,0,0,0,0,0,0
37,STATIC,100,1,36,0,12,42,127,2,1052,19124,24,27223,19,7545,0,158,1029,6516,7545,15,0,9,24,13,187,27429,0,0,320,320,0,0,0,0,0,6540,0,0,0,0,0,0,0
38,STATIC,100,1,37,0,15,39,138,2,937,19043,33,26991,9,7345,0,157,898,6447,7345,23,0,10,33,15,191,27191,0,0,320,320,0,0,0,0,0,6470,0,0,0,0,0,0,0
39,STATIC,100,1,38,0,12,38,129,2,1162,19148,25,27447,14,7734,0,162,1135,6599,7734,15,0,10,25,18,201,27662,0,0,320,320,0,0,0,0,0,6622,0,0,0,0,0,0,0
40,STATIC,100,1,39,0,15,39,129,1,1102,19069,24,27265,18,7628,0,192,1071,6557,7628,15,0,9,24,12,221,27504,0,0,320,320,0,0,0,0,0,6580,0,0,0,0,0,0,0
41,STATIC,100,1,40,0,13,43,128,2,967,19069,25,27018,14,7373,0,162,936,6437,7373,15,0,10,25,17,199,27231,0,0,320,320,0,0,0,0,0,6466,0,0,0,0,0,0,0
42,STATIC,100,1,41,0,13,39,128,1,1133,19079,25,27383,15,7712,0,166,1106,6606,7712,15,0,10,25,13,196,27594,0,0,320,320,0,0,0,0,0,6657,0,0,0,0,0,0,0
43,STATIC,100,1,42,0,15,46,131,2,1157,19166,24,27439,19,7696,0,162,1129,6567,7696,15,0,9,24,13,192,27650,0,0,320,320,0,0,0,0,0,6592,0,0,0,0,0,0,0
44,STATIC,100,1,43,0,13,38,130,1,1013,19093,25,27105,15,7447,0,157,981,6466,7447,15,0,10,25,13,189,27309,0,0,320,320,0,0,0,0,0,6491,0,0,0,0,0,0,0
45,STATIC,100,1,44,0,15,50,132,2,894,19066,31,26958,14,7315,0,158,867,6448,7315,15,0,16,31,11,198,27170,0,0,320,320,0,0,0,0,0,6471,0,0,0,0,0,0,0
46,STATIC,100,1,45,0,15,40,133,2,1152,19167,24,27455,15,7718,0,172,1124,6594,7718,15,0,9,24,14,203,27673,0,0,320,320,0,0,0,0,0,6618,0,0,0,0,0,0,0
47,STATIC,100,1,46,0,13,39,130,2,1086,19040,23,27359,18,7724,0,159,1059,6665,7724,14,0,9,23,13,188,27565,0,0,320,320,0,0,0,0,0,6688,0,0,0,0,0,0,0
48,STATIC,100,1,47,0,15,39,142,2,953,19195,25,27133,9,7357,0,169,922,6435,7357,15,0,10,25,11,204,27346,0,0,320,320,0,0,0,0,0,6458,0,0,0,0,0,0,0
49,STATIC,100,1,48,0,13,50,129,2,899,19035,25,26931,15,7313,0,172,871,6442,7313,15,0,10,25,15,204,27150,0,0,320,320,0,0,0,0,0,6465,0,0,0,0,0,0,0
50,STATIC,100,1,49,0,13,42,128,2,1167,19130,25,27412,19,7715,0,168,1140,6575,7715,15,0,10,25,13,198,27629,0,0,320,320,0,0,0,0,0,6600,0,0,0,0,0,0,0
51,STATIC,100,1,50,0,13,38,126,2,990,19069,25,27030,18,7404,0,158,959,6445,7404,15,0,10,25,13,187,27235,0,0,320,320,0,0,0,0,0,6469,0,0,0,0,0,0,0
52,STATIC,100,1,51,0,15,38,130,2,1131,19160,25,27435,19,7687,0,161,1100,6587,7687,15,0,10,25,13,191,27645,0,0,320,320,0,0,0,0,0,6611,0,0,0,0,0,0,0
53,STATIC,100,1,52,0,13,38,127,1,1162,18999,25,27279,19,7719,0,161,1130,6589,7719,15,0,10,25,41,219,27517,0,0,320,320,0,0,0,0,0,6615,0,0,0,0,0,0,0
54,STATIC,100,1,53,0,13,38,129,2,1075,19178,25,27336,19,7592,0,160,1048,6544,7592,15,0,10,25,16,193,27548,0,0,320,320,0,0,0,0,0,6568,0,0,0,0,0,0,0
55,STATIC,100,1,54,0,22,42,142,2,957,19049,25,27004,9,7358,0,158,925,6433,7358,15,0,10,25,17,197,27210,0,0,320,320,0,0,0,0,0,6457,0,0,0,0,0,0,0
61,EYE_L_SWEEP,100,1,5,0,57,546,1219,1,1154,18992,24,28742,18,7556,0,162,1128,6428,7556,14,0,10,24,13,193,28953,0,0,320,320,0,0,0,0,0,6452,0,0,0,0,0,51,0
62,EYE_L_SWEEP,100,1,6,0,56,492,1200,1,1145,19140,25,28976,18,7706,0,162,1122,6584,7706,15,0,10,25,13,195,29189,0,0,320,320,0,0,0,0,0,6608,0,0,0,0,0,51,0
63,EYE_L_SWEEP,100,1,7,0,57,545,1234,1,963,18927,24,28775,18,7601,0,170,940,6661,7601,15,0,9,24,12,199,28992,0,0,320,320,0,0,0,0,0,6700,0,0,0,0,0,51,0
64,EYE_L_SWEEP,100,1,8,0,57,551,1212,1,1004,19056,32,28954,18,7691,0,163,976,6715,7691,15,0,17,32,13,201,29173,0,0,320,320,0,0,0,0,0,6740,0,0,0,0,0,51,0
65,EYE_L_SWEEP,100,1,9,0,56,584,1208,2,1125,19007,24,29031,18,7802,0,157,1101,6701,7802,15,0,9,24,13,187,29236,0,0,320,320,0,0,0,0,0,6724,0,0,0,0,0,51,0
66,EYE_L_SWEEP,100,1,10,0,56,556,1209,1,1148,18826,24,28820,18,7793,0,168,1124,6669,7793,15,0,9,24,13,198,29036,0,0,320,320,0,0,0,0,0,6692,0,0,0,0,0,51,0
67,EYE_L_SWEEP,100,1,11,0,56,556,1217,2,1150,18995,25,29040,11,7843,0,158,1126,6717,7843,15,0,10,25,13,191,29242,0,0,320,320,0,0,0,0,0,6740,0,0,0,0,0,51,0
68,EYE_L_SWEEP,100,1,12,0,57,560,1242,1,1125,18714,25,28824,11,7862,0,166,1102,6760,7862,15,0,10,25,13,202,29037,0,0,320,320,0,0,0,0,0,6784,0,0,0,0,0,51,0
69,EYE_L_SWEEP,100,1,13,0,56,561,1213,1,1139,18932,24,28897,14,7761,0,174,1115,6646,7761,15,0,9,24,12,207,29118,0,0,320,320,0,0,0,0,0,6665,0,0,0,0,0,51,0
70,EYE_L_SWEEP,100,1,14,0,57,604,1213,1,1144,18934,24,28727,15,7552,0,170,1120,6432,7552,15,0,9,24,199,391,29133,0,0,320,320,0,0,0,0,0,6457,0,0,0,0,0,51,0
71,EYE_L_SWEEP,100,1,15,0,56,570,1209,2,1145,18785,24,28560,15,7558,0,157,1122,6436,7558,15,0,9,24,11,189,28764,0,0,320,320,0,0,0,0,0,6459,0,0,0,0,0,51,0
72,EYE_L_SWEEP,100,1,16,0,55,589,1213,1,1126,19000,24,28774,15,7544,0,173,1098,6446,7544,15,0,9,24,16,206,28995,0,0,320,320,0,0,0,0,0,6469,0,0,0,0,0,51,0
73,EYE_L_SWEEP,100,1,17,0,57,558,1212,1,1148,18834,25,28585,9,7552,0,158,1124,6428,7552,15,0,10,25,17,194,28788,0,0,320,320,0,0,0,0,0,6451,0,0,0,0,0,51,0
74,EYE_L_SWEEP,100,1,18,0,66,580,1211,2,1157,19014,25,28824,15,7578,0,162,1129,6449,7578,15,0,10,25,11,195,29034,0,0,320,320,0,0,0,0,0,6475,0,0,0,0,0,51,0
75,EYE_L_SWEEP,100,1,19,0,57,551,1209,4,1118,18851,25,28581,11,7535,0,155,1095,6440,7535,15,0,10,25,13,192,28784,0,0,320,320,0,0,0,0,0,6462,0,0,0,0,0,51,0
76,EYE_L_SWEEP,100,1,20,0,65,580,1212,1,1147,19038,25,28837,9,7573,0,162,1123,6450,7573,15,0,10,25,12,200,29046,0,0,320,320,0,0,0,0,0,6475,0,0,0,0,0,51,0
77,EYE_L_SWEEP,100,1,21,0,56,557,1207,1,1113,18891,24,28595,15,7519,0,155,1090,6429,7519,15,0,9,24,13,185,28795,0,0,320,320,0,0,0,0,0,6452,0,0,0,0,0,51,0
78,EYE_L_SWEEP,100,1,22,0,56,584,1205,1,1120,19095,24,28829,15,7522,0,175,1093,6429,7522,14,0,10,24,13,208,29052,0,0,320,320,0,0,0,0,0,6454,0,0,0,0,0,51,0
79,EYE_L_SWEEP,100,1,23,0,56,566,1207,2,1149,18944,25,28700,19,7556,0,156,1125,6431,7556,15,0,10,25,13,185,28904,0,0,320,320,0,0,0,0,0,6456,0,0,0,0,0,51,0
80,EYE_L_SWEEP,100,1,24,0,57,580,1211,4,1137,19136,24,28909,15,7550,0,168,1114,6436,7550,15,0,9,24,16,201,29125,0,0,320,320,0,0,0,0,0,6459,0,0,0,0,0,51,0
81,EYE_L_SWEEP,100,1,25,0,56,559,1212,2,1147,18981,25,28738,19,7556,0,158,1119,6437,7556,15,0,10,25,13,188,28945,0,0,320,320,0,0,0,0,0,6460,0,0,0,0,0,51,0
82,EYE_L_SWEEP,100,1,26,0,56,557,1226,1,1154,19165,32,28963,15,7576,0,153,1131,6445,7576,15,0,17,32,11,192,29170,0,0,320,320,0,0,0,0,0,6470,0,0,0,0,0,51,0
83,EYE_L_SWEEP,100,1,27,0,66,561,1255,2,1157,19082,24,28970,26,7580,0,165,1133,6447,7580,15,0,9,24,16,197,29193,0,0,320,320,0,0,0,0,0,6475,0,0,0,0,0,51,0
84,EYE_L_SWEEP,100,1,28,0,56,504,1204,1,1151,19197,24,29031,19,7678,0,153,1127,6551,7678,15,0,9,24,12,182,29232,0,0,320,320,0,0,0,0,0,6574,0,0,0,0,0,51,0
85,EYE_L_SWEEP,100,1,29,0,56,578,1204,1,1043,19235,24,29063,18,7607,0,158,1015,6592,7607,15,0,9,24,13,188,29269,0,0,320,320,0,0,0,0,0,6617,0,0,0,0,0,51,0
86,EYE_L_SWEEP,100,1,30,0,56,496,1207,1,1120,19063,25,28897,19,7686,0,177,1096,6590,7686,15,0,10,25,11,206,29122,0,0,320,320,0,0,0,0,0,6613,0,0,0,0,0,51,0
87,EYE_L_SWEEP,100,1,31,0,66,589,1210,1,912,19202,32,28958,19,7517,0,163,885,6632,7517,15,0,17,32,13,199,29176,0,0,320,320,0,0,0,0,0,6658,0,0,0,0,0,51,0
88,EYE_L_SWEEP,100,1,32,0,57,557,1212,2,1153,18924,31,28960,19,7834,0,153,1126,6708,7834,15,0,16,31,13,190,29169,0,0,320,320,0,0,0,0,0,6727,0,0,0,0,0,51,0
89,EYE_L_SWEEP,100,1,33,0,56,555,1216,2,1114,19026,24,29038,11,7810,0,158,1091,6719,7810,14,0,10,24,13,191,29240,0,0,320,320,0,0,0,0,0,6744,0,0,0,0,0,51,0
90,EYE_L_SWEEP,100,1,34,0,56,554,1242,1,1162,18866,25,29017,19,7910,0,162,1138,6772,7910,15,0,10,25,13,192,29228,0,0,320,320,0,0,0,0,0,6804,0,0,0,0,0,51,0
91,EYE_L_SWEEP,100,1,35,0,56,551,1218,1,1145,18928,25,28952,9,7822,0,153,1121,6701,7822,15,0,10,25,20,196,29157,0,0,320,320,0,0,0,0,0,6725,0,0,0,0,0,51,0
92,EYE_L_SWEEP,100,1,36,0,57,589,1211,2,1134,18957,25,29023,19,7827,0,176,1111,6716,7827,15,0,10,25,13,210,29252,0,0,320,320,0,0,0,0,0,6740,0,0,0,0,0,51,0
93,EYE_L_SWEEP,100,1,37,0,56,557,1215,1,1120,18936,25,28817,15,7682,0,164,1096,6586,7682,15,0,10,25,616,804,29636,0,0,320,320,0,0,0,0,0,6612,0,0,0,0,0,51,0
94,EYE_L_SWEEP,100,1,38,0,57,583,1214,1,1129,18979,33,28953,14,7754,0,163,1105,6649,7754,15,0,18,33,764,955,29922,0,0,320,320,0,0,0,0,0,6673,0,0,0,0,0,51,0
95,EYE_L_SWEEP,100,1,39,0,56,552,1213,2,1148,18781,24,28598,14,7615,0,169,1121,6494,7615,15,0,9,24,13,202,28814,0,0,320,320,0,0,0,0,0,6517,0,0,0,0,0,51,0
96,EYE_L_SWEEP,100,1,40,0,56,599,1213,2,1134,18977,25,28857,8,7630,0,164,1110,6520,7630,15,0,10,25,524,719,29584,0,0,320,320,0,0,0,0,0,6545,0,0,0,0,0,51,0
97,EYE_L_SWEEP,100,1,41,0,57,551,1211,2,1155,18833,25,28820,11,7786,0,167,1131,6655,7786,15,0,10,25,13,198,29029,0,0,320,320,0,0,0,0,0,6675,0,0,0,0,0,51,0
98,EYE_L_SWEEP,100,1,42,0,56,597,1213,3,1146,18964,25,28764,8,7555,0,159,1123,6432,7555,15,0,10,25,201,384,29156,0,0,320,320,0,0,0,0,0,6454,0,0,0,0,0,51,0
99,EYE_L_SWEEP,100,1,43,0,56,568,1210,1,1127,18800,24,28548,15,7534,0,158,1104,6430,7534,15,0,9,24,11,190,28753,0,0,320,320,0,0,0,0,0,6453,0,0,0,0,0,51,0
100,EYE_L_SWEEP,100,1,44,0,56,597,1216,2,1154,19046,25,28868,9,7583,0,167,1131,6452,7583,15,0,10,25,15,209,29086,0,0,320,320,0,0,0,0,0,6475,0,0,0,0,0,51,0
101,EYE_L_SWEEP,100,1,45,0,57,553,1202,2,1112,18841,25,28550,15,7515,0,158,1088,6427,7515,15,0,10,25,16,191,28756,0,0,320,320,0,0,0,0,0,6452,0,0,0,0,0,51,0
102,EYE_L_SWEEP,100,1,46,0,66,584,1212,2,1167,19027,24,28839,15,7575,0,173,1140,6435,7575,14,0,10,24,15,205,29059,0,0,320,320,0,0,0,0,0,6458,0,0,0,0,0,51,0
103,EYE_L_SWEEP,100,1,47,0,57,566,1207,1,1148,18863,24,28632,14,7571,0,150,1124,6447,7571,15,0,9,24,17,188,28834,0,0,320,320,0,0,0,0,0,6471,0,0,0,0,0,51,0
104,EYE_L_SWEEP,100,1,48,0,56,595,1214,1,1147,19057,24,28844,18,7550,0,170,1119,6431,7550,15,0,9,24,12,199,29061,0,0,320,320,0,0,0,0,0,6456,0,0,0,0,0,51,0
105,EYE_L_SWEEP,100,1,49,0,56,557,1209,2,1153,18945,25,28709,9,7563,0,162,1125,6438,7563,15,0,10,25,17,202,28920,0,0,320,320,0,0,0,0,0,6463,0,0,0,0,0,51,0
106,EYE_L_SWEEP,100,1,50,0,57,554,1215,1,1142,19052,25,28804,8,7558,0,170,1119,6439,7558,15,0,10,25,17,210,29022,0,0,320,320,0,0,0,0,0,6463,0,0,0,0,0,51,0
107,EYE_L_SWEEP,100,1,51,0,66,550,1252,1,1157,18944,23,28816,18,7632,0,164,1134,6498,7632,14,0,9,23,16,198,29032,0,0,320,320,0,0,0,0,0,6522,0,0,0,0,0,51,0
108,EYE_L_SWEEP,100,1,52,0,56,554,1229,2,1134,19142,24,28903,15,7545,0,169,1110,6435,7545,15,0,9,24,12,198,29116,0,0,320,320,0,0,0,0,0,6460,0,0,0,0,0,51,0
109,EYE_L_SWEEP,100,1,53,0,55,543,1206,2,1150,19175,24,28971,26,7621,0,163,1128,6493,7621,15,0,9,24,13,192,29189,0,0,320,320,0,0,0,0,0,6516,0,0,0,0,0,51,0
110,EYE_L_SWEEP,100,1,54,0,56,551,1199,2,1061,19104,25,28949,9,7655,0,154,1037,6618,7655,15,0,10,25,24,197,29155,0,0,320,320,0,0,0,0,0,6643,0,0,0,0,0,51,0
116,NECK_SWEEP,100,1,5,0,52,570,1383,4,1136,19206,25,29503,15,7894,0,163,1109,6785,7894,15,0,10,25,17,196,29714,0,0,320,320,0,0,0,0,0,6808,0,0,0,0,0,50,1
117,NECK_SWEEP,100,1,6,0,48,596,1372,1,1150,19248,25,29471,10,7823,0,149,1127,6696,7823,14,0,11,25,16,190,29671,0,0,320,320,0,0,0,0,0,6719,0,0,0,0,0,50,1
118,NECK_SWEEP,100,1,7,0,49,567,1376,1,1155,19161,23,29394,14,7860,0,157,1132,6728,7860,14,0,9,23,16,191,29599,0,0,320,320,0,0,0,0,0,6752,0,0,0,0,0,50,1
119,NECK_SWEEP,100,1,8,0,58,569,1412,2,1158,19245,24,29479,15,7817,0,162,1134,6683,7817,15,0,9,24,17,200,29694,0,0,320,320,0,0,0,0,0,6707,0,0,0,0,0,50,1
120,NECK_SWEEP,100,1,9,0,48,566,1359,1,1148,19205,24,29606,15,7828,0,160,1125,6703,7828,15,0,9,24,12,188,29809,0,0,320,320,0,0,0,0,0,6726,0,0,0,0,0,50,1
121,NECK_SWEEP,100,1,10,0,49,560,1363,2,1168,19109,25,29373,19,7915,0,168,1144,6771,7915,15,0,10,25,13,198,29590,0,0,320,320,0,0,0,0,0,6794,0,0,0,0,0,50,1
122,NECK_SWEEP,100,1,11,0,49,593,1375,4,994,19356,23,29422,15,7665,0,154,972,6693,7665,14,0,9,23,17,188,29625,0,0,320,320,0,0,0,0,0,6721,0,0,0,0,0,50,1
123,NECK_SWEEP,100,1,12,0,48,580,1350,1,922,19214,25,29168,15,7590,0,184,894,6696,7590,15,0,10,25,11,217,29400,0,0,320,320,0,0,0,0,0,6720,0,0,0,0,0,50,1
124,NECK_SWEEP,100,1,13,0,49,578,1406,2,946,19231,24,29263,14,7612,0,154,922,6690,7612,15,0,9,24,17,188,29465,0,0,320,320,0,0,0,0,0,6713,0,0,0,0,0,50,1
125,NECK_SWEEP,100,1,14,0,49,561,1253,2,1025,19186,24,29042,18,7589,0,162,998,6591,7589,15,0,9,24,17,196,29256,0,0,320,320,0,0,0,0,0,6610,0,0,0,0,0,50,1
126,NECK_SWEEP,100,1,15,0,73,570,1404,1,946,19131,24,29242,14,7628,0,161,918,6710,7628,15,0,9,24,16,195,29451,0,0,320,320,0,0,0,0,0,6734,0,0,0,0,0,50,1
127,NECK_SWEEP,100,1,16,0,49,571,1361,4,922,19287,25,29238,15,7588,0,164,900,6688,7588,15,0,10,25,15,201,29454,0,0,320,320,0,0,0,0,0,6712,0,0,0,0,0,50,1
128,NECK_SWEEP,100,1,17,0,48,564,1369,1,985,19190,24,29108,15,7543,0,160,958,6585,7543,15,0,9,24,17,194,29317,0,0,320,320,0,0,0,0,0,6608,0,0,0,0,0,50,1
129,NECK_SWEEP,100,1,18,0,49,556,1364,2,1089,19293,25,29321,15,7675,0,154,1065,6610,7675,15,0,10,25,17,188,29524,0,0,320,320,0,0,0,0,0,6633,0,0,0,0,0,50,1
130,NECK_SWEEP,100,1,19,0,49,514,1367,1,1114,19109,24,29083,18,7660,0,159,1090,6570,7660,15,0,9,24,12,188,29289,0,0,320,320,0,0,0,0,0,6594,0,0,0,0,0,50,1
131,NECK_SWEEP,100,1,20,0,49,539,1398,2,1127,19272,25,29325,14,7682,0,157,1104,6578,7682,15,0,10,25,13,190,29529,0,0,320,320,0,0,0,0,0,6602,0,0,0,0,0,50,1
132,NECK_SWEEP,100,1,21,0,49,586,1357,2,1140,19216,24,29199,19,7612,0,153,1117,6495,7612,14,0,10,24,13,183,29401,0,0,320,320,0,0,0,0,0,6523,0,0,0,0,0,50,1
133,NECK_SWEEP,100,1,22,0,49,570,1374,1,1126,19150,24,29124,15,7600,0,153,1102,6498,7600,15,0,9,24,17,187,29326,0,0,320,320,0,0,0,0,0,6521,0,0,0,0,0,50,1
134,NECK_SWEEP,100,1,23,0,49,595,1374,2,1137,19326,25,29288,19,7560,0,153,1113,6447,7560,15,0,10,25,13,187,29494,0,0,320,320,0,0,0,0,0,6467,0,0,0,0,0,50,1
135,NECK_SWEEP,100,1,24,0,49,567,1368,2,1157,19211,25,29151,19,7579,0,188,1133,6446,7579,15,0,10,25,11,217,29387,0,0,320,320,0,0,0,0,0,6470,0,0,0,0,0,50,1
136,NECK_SWEEP,100,1,25,0,58,573,1410,2,1154,19249,25,29259,14,7584,0,159,1130,6454,7584,15,0,10,25,13,193,29466,0,0,320,320,0,0,0,0,0,6478,0,0,0,0,0,50,1
137,NECK_SWEEP,100,1,26,0,49,573,1364,5,1112,19147,25,29056,19,7541,0,157,1089,6452,7541,15,0,10,25,13,186,29261,0,0,320,320,0,0,0,0,0,6476,0,0,0,0,0,50,1
138,NECK_SWEEP,100,1,27,0,48,579,1370,1,1145,19097,25,29088,15,7610,0,153,1121,6489,7610,15,0,10,25,17,186,29289,0,0,320,320,0,0,0,0,0,6508,0,0,0,0,0,50,1
139,NECK_SWEEP,100,1,28,0,53,602,1374,2,1157,19261,25,29249,15,7581,0,158,1133,6448,7581,15,0,10,25,17,191,29455,0,0,320,320,0,0,0,0,0,6472,0,0,0,0,0,50,1
140,NECK_SWEEP,100,1,29,0,53,570,1368,4,1115,19122,24,29027,18,7539,0,151,1093,6446,7539,15,0,9,24,12,179,29224,0,0,320,320,0,0,0,0,0,6469,0,0,0,0,0,50,1
141,NECK_SWEEP,100,1,30,0,53,603,1367,4,1157,19259,24,29238,14,7576,0,153,1135,6441,7576,14,0,10,24,13,186,29438,0,0,320,320,0,0,0,0,0,6460,0,0,0,0,0,50,1
142,NECK_SWEEP,100,1,31,0,53,574,1360,2,1133,19076,25,29007,9,7552,0,158,1109,6443,7552,15,0,10,25,12,192,29208,0,0,320,320,0,0,0,0,0,6470,0,0,0,0,0,50,1
143,NECK_SWEEP,100,1,32,0,53,599,1379,2,1146,19237,23,29232,18,7588,0,154,1123,6465,7588,14,0,9,23,13,184,29434,0,0,320,320,0,0,0,0,0,6488,0,0,0,0,0,50,1
144,NECK_SWEEP,100,1,33,0,52,568,1364,2,1142,19085,25,29027,15,7571,0,154,1119,6452,7571,15,0,10,25,15,186,29228,0,0,320,320,0,0,0,0,0,6475,0,0,0,0,0,50,1
145,NECK_SWEEP,100,1,34,0,53,598,1381,2,1160,19297,24,29293,15,7580,0,161,1136,6444,7580,15,0,9,24,13,198,29506,0,0,320,320,0,0,0,0,0,6470,0,0,0,0,0,50,1
146,NECK_SWEEP,100,1,35,0,53,565,1370,2,1126,19152,24,29058,15,7548,0,153,1102,6446,7548,15,0,9,24,12,186,29259,0,0,320,320,0,0,0,0,0,6471,0,0,0,0,0,50,1
147,NECK_SWEEP,100,1,36,0,62,574,1413,2,1122,19166,24,29123,15,7526,0,154,1095,6431,7526,15,0,9,24,13,188,29326,0,0,320,320,0,0,0,0,0,6455,0,0,0,0,0,50,1
148,NECK_SWEEP,100,1,37,0,53,566,1362,2,1152,19124,24,29078,15,7583,0,161,1128,6455,7583,15,0,9,24,13,195,29288,0,0,320,320,0,0,0,0,0,6479,0,0,0,0,0,50,1
149,NECK_SWEEP,100,1,38,0,52,571,1367,2,1151,19083,25,29105,15,7643,0,161,1127,6516,7643,15,0,10,25,13,190,29310,0,0,320,320,0,0,0,0,0,6540,0,0,0,0,0,50,1
150,NECK_SWEEP,100,1,39,0,53,591,1369,2,1125,19260,24,29198,18,7548,0,155,1101,6447,7548,15,0,9,24,13,185,29401,0,0,320,320,0,0,0,0,0,6470,0,0,0,0,0,50,1
151,NECK_SWEEP,100,1,40,0,53,569,1359,2,1145,19106,24,29034,19,7569,0,157,1121,6448,7569,15,0,9,24,12,186,29239,0,0,320,320,0,0,0,0,0,6472,0,0,0,0,0,50,1
152,NECK_SWEEP,100,1,41,0,53,597,1371,2,1125,19144,25,29081,15,7530,0,149,1098,6432,7530,15,0,10,25,13,182,29278,0,0,320,320,0,0,0,0,0,6457,0,0,0,0,0,50,1
153,NECK_SWEEP,100,1,42,0,53,563,1360,2,1110,19142,24,29025,18,7534,0,160,1086,6448,7534,15,0,9,24,11,190,29233,0,0,320,320,0,0,0,0,0,6471,0,0,0,0,0,50,1
154,NECK_SWEEP,100,1,43,0,53,592,1367,2,1121,19230,24,29187,18,7554,0,157,1097,6457,7554,15,0,9,24,13,187,29392,0,0,320,320,0,0,0,0,0,6481,0,0,0,0,0,50,1
155,NECK_SWEEP,100,1,44,0,53,563,1363,2,1118,19246,24,29143,18,7536,0,178,1095,6441,7536,15,0,9,24,12,207,29368,0,0,320,320,0,0,0,0,0,6464,0,0,0,0,0,50,1
156,NECK_SWEEP,100,1,45,0,63,563,1405,1,1134,19244,24,29210,14,7547,0,153,1106,6441,7547,15,0,9,24,13,191,29415,0,0,320,320,0,0,0,0,0,6464,0,0,0,0,0,50,1
157,NECK_SWEEP,100,1,46,0,53,564,1357,2,1111,19190,24,29081,14,7535,0,157,1088,6447,7535,15,0,9,24,12,191,29286,0,0,320,320,0,0,0,0,0,6471,0,0,0,0,0,50,1
158,NECK_SWEEP,100,1,47,0,62,567,1362,2,1153,19116,24,29115,15,7627,0,156,1125,6502,7627,15,0,9,24,13,190,29320,0,0,320,320,0,0,0,0,0,6526,0,0,0,0,0,50,1
159,NECK_SWEEP,100,1,48,0,61,595,1374,2,1162,19362,24,29342,15,7564,0,157,1134,6430,7564,15,0,9,24,21,195,29552,0,0,320,320,0,0,0,0,0,6454,0,0,0,0,0,50,1
160,NECK_SWEEP,100,1,49,0,62,586,1369,2,1162,19180,24,29164,14,7577,0,195,1135,6442,7577,15,0,9,24,15,232,29410,0,0,320,320,0,0,0,0,0,6465,0,0,0,0,0,50,1
161,NECK_SWEEP,100,1,50,0,62,565,1412,2,1155,19213,25,29214,19,7586,0,162,1128,6458,7586,15,0,10,25,13,195,29428,0,0,320,320,0,0,0,0,0,6481,0,0,0,0,0,50,1
162,NECK_SWEEP,100,1,51,0,61,568,1362,2,1140,19210,24,29143,15,7560,0,162,1116,6444,7560,15,0,9,24,12,195,29353,0,0,320,320,0,0,0,0,0,6468,0,0,0,0,0,50,1
163,NECK_SWEEP,100,1,52,0,53,585,1376,1,1152,19184,25,29242,15,7638,0,156,1128,6510,7638,15,0,10,25,13,194,29451,0,0,320,320,0,0,0,0,0,6533,0,0,0,0,0,50,1
164,NECK_SWEEP,100,1,53,0,53,599,1374,2,1117,19344,24,29288,15,7539,0,158,1095,6444,7539,14,0,10,24,12,191,29494,0,0,320,320,0,0,0,0,0,6467,0,0,0,0,0,50,1
165,NECK_SWEEP,100,1,54,0,53,577,1359,1,1120,19235,24,29142,15,7534,0,182,1096,6438,7534,15,0,9,24,11,215,29372,0,0,320,320,0,0,0,0,0,6461,0,0,0,0,0,50,1
171,FACE_SWEEP,100,1,5,0,53,909,1232,1,1138,19152,25,29401,15,7668,0,167,1111,6557,7668,15,0,10,25,13,197,29613,0,0,320,320,0,0,0,0,0,6576,0,0,0,0,0,51,0
172,FACE_SWEEP,100,1,6,0,49,937,1211,1,1119,19307,24,29418,15,7539,0,154,1096,6443,7539,14,0,10,24,13,187,29620,0,0,320,320,0,0,0,0,0,6467,0,0,0,0,0,51,0
173,FACE_SWEEP,100,1,7,0,49,904,1207,1,1143,19109,24,29210,9,7566,0,181,1120,6446,7566,14,0,10,24,12,216,29435,0,0,320,320,0,0,0,0,0,6466,0,0,0,0,0,51,0
174,FACE_SWEEP,100,1,8,0,49,912,1250,1,1126,19217,25,29348,15,7540,0,162,1103,6437,7540,15,0,10,25,13,196,29559,0,0,320,320,0,0,0,0,0,6463,0,0,0,0,0,51,0
175,FACE_SWEEP,100,1,9,0,49,904,1218,2,1147,19117,25,29232,15,7554,0,154,1123,6431,7554,15,0,10,25,13,188,29435,0,0,320,320,0,0,0,0,0,6455,0,0,0,0,0,51,0
176,FACE_SWEEP,100,1,10,0,49,917,1236,1,1140,19019,25,29234,8,7625,0,162,1116,6509,7625,15,0,10,25,17,198,29440,0,0,320,320,0,0,0,0,0,6532,0,0,0,0,0,51,0
177,FACE_SWEEP,100,1,11,0,49,936,1199,2,1149,19098,24,29245,8,7576,0,154,1126,6450,7576,14,0,10,24,11,189,29442,0,0,320,320,0,0,0,0,0,6474,0,0,0,0,0,51,0
178,FACE_SWEEP,100,1,12,0,49,907,1204,2,1117,19051,25,29119,8,7529,0,154,1093,6436,7529,15,0,10,25,11,189,29316,0,0,320,320,0,0,0,0,0,6459,0,0,0,0,0,51,0
179,FACE_SWEEP,100,1,13,0,58,905,1234,1,1130,19223,26,29371,8,7553,0,158,1102,6451,7553,15,0,11,26,13,195,29574,0,0,320,320,0,0,0,0,0,6471,0,0,0,0,0,51,0
180,FACE_SWEEP,100,1,14,0,49,898,1203,2,1143,19127,25,29395,9,7558,0,163,1119,6439,7558,15,0,10,25,15,202,29606,0,0,320,320,0,0,0,0,0,6466,0,0,0,0,0,51,0
181,FACE_SWEEP,100,1,15,0,52,909,1234,2,1150,19061,27,29296,8,7652,0,153,1123,6529,7652,16,0,11,27,15,193,29497,0,0,320,320,0,0,0,0,0,6552,0,0,0,0,0,51,0
182,FACE_SWEEP,100,1,16,0,60,936,1208,1,1153,19177,24,29343,14,7577,0,158,1125,6452,7577,15,0,9,24,13,192,29549,0,0,320,320,0,0,0,0,0,6477,0,0,0,0,0,51,0
183,FACE_SWEEP,100,1,17,0,48,919,1203,1,1141,19018,24,29121,18,7556,0,192,1117,6439,7556,15,0,9,24,12,221,29360,0,0,320,320,0,0,0,0,0,6461,0,0,0,0,0,51,0
184,FACE_SWEEP,100,1,18,0,48,921,1239,2,1143,19116,25,29274,9,7567,0,154,1119,6448,7567,15,0,10,25,12,188,29471,0,0,320,320,0,0,0,0,0,6473,0,0,0,0,0,51,0
185,FACE_SWEEP,100,1,19,0,49,936,1196,2,1138,18991,25,29099,14,7548,0,151,1114,6434,7548,15,0,10,25,11,184,29297,0,0,320,320,0,0,0,0,0,6458,0,0,0,0,0,51,0
186,FACE_SWEEP,100,1,20,0,49,920,1244,4,1123,19009,25,29207,11,7607,0,157,1100,6507,7607,15,0,10,25,13,190,29408,0,0,320,320,0,0,0,0,0,6531,0,0,0,0,0,51,0
187,FACE_SWEEP,100,1,21,0,48,946,1205,1,1145,19094,24,29255,19,7569,0,162,1121,6448,7569,15,0,9,24,60,245,29519,0,0,320,320,0,0,0,0,0,6472,0,0,0,0,0,51,0
188,FACE_SWEEP,100,1,22,0,49,911,1204,2,1107,19008,25,29143,8,7586,0,193,1083,6503,7586,15,0,10,25,11,234,29385,0,0,320,320,0,0,0,0,0,6526,0,0,0,0,0,51,0
189,FACE_SWEEP,100,1,23,0,49,929,1236,2,1135,19086,25,29332,9,7646,0,167,1111,6535,7646,15,0,10,25,534,725,30066,0,0,320,320,0,0,0,0,0,6554,0,0,0,0,0,51,0
190,FACE_SWEEP,100,1,24,0,49,911,1206,2,1153,18958,23,29064,14,7569,0,153,1130,6439,7569,14,0,9,23,11,186,29264,0,0,320,320,0,0,0,0,0,6458,0,0,0,0,0,51,0
191,FACE_SWEEP,100,1,25,0,49,923,1235,2,1112,19120,25,29228,8,7516,0,159,1089,6427,7516,15,0,10,25,228,411,29647,0,0,320,320,0,0,0,0,0,6451,0,0,0,0,0,51,0
192,FACE_SWEEP,100,1,26,0,49,915,1205,2,1149,18970,24,29198,15,7677,0,160,1125,6552,7677,15,0,9,24,543,724,29937,0,0,320,320,0,0,0,0,0,6576,0,0,0,0,0,51,0
193,FACE_SWEEP,100,1,27,0,49,910,1240,2,1151,19077,25,29201,8,7543,0,163,1127,6416,7543,15,0,10,25,16,197,29406,0,0,320,320,0,0,0,0,0,6440,0,0,0,0,0,51,0
194,FACE_SWEEP,100,1,28,0,53,912,1202,2,1137,18991,24,29070,9,7537,0,170,1115,6422,7537,14,0,10,24,267,461,29540,0,0,320,320,0,0,0,0,0,6446,0,0,0,0,0,51,0
195,FACE_SWEEP,100,1,29,0,53,912,1242,2,1131,18906,25,29177,8,7683,0,167,1107,6576,7683,15,0,10,25,525,718,29903,0,0,320,320,0,0,0,0,0,6600,0,0,0,0,0,51,0
196,FACE_SWEEP,100,1,30,0,53,911,1203,1,1144,19031,26,29121,8,7532,0,160,1117,6415,7532,15,0,11,26,11,196,29325,0,0,320,320,0,0,0,0,0,6440,0,0,0,0,0,51,0
197,FACE_SWEEP,100,1,31,0,53,925,1240,4,1142,18892,25,29102,8,7615,0,168,1119,6496,7615,15,0,10,25,13,203,29313,0,0,320,320,0,0,0,0,0,6520,0,0,0,0,0,51,0
198,FACE_SWEEP,100,1,32,0,53,953,1205,1,1112,19091,25,29206,19,7532,0,167,1088,6444,7532,15,0,10,25,270,455,29680,0,0,320,320,0,0,0,0,0,6468,0,0,0,0,0,51,0
199,FACE_SWEEP,100,1,33,0,53,913,1206,2,1099,19004,25,29203,15,7641,0,183,1075,6566,7641,15,0,10,25,11,219,29437,0,0,320,320,0,0,0,0,0,6590,0,0,0,0,0,51,0
200,FACE_SWEEP,100,1,34,0,53,920,1233,1,1118,19153,25,29436,9,7690,0,164,1094,6596,7690,15,0,10,25,635,823,30268,0,0,320,320,0,0,0,0,0,6620,0,0,0,0,0,51,0
201,FACE_SWEEP,100,1,35,0,53,907,1205,1,1137,18999,25,29093,9,7552,0,154,1114,6438,7552,15,0,10,25,17,190,29292,0,0,320,320,0,0,0,0,0,6462,0,0,0,0,0,51,0
202,FACE_SWEEP,100,1,36,0,53,926,1227,2,1154,19083,24,29277,19,7613,0,173,1130,6483,7613,15,0,9,24,509,700,29996,0,0,320,320,0,0,0,0,0,6507,0,0,0,0,0,51,0
203,FACE_SWEEP,100,1,37,0,53,901,1197,2,1145,18960,25,29053,8,7555,0,164,1122,6433,7555,14,0,11,25,11,200,29261,0,0,320,320,0,0,0,0,0,6456,0,0,0,0,0,51,0
204,FACE_SWEEP,100,1,38,0,53,903,1230,2,1115,19184,25,29297,15,7555,0,159,1091,6464,7555,15,0,10,25,68,249,29561,0,0,320,320,0,0,0,0,0,6488,0,0,0,0,0,51,0
205,FACE_SWEEP,100,1,39,0,53,904,1203,2,1139,19019,24,29164,15,7604,0,163,1112,6492,7604,15,0,9,24,522,711,29890,0,0,320,320,0,0,0,0,0,6516,0,0,0,0,0,51,0
206,FACE_SWEEP,100,1,40,0,53,899,1242,2,1146,19100,25,29394,15,7716,0,167,1122,6594,7716,15,0,10,25,516,704,30113,0,0,320,320,0,0,0,0,0,6618,0,0,0,0,0,51,0
207,FACE_SWEEP,100,1,41,0,53,902,1208,2,1147,19140,24,29264,18,7571,0,161,1124,6447,7571,15,0,9,24,12,191,29473,0,0,320,320,0,0,0,0,0,6472,0,0,0,0,0,51,0
208,FACE_SWEEP,100,1,42,0,53,897,1199,2,1118,19065,24,29238,9,7606,0,162,1096,6510,7606,14,0,10,24,200,385,29632,0,0,320,320,0,0,0,0,0,6533,0,0,0,0,0,51,0
209,FACE_SWEEP,100,1,43,0,53,932,1203,1,1114,19196,25,29345,9,7576,0,175,1091,6485,7576,15,0,10,25,511,709,30063,0,0,320,320,0,0,0,0,0,6513,0,0,0,0,0,51,0
210,FACE_SWEEP,100,1,44,0,53,904,1226,2,1113,18969,25,29129,9,7590,0,165,1089,6501,7590,15,0,10,25,13,200,29338,0,0,320,320,0,0,0,0,0,6525,0,0,0,0,0,51,0
211,FACE_SWEEP,100,1,45,0,53,959,1207,1,1144,19135,26,29309,8,7566,0,165,1121,6445,7566,15,0,11,26,57,246,29563,0,0,320,320,0,0,0,0,0,6478,0,0,0,0,0,51,0
212,FACE_SWEEP,100,1,46,0,53,911,1203,2,1148,19018,24,29186,15,7620,0,185,1124,6496,7620,15,0,9,24,17,222,29423,0,0,320,320,0,0,0,0,0,6519,0,0,0,0,0,51,0
213,FACE_SWEEP,100,1,47,0,53,919,1242,1,1144,19173,25,29425,9,7642,0,176,1121,6521,7642,15,0,10,25,524,723,30157,0,0,320,320,0,0,0,0,0,6543,0,0,0,0,0,51,0
214,FACE_SWEEP,100,1,48,0,53,911,1204,2,1142,19048,25,29153,9,7556,0,186,1118,6438,7556,15,0,10,25,16,221,29383,0,0,320,320,0,0,0,0,0,6463,0,0,0,0,0,51,0
215,FACE_SWEEP,100,1,49,0,53,917,1236,2,1136,19258,25,29418,9,7569,0,155,1113,6456,7569,15,0,10,25,186,368,29795,0,0,320,320,0,0,0,0,0,6482,0,0,0,0,0,51,0
216,FACE_SWEEP,100,1,50,0,53,909,1204,2,1142,19160,26,29336,8,7629,0,166,1119,6510,7629,15,0,11,26,517,708,30052,0,0,320,320,0,0,0,0,0,6534,0,0,0,0,0,51,0
217,FACE_SWEEP,100,1,51,0,53,913,1233,4,1107,19227,24,29335,9,7528,0,166,1085,6443,7528,14,0,10,24,12,205,29549,0,0,320,320,0,0,0,0,0,6471,0,0,0,0,0,51,0
218,FACE_SWEEP,100,1,52,0,53,909,1202,1,1149,19142,25,29245,9,7551,0,167,1121,6430,7551,15,0,10,25,201,391,29645,0,0,320,320,0,0,0,0,0,6455,0,0,0,0,0,51,0
219,FACE_SWEEP,100,1,53,0,53,913,1233,2,1115,19135,25,29325,15,7616,0,160,1092,6524,7616,14,0,11,25,320,505,29845,0,0,320,320,0,0,0,0,0,6548,0,0,0,0,0,51,0
220,FACE_SWEEP,100,1,54,0,49,935,1204,2,1130,19181,24,29410,14,7665,0,175,1107,6558,7665,14,0,10,24,534,731,30155,0,0,320,320,0,0,0,0,0,6581,0,0,0,0,0,51,0
226,MULTI_AXIS,100,1,5,0,57,983,1358,1,1145,18782,25,29373,8,7808,0,158,1117,6691,7808,15,0,10,25,13,195,29576,0,0,320,320,0,0,0,0,0,6715,0,0,0,0,0,50,1
227,MULTI_AXIS,100,1,6,0,53,952,1364,1,1148,18661,25,29227,8,7816,0,194,1125,6691,7816,15,0,10,25,11,233,29468,0,0,320,320,0,0,0,0,0,6714,0,0,0,0,0,50,1
228,MULTI_AXIS,100,1,7,0,67,962,1391,2,1134,18769,25,29366,15,7796,0,156,1108,6688,7796,15,0,10,25,17,190,29571,0,0,320,320,0,0,0,0,0,6711,0,0,0,0,0,50,1
229,MULTI_AXIS,100,1,8,0,54,958,1354,2,1052,18739,25,29196,9,7716,0,164,1028,6688,7716,15,0,10,25,17,207,29412,0,0,320,320,0,0,0,0,0,6712,0,0,0,0,0,50,1
230,MULTI_AXIS,100,1,9,0,68,952,1392,2,940,18666,24,29079,15,7616,0,161,916,6700,7616,15,0,9,24,17,194,29288,0,0,320,320,0,0,0,0,0,6724,0,0,0,0,0,50,1
231,MULTI_AXIS,100,1,10,0,55,973,1372,1,925,18748,25,29103,9,7572,0,160,901,6671,7572,15,0,10,25,1062,1245,30357,0,0,320,320,0,0,0,0,0,6695,0,0,0,0,0,50,1
232,MULTI_AXIS,100,1,11,0,54,952,1362,1,1005,18744,25,29059,8,7580,0,166,981,6599,7580,15,0,10,25,11,201,29268,0,0,320,320,0,0,0,0,0,6622,0,0,0,0,0,50,1
233,MULTI_AXIS,100,1,12,0,55,938,1389,1,1089,18525,24,29002,9,7717,0,166,1067,6650,7717,14,0,10,24,13,202,29213,0,0,320,320,0,0,0,0,0,6675,0,0,0,0,0,50,1
234,MULTI_AXIS,100,1,13,0,54,952,1375,2,870,18795,25,29081,9,7524,0,170,846,6678,7524,15,0,10,25,12,205,29295,0,0,320,320,0,0,0,0,0,6702,0,0,0,0,0,50,1
235,MULTI_AXIS,100,1,14,0,55,951,1391,1,944,18733,24,29109,15,7540,0,155,916,6624,7540,15,0,9,24,13,188,29312,0,0,320,320,0,0,0,0,0,6647,0,0,0,0,0,50,1
236,MULTI_AXIS,100,1,15,0,54,950,1358,1,1051,18851,25,29224,9,7627,0,150,1027,6600,7627,15,0,10,25,11,185,29418,0,0,320,320,0,0,0,0,0,6628,0,0,0,0,0,50,1
237,MULTI_AXIS,100,1,16,0,55,947,1398,2,1136,18733,24,29227,8,7715,0,165,1113,6602,7715,14,0,10,24,13,201,29436,0,0,320,320,0,0,0,0,0,6627,0,0,0,0,0,50,1
238,MULTI_AXIS,100,1,17,0,55,948,1360,2,1158,18918,25,29346,15,7684,0,160,1131,6553,7684,15,0,10,25,17,194,29555,0,0,320,320,0,0,0,0,0,6581,0,0,0,0,0,50,1
239,MULTI_AXIS,100,1,18,0,55,892,1351,2,1157,18894,26,29250,8,7672,0,190,1130,6542,7672,15,0,11,26,11,229,29487,0,0,320,320,0,0,0,0,0,6569,0,0,0,0,0,50,1
240,MULTI_AXIS,100,1,19,0,55,933,1389,1,1152,18951,25,29587,15,7641,0,162,1124,6517,7641,15,0,10,25,16,196,29798,0,0,320,320,0,0,0,0,0,6547,0,0,0,0,0,50,1
241,MULTI_AXIS,100,1,20,0,54,944,1373,1,1125,18960,25,29250,15,7542,0,153,1097,6445,7542,15,0,10,25,11,186,29451,0,0,320,320,0,0,0,0,0,6468,0,0,0,0,0,50,1
242,MULTI_AXIS,100,1,21,0,54,949,1402,1,1135,18975,24,29376,18,7605,0,153,1107,6498,7605,15,0,9,24,13,183,29577,0,0,320,320,0,0,0,0,0,6524,0,0,0,0,0,50,1
243,MULTI_AXIS,100,1,22,0,55,972,1372,2,1170,19124,24,29496,15,7586,0,157,1147,6439,7586,15,0,9,24,17,190,29701,0,0,320,320,0,0,0,0,0,6466,0,0,0,0,0,50,1
244,MULTI_AXIS,100,1,23,0,54,947,1367,2,1131,18993,24,29283,14,7546,0,166,1109,6437,7546,14,0,10,24,13,226,29523,0,0,320,320,0,0,0,0,0,6462,0,0,0,0,0,50,1
245,MULTI_AXIS,100,1,24,0,54,953,1405,2,1162,19098,25,29472,8,7564,0,154,1134,6430,7564,15,0,10,25,17,190,29670,0,0,320,320,0,0,0,0,0,6455,0,0,0,0,0,50,1
246,MULTI_AXIS,100,1,25,0,55,946,1354,2,1117,18861,25,29113,9,7528,0,157,1094,6434,7528,15,0,10,25,17,193,29315,0,0,320,320,0,0,0,0,0,6459,0,0,0,0,0,50,1
247,MULTI_AXIS,100,1,26,0,54,951,1396,2,1165,18972,26,29410,8,7648,0,157,1138,6510,7648,16,0,10,26,19,199,29617,0,0,320,320,0,0,0,0,0,6534,0,0,0,0,0,50,1
248,MULTI_AXIS,100,1,27,0,54,978,1365,1,1158,19038,24,29403,15,7590,0,155,1135,6455,7590,15,0,9,24,13,188,29606,0,0,320,320,0,0,0,0,0,6481,0,0,0,0,0,50,1
249,MULTI_AXIS,100,1,28,0,54,945,1360,1,1125,18902,24,29187,15,7552,0,186,1101,6451,7552,15,0,9,24,12,219,29421,0,0,320,320,0,0,0,0,0,6477,0,0,0,0,0,50,1
250,MULTI_AXIS,100,1,29,0,55,935,1287,1,1123,18971,25,29173,14,7541,0,158,1099,6442,7541,15,0,10,25,12,190,29377,0,0,320,320,0,0,0,0,0,6462,0,0,0,0,0,50,1
251,MULTI_AXIS,100,1,30,0,63,942,1365,2,1150,18915,25,29246,9,7576,0,154,1123,6453,7576,15,0,10,25,16,188,29443,0,0,320,320,0,0,0,0,0,6479,0,0,0,0,0,50,1
252,MULTI_AXIS,100,1,31,0,55,948,1393,1,1118,18834,25,29204,15,7596,0,149,1094,6502,7596,15,0,10,25,15,182,29401,0,0,320,320,0,0,0,0,0,6528,0,0,0,0,0,50,1
253,MULTI_AXIS,100,1,32,0,55,985,1360,1,1144,18966,25,29308,15,7566,0,158,1120,6446,7566,15,0,10,25,13,192,29515,0,0,320,320,0,0,0,0,0,6470,0,0,0,0,0,50,1
254,MULTI_AXIS,100,1,33,0,54,949,1358,2,1120,18862,24,29111,14,7512,0,162,1096,6416,7512,15,0,9,24,12,194,29319,0,0,320,320,0,0,0,0,0,6440,0,0,0,0,0,50,1
255,MULTI_AXIS,100,1,34,0,54,939,1393,2,1133,18944,25,29282,9,7570,0,163,1105,6465,7570,15,0,10,25,17,199,29490,0,0,320,320,0,0,0,0,0,6488,0,0,0,0,0,50,1
256,MULTI_AXIS,100,1,35,0,54,964,1359,2,1141,18812,24,29122,15,7559,0,164,1117,6442,7559,15,0,9,24,12,196,29333,0,0,320,320,0,0,0,0,0,6466,0,0,0,0,0,50,1
257,MULTI_AXIS,100,1,36,0,54,967,1399,2,1147,18815,25,29252,15,7633,0,159,1123,6510,7633,15,0,10,25,280,464,29731,0,0,320,320,0,0,0,0,0,6533,0,0,0,0,0,50,1
258,MULTI_AXIS,100,1,37,0,54,973,1363,2,1157,18916,25,29366,12,7670,0,172,1133,6537,7670,15,0,10,25,517,710,30088,0,0,320,320,0,0,0,0,0,6562,0,0,0,0,0,50,1
259,MULTI_AXIS,100,1,38,0,54,956,1393,1,1116,18803,25,29194,9,7611,0,162,1092,6519,7611,15,0,10,25,17,201,29404,0,0,320,320,0,0,0,0,0,6543,0,0,0,0,0,50,1
260,MULTI_AXIS,100,1,39,0,54,974,1370,2,1151,18930,26,29301,8,7586,0,161,1127,6459,7586,15,0,11,26,191,372,29681,0,0,320,320,0,0,0,0,0,6487,0,0,0,0,0,50,1
261,MULTI_AXIS,100,1,40,0,54,941,1366,1,1151,18854,24,29245,15,7652,0,187,1128,6524,7652,14,0,10,24,11,216,29476,0,0,320,320,0,0,0,0,0,6547,0,0,0,0,0,50,1
262,MULTI_AXIS,100,1,41,0,54,956,1392,2,1131,18999,25,29449,9,7678,0,171,1107,6571,7678,15,0,10,25,568,766,30224,0,0,320,320,0,0,0,0,0,6590,0,0,0,0,0,50,1
263,MULTI_AXIS,100,1,42,0,54,945,1364,1,1160,18803,25,29124,9,7580,0,195,1136,6444,7580,15,0,10,25,12,230,29363,0,0,320,320,0,0,0,0,0,6467,0,0,0,0,0,50,1
264,MULTI_AXIS,100,1,43,0,54,952,1398,2,1152,18922,25,29296,9,7590,0,155,1128,6462,7590,15,0,10,25,300,482,29787,0,0,320,320,0,0,0,0,0,6484,0,0,0,0,0,50,1
265,MULTI_AXIS,100,1,44,0,54,940,1358,1,1121,18891,25,29298,8,7677,0,179,1097,6580,7677,15,0,10,25,593,797,30103,0,0,320,320,0,0,0,0,0,6606,0,0,0,0,0,50,1
266,MULTI_AXIS,100,1,45,0,54,944,1394,2,1142,18926,24,29260,15,7565,0,163,1118,6447,7565,15,0,9,24,54,233,29508,0,0,320,320,0,0,0,0,0,6471,0,0,0,0,0,50,1
267,MULTI_AXIS,100,1,46,0,54,935,1362,2,1149,18860,24,29160,14,7572,0,162,1126,6446,7572,14,0,10,24,325,510,29684,0,0,320,320,0,0,0,0,0,6469,0,0,0,0,0,50,1
268,MULTI_AXIS,100,1,47,0,54,945,1399,2,1125,18896,25,29337,19,7661,0,167,1101,6560,7661,15,0,10,25,510,699,30055,0,0,320,320,0,0,0,0,0,6583,0,0,0,0,0,50,1
269,MULTI_AXIS,100,1,48,0,54,948,1365,2,1155,19048,25,29350,14,7554,0,150,1131,6423,7554,15,0,10,25,12,186,29550,0,0,320,320,0,0,0,0,0,6448,0,0,0,0,0,50,1
270,MULTI_AXIS,100,1,49,0,54,965,1395,2,1157,18918,25,29338,10,7628,0,151,1133,6495,7628,15,0,10,25,12,184,29532,0,0,320,320,0,0,0,0,0,6518,0,0,0,0,0,50,1
271,MULTI_AXIS,100,1,50,0,54,985,1367,2,1151,19082,25,29431,8,7575,0,160,1127,6448,7575,15,0,10,25,209,391,29830,0,0,320,320,0,0,0,0,0,6472,0,0,0,0,0,50,1
272,MULTI_AXIS,100,1,51,0,55,944,1367,1,1151,19203,24,29549,15,7593,0,150,1127,6466,7593,15,0,9,24,15,183,29747,0,0,320,320,0,0,0,0,0,6489,0,0,0,0,0,50,1
273,MULTI_AXIS,100,1,52,0,54,947,1402,2,1144,19183,25,29664,19,7683,0,155,1120,6563,7683,15,0,10,25,552,724,30407,0,0,320,320,0,0,0,0,0,6586,0,0,0,0,0,50,1
274,MULTI_AXIS,100,1,53,0,72,936,1353,1,1122,18955,24,29509,15,7814,0,157,1099,6715,7814,14,0,10,24,15,193,29717,0,0,320,320,0,0,0,0,0,6739,0,0,0,0,0,50,1
275,MULTI_AXIS,100,1,54,0,63,944,1392,2,1162,18941,23,29641,15,7919,0,168,1135,6784,7919,14,0,9,23,13,206,29862,0,0,320,320,0,0,0,0,0,6808,0,0,0,0,0,50,1
