scenario,scale_q100,frame,triangle_count,scanline_count,span_count,total_span_pixels,avg_span_length_q100,max_span_length,sample_in_bounds,sample_out_of_bounds,fully_inbounds_span_count,partial_or_oob_span_count,alpha_zero_pixels,fully_opaque_pixels,alpha_mixed_pixels
STATIC,100,5,257,5498,5331,52846,991,44,52762,84,5247,84,8437,34791,9534
STATIC,100,6,257,5498,5331,52846,991,44,52762,84,5247,84,8437,34791,9534
STATIC,100,7,257,5498,5331,52846,991,44,52762,84,5247,84,8437,34791,9534
STATIC,100,8,257,5498,5331,52846,991,44,52762,84,5247,84,8437,34791,9534
STATIC,100,9,257,5498,5331,52846,991,44,52762,84,5247,84,8437,34791,9534
STATIC,100,10,257,5498,5331,52846,991,44,52762,84,5247,84,8437,34791,9534
STATIC,100,11,257,5498,5331,52846,991,44,52762,84,5247,84,8437,34791,9534
STATIC,100,12,257,5498,5331,52846,991,44,52762,84,5247,84,8437,34791,9534
STATIC,100,13,257,5498,5331,52846,991,44,52762,84,5247,84,8437,34791,9534
STATIC,100,14,257,5498,5331,52846,991,44,52762,84,5247,84,8437,34791,9534
STATIC,100,15,257,5498,5331,52846,991,44,52762,84,5247,84,8437,34791,9534
STATIC,100,16,257,5498,5331,52846,991,44,52762,84,5247,84,8437,34791,9534
STATIC,100,17,257,5498,5331,52846,991,44,52762,84,5247,84,8437,34791,9534
STATIC,100,18,257,5498,5331,52846,991,44,52762,84,5247,84,8437,34791,9534
STATIC,100,19,257,5498,5331,52846,991,44,52762,84,5247,84,8437,34791,9534
STATIC,100,20,257,5498,5331,52846,991,44,52762,84,5247,84,8437,34791,9534
STATIC,100,21,257,5498,5331,52846,991,44,52762,84,5247,84,8437,34791,9534
STATIC,100,22,257,5498,5331,52846,991,44,52762,84,5247,84,8437,34791,9534
STATIC,100,23,257,5498,5331,52846,991,44,52762,84,5247,84,8437,34791,9534
STATIC,100,24,257,5498,5331,52846,991,44,52762,84,5247,84,8437,34791,9534
STATIC,100,25,257,5498,5331,52846,991,44,52762,84,5247,84,8437,34791,9534
STATIC,100,26,257,5498,5331,52846,991,44,52762,84,5247,84,8437,34791,9534
STATIC,100,27,257,5498,5331,52846,991,44,52762,84,5247,84,8437,34791,9534
STATIC,100,28,257,5498,5331,52846,991,44,52762,84,5247,84,8437,34791,9534
STATIC,100,29,257,5498,5331,52846,991,44,52762,84,5247,84,8437,34791,9534
STATIC,100,30,257,5498,5331,52846,991,44,52762,84,5247,84,8437,34791,9534
STATIC,100,31,257,5498,5331,52846,991,44,52762,84,5247,84,8437,34791,9534
STATIC,100,32,257,5498,5331,52846,991,44,52762,84,5247,84,8437,34791,9534
STATIC,100,33,257,5498,5331,52846,991,44,52762,84,5247,84,8437,34791,9534
STATIC,100,34,257,5498,5331,52846,991,44,52762,84,5247,84,8437,34791,9534
STATIC,100,35,257,5498,5331,52846,991,44,52762,84,5247,84,8437,34791,9534
STATIC,100,36,257,5498,5331,52846,991,44,52762,84,5247,84,8437,34791,9534
STATIC,100,37,257,5498,5331,52846,991,44,52762,84,5247,84,8437,34791,9534
STATIC,100,38,257,5498,5331,52846,991,44,52762,84,5247,84,8437,34791,9534
STATIC,100,39,257,5498,5331,52846,991,44,52762,84,5247,84,8437,34791,9534
STATIC,100,40,257,5498,5331,52846,991,44,52762,84,5247,84,8437,34791,9534
STATIC,100,41,257,5498,5331,52846,991,44,52762,84,5247,84,8437,34791,9534
STATIC,100,42,257,5498,5331,52846,991,44,52762,84,5247,84,8437,34791,9534
STATIC,100,43,257,5498,5331,52846,991,44,52762,84,5247,84,8437,34791,9534
STATIC,100,44,257,5498,5331,52846,991,44,52762,84,5247,84,8437,34791,9534
STATIC,100,45,257,5498,5331,52846,991,44,52762,84,5247,84,8437,34791,9534
STATIC,100,46,257,5498,5331,52846,991,44,52762,84,5247,84,8437,34791,9534
STATIC,100,47,257,5498,5331,52846,991,44,52762,84,5247,84,8437,34791,9534
STATIC,100,48,257,5498,5331,52846,991,44,52762,84,5247,84,8437,34791,9534
STATIC,100,49,257,5498,5331,52846,991,44,52762,84,5247,84,8437,34791,9534
STATIC,100,50,257,5498,5331,52846,991,44,52762,84,5247,84,8437,34791,9534
STATIC,100,51,257,5498,5331,52846,991,44,52762,84,5247,84,8437,34791,9534
STATIC,100,52,257,5498,5331,52846,991,44,52762,84,5247,84,8437,34791,9534
STATIC,100,53,257,5498,5331,52846,991,44,52762,84,5247,84,8437,34791,9534
STATIC,100,54,257,5498,5331,52846,991,44,52762,84,5247,84,8437,34791,9534
EYE_L_SWEEP,100,5,257,5462,5293,52505,991,44,52421,84,5209,84,8437,34566,9418
EYE_L_SWEEP,100,6,257,5453,5284,52440,992,44,52357,83,5201,83,8425,34536,9396
EYE_L_SWEEP,100,7,257,5445,5272,52387,993,44,52307,80,5192,80,8422,34528,9357
EYE_L_SWEEP,100,8,257,5436,5270,52343,993,44,52262,81,5189,81,8427,34471,9364
EYE_L_SWEEP,100,9,257,5433,5262,52295,993,44,52215,80,5182,80,8415,34449,9351
EYE_L_SWEEP,100,10,257,5425,5251,52258,995,44,52180,78,5173,78,8414,34429,9337
EYE_L_SWEEP,100,11,257,5417,5247,52228,995,44,52148,80,5167,80,8420,34398,9330
EYE_L_SWEEP,100,12,257,5408,5243,52195,995,44,52118,77,5166,77,8411,34385,9322
EYE_L_SWEEP,100,13,257,5389,5229,52171,997,44,52093,78,5151,78,8420,34373,9300
EYE_L_SWEEP,100,14,257,5389,5223,52137,998,44,52061,76,5147,76,8412,34348,9301
EYE_L_SWEEP,100,15,257,5396,5227,52154,997,44,52078,76,5151,76,8418,34356,9304
EYE_L_SWEEP,100,16,257,5400,5232,52180,997,44,52102,78,5154,78,8423,34378,9301
EYE_L_SWEEP,100,17,257,5409,5241,52204,996,44,52125,79,5162,79,8411,34392,9322
EYE_L_SWEEP,100,18,257,5418,5250,52236,994,44,52158,78,5172,78,8420,34410,9328
EYE_L_SWEEP,100,19,257,5426,5257,52279,994,44,52198,81,5176,81,8430,34434,9334
EYE_L_SWEEP,100,20,257,5435,5260,52312,994,44,52231,81,5179,81,8416,34471,9344
EYE_L_SWEEP,100,21,257,5444,5274,52362,992,44,52280,82,5192,82,8417,34484,9379
EYE_L_SWEEP,100,22,257,5452,5281,52425,992,44,52341,84,5197,84,8433,34526,9382
EYE_L_SWEEP,100,23,257,5449,5281,52471,993,44,52389,82,5199,82,8428,34567,9394
EYE_L_SWEEP,100,24,257,5469,5297,52540,991,44,52460,80,5217,80,8428,34608,9424
EYE_L_SWEEP,100,25,257,5473,5304,52612,991,44,52530,82,5222,82,8441,34640,9449
EYE_L_SWEEP,100,26,257,5482,5311,52687,992,44,52603,84,5227,84,8444,34689,9470
EYE_L_SWEEP,100,27,257,5498,5331,52846,991,44,52762,84,5247,84,8437,34791,9534
EYE_L_SWEEP,100,28,257,5488,5321,52763,991,44,52677,86,5235,86,8442,34754,9481
EYE_L_SWEEP,100,29,257,5482,5311,52687,992,44,52603,84,5227,84,8444,34689,9470
EYE_L_SWEEP,100,30,257,5473,5304,52612,991,44,52530,82,5222,82,8441,34640,9449
EYE_L_SWEEP,100,31,257,5469,5297,52540,991,44,52460,80,5217,80,8428,34608,9424
EYE_L_SWEEP,100,32,257,5449,5281,52471,993,44,52389,82,5199,82,8428,34567,9394
EYE_L_SWEEP,100,33,257,5452,5281,52425,992,44,52341,84,5197,84,8433,34526,9382
EYE_L_SWEEP,100,34,257,5444,5274,52362,992,44,52280,82,5192,82,8417,34484,9379
EYE_L_SWEEP,100,35,257,5435,5260,52312,994,44,52231,81,5179,81,8416,34471,9344
EYE_L_SWEEP,100,36,257,5426,5257,52279,994,44,52198,81,5176,81,8430,34434,9334
EYE_L_SWEEP,100,37,257,5418,5250,52236,994,44,52158,78,5172,78,8420,34410,9328
EYE_L_SWEEP,100,38,257,5409,5241,52204,996,44,52125,79,5162,79,8411,34392,9322
EYE_L_SWEEP,100,39,257,5400,5232,52180,997,44,52102,78,5154,78,8423,34378,9301
EYE_L_SWEEP,100,40,257,5396,5227,52154,997,44,52078,76,5151,76,8418,34356,9304
EYE_L_SWEEP,100,41,257,5392,5224,52151,998,44,52074,77,5147,77,8419,34348,9307
EYE_L_SWEEP,100,42,257,5389,5229,52171,997,44,52093,78,5151,78,8420,34373,9300
EYE_L_SWEEP,100,43,257,5408,5243,52195,995,44,52118,77,5166,77,8411,34385,9322
EYE_L_SWEEP,100,44,257,5417,5247,52228,995,44,52148,80,5167,80,8420,34398,9330
EYE_L_SWEEP,100,45,257,5425,5251,52258,995,44,52180,78,5173,78,8414,34429,9337
EYE_L_SWEEP,100,46,257,5433,5262,52295,993,44,52215,80,5182,80,8415,34449,9351
EYE_L_SWEEP,100,47,257,5436,5270,52343,993,44,52262,81,5189,81,8427,34471,9364
EYE_L_SWEEP,100,48,257,5445,5272,52387,993,44,52307,80,5192,80,8422,34528,9357
EYE_L_SWEEP,100,49,257,5453,5284,52440,992,44,52357,83,5201,83,8425,34536,9396
EYE_L_SWEEP,100,50,257,5462,5293,52505,991,44,52421,84,5209,84,8437,34566,9418
EYE_L_SWEEP,100,51,257,5470,5292,52554,993,44,52469,85,5207,85,8426,34630,9413
EYE_L_SWEEP,100,52,257,5478,5307,52626,991,44,52542,84,5223,84,8435,34651,9456
EYE_L_SWEEP,100,53,257,5483,5314,52698,991,44,52612,86,5228,86,8442,34685,9485
EYE_L_SWEEP,100,54,257,5498,5331,52846,991,44,52762,84,5247,84,8437,34791,9534
NECK_SWEEP,100,5,257,5508,5343,52879,989,45,52743,136,5207,136,8432,34810,9501
NECK_SWEEP,100,6,257,5518,5339,52888,990,45,52747,141,5198,141,8418,34835,9494
NECK_SWEEP,100,7,257,5517,5343,52859,989,44,52720,139,5204,139,8391,34813,9516
NECK_SWEEP,100,8,257,5504,5335,52871,991,44,52740,131,5204,131,8417,34852,9471
NECK_SWEEP,100,9,257,5499,5330,52847,991,43,52722,125,5205,125,8394,34842,9486
NECK_SWEEP,100,10,257,5511,5344,52837,988,44,52711,126,5218,126,8434,34836,9441
NECK_SWEEP,100,11,257,5511,5337,52851,990,44,52727,124,5213,124,8403,34806,9518
NECK_SWEEP,100,12,257,5504,5337,52857,990,44,52729,128,5209,128,8445,34848,9436
NECK_SWEEP,100,13,257,5500,5335,52830,990,44,52713,117,5218,117,8432,34822,9459
NECK_SWEEP,100,14,257,5498,5331,52846,991,44,52762,84,5247,84,8437,34791,9534
NECK_SWEEP,100,15,257,5502,5340,52834,989,45,52721,113,5227,113,8431,34841,9449
NECK_SWEEP,100,16,257,5500,5339,52851,989,45,52725,126,5213,126,8396,34813,9516
NECK_SWEEP,100,17,257,5508,5343,52863,989,44,52736,127,5216,127,8422,34830,9484
NECK_SWEEP,100,18,257,5499,5342,52891,990,45,52763,128,5214,128,8464,34836,9463
NECK_SWEEP,100,19,257,5505,5340,52914,990,45,52792,122,5218,122,8452,34835,9505
NECK_SWEEP,100,20,257,5518,5344,52908,990,45,52777,131,5213,131,8431,34838,9508
NECK_SWEEP,100,21,257,5505,5327,52931,993,46,52811,120,5207,120,8469,34817,9525
NECK_SWEEP,100,22,257,5491,5340,52908,990,46,52785,123,5217,123,8421,34838,9526
NECK_SWEEP,100,23,257,5503,5328,52937,993,45,52812,125,5203,125,8401,34858,9553
NECK_SWEEP,100,24,257,5498,5325,52922,993,46,52804,118,5207,118,8411,34877,9516
NECK_SWEEP,100,25,257,5508,5334,52945,992,46,52817,128,5206,128,8402,34861,9554
NECK_SWEEP,100,26,257,5498,5320,52991,996,47,52872,119,5201,119,8433,34864,9575
NECK_SWEEP,100,27,257,5493,5327,53040,995,47,52917,123,5204,123,8452,34882,9583
NECK_SWEEP,100,28,257,5505,5325,53014,995,47,52887,127,5198,127,8466,34886,9535
NECK_SWEEP,100,29,257,5498,5320,52991,996,47,52872,119,5201,119,8433,34864,9575
NECK_SWEEP,100,30,257,5508,5334,52945,992,46,52817,128,5206,128,8402,34861,9554
NECK_SWEEP,100,31,257,5498,5325,52922,993,46,52804,118,5207,118,8411,34877,9516
NECK_SWEEP,100,32,257,5503,5328,52937,993,45,52812,125,5203,125,8401,34858,9553
NECK_SWEEP,100,33,257,5491,5340,52908,990,46,52785,123,5217,123,8421,34838,9526
NECK_SWEEP,100,34,257,5505,5327,52931,993,46,52811,120,5207,120,8469,34817,9525
NECK_SWEEP,100,35,257,5518,5344,52908,990,45,52777,131,5213,131,8431,34838,9508
NECK_SWEEP,100,36,257,5505,5340,52914,990,45,52792,122,5218,122,8452,34835,9505
NECK_SWEEP,100,37,257,5499,5342,52891,990,45,52763,128,5214,128,8464,34836,9463
NECK_SWEEP,100,38,257,5508,5343,52863,989,44,52736,127,5216,127,8422,34830,9484
NECK_SWEEP,100,39,257,5500,5339,52851,989,45,52725,126,5213,126,8396,34813,9516
NECK_SWEEP,100,40,257,5502,5340,52834,989,45,52721,113,5227,113,8431,34841,9449
NECK_SWEEP,100,41,257,5493,5336,52861,990,44,52721,140,5196,140,8423,34835,9463
NECK_SWEEP,100,42,257,5500,5335,52830,990,44,52713,117,5218,117,8432,34822,9459
NECK_SWEEP,100,43,257,5504,5337,52857,990,44,52729,128,5209,128,8445,34848,9436
NECK_SWEEP,100,44,257,5511,5337,52851,990,44,52727,124,5213,124,8403,34806,9518
NECK_SWEEP,100,45,257,5511,5344,52837,988,44,52711,126,5218,126,8434,34836,9441
NECK_SWEEP,100,46,257,5499,5330,52847,991,43,52722,125,5205,125,8394,34842,9486
NECK_SWEEP,100,47,257,5504,5335,52871,991,44,52740,131,5204,131,8417,34852,9471
NECK_SWEEP,100,48,257,5517,5343,52859,989,44,52720,139,5204,139,8391,34813,9516
NECK_SWEEP,100,49,257,5518,5339,52888,990,45,52747,141,5198,141,8418,34835,9494
NECK_SWEEP,100,50,257,5508,5343,52879,989,45,52743,136,5207,136,8432,34810,9501
NECK_SWEEP,100,51,257,5518,5349,52895,988,45,52744,151,5198,151,8425,34862,9457
NECK_SWEEP,100,52,257,5511,5340,52899,990,47,52759,140,5200,140,8419,34855,9485
NECK_SWEEP,100,53,257,5526,5350,52924,989,47,52766,158,5192,158,8438,34865,9463
NECK_SWEEP,100,54,257,5520,5353,52938,988,50,52784,154,5199,154,8456,34828,9500
FACE_SWEEP,100,5,257,5501,5342,53014,992,48,52905,109,5233,109,8306,34892,9707
FACE_SWEEP,100,6,257,5494,5330,52952,993,47,52858,94,5236,94,8323,34905,9630
FACE_SWEEP,100,7,257,5489,5329,52969,993,47,52819,150,5179,150,8338,34901,9580
FACE_SWEEP,100,8,257,5475,5316,52944,995,46,52853,91,5225,91,8504,34770,9579
FACE_SWEEP,100,9,257,5473,5314,53014,997,46,52862,152,5162,152,8563,34709,9590
FACE_SWEEP,100,10,257,5460,5281,52905,1001,45,52802,103,5178,103,8442,34783,9577
FACE_SWEEP,100,11,257,5433,5271,52869,1003,45,52773,96,5175,96,8434,34806,9533
FACE_SWEEP,100,12,257,5498,5306,52916,997,44,52760,156,5150,156,8375,34865,9520
FACE_SWEEP,100,13,257,5498,5349,52833,987,42,52726,107,5242,107,8342,34833,9551
FACE_SWEEP,100,14,257,5498,5331,52846,991,44,52762,84,5247,84,8437,34791,9534
FACE_SWEEP,100,15,257,5498,5361,52849,985,45,52708,141,5220,141,8395,34785,9528
FACE_SWEEP,100,16,257,5498,5352,52795,986,46,52700,95,5257,95,8397,34792,9511
FACE_SWEEP,100,17,257,5498,5355,52787,985,46,52646,141,5214,141,8371,34845,9430
FACE_SWEEP,100,18,257,5498,5329,52743,989,48,52657,86,5243,86,8349,34838,9470
FACE_SWEEP,100,19,257,5498,5317,52708,991,48,52550,158,5159,158,8323,34840,9387
FACE_SWEEP,100,20,257,5498,5312,52683,991,49,52597,86,5226,86,8355,34867,9375
FACE_SWEEP,100,21,257,5458,5271,52682,999,50,52578,104,5167,104,8369,34790,9419
FACE_SWEEP,100,22,257,5437,5264,52694,1001,50,52543,151,5113,151,8437,34772,9334
FACE_SWEEP,100,23,257,5448,5258,52645,1001,51,52564,81,5177,81,8459,34752,9353
FACE_SWEEP,100,24,257,5455,5266,52636,999,51,52483,153,5113,153,8448,34777,9258
FACE_SWEEP,100,25,257,5464,5269,52593,998,52,52515,78,5191,78,8473,34727,9315
FACE_SWEEP,100,26,257,5478,5288,52591,994,53,52454,137,5151,137,8433,34742,9279
FACE_SWEEP,100,27,257,5477,5305,52597,991,54,52509,88,5217,88,8546,34634,9329
FACE_SWEEP,100,28,257,5475,5304,52615,991,54,52510,105,5199,105,8536,34708,9266
FACE_SWEEP,100,29,257,5478,5288,52591,994,53,52454,137,5151,137,8433,34742,9279
FACE_SWEEP,100,30,257,5464,5269,52593,998,52,52515,78,5191,78,8473,34727,9315
FACE_SWEEP,100,31,257,5455,5266,52636,999,51,52483,153,5113,153,8448,34777,9258
FACE_SWEEP,100,32,257,5448,5258,52645,1001,51,52564,81,5177,81,8459,34752,9353
FACE_SWEEP,100,33,257,5437,5264,52694,1001,50,52543,151,5113,151,8437,34772,9334
FACE_SWEEP,100,34,257,5458,5271,52682,999,50,52578,104,5167,104,8369,34790,9419
FACE_SWEEP,100,35,257,5498,5312,52683,991,49,52597,86,5226,86,8355,34867,9375
FACE_SWEEP,100,36,257,5498,5317,52708,991,48,52550,158,5159,158,8323,34840,9387
FACE_SWEEP,100,37,257,5498,5329,52743,989,48,52657,86,5243,86,8349,34838,9470
FACE_SWEEP,100,38,257,5498,5355,52787,985,46,52646,141,5214,141,8371,34845,9430
FACE_SWEEP,100,39,257,5498,5352,52795,986,46,52700,95,5257,95,8397,34792,9511
FACE_SWEEP,100,40,257,5498,5361,52849,985,45,52708,141,5220,141,8395,34785,9528
FACE_SWEEP,100,41,257,5498,5345,52861,988,43,52708,153,5192,153,8360,34846,9502
FACE_SWEEP,100,42,257,5498,5349,52833,987,42,52726,107,5242,107,8342,34833,9551
FACE_SWEEP,100,43,257,5498,5306,52916,997,44,52760,156,5150,156,8375,34865,9520
FACE_SWEEP,100,44,257,5433,5271,52869,1003,45,52773,96,5175,96,8434,34806,9533
FACE_SWEEP,100,45,257,5460,5281,52905,1001,45,52802,103,5178,103,8442,34783,9577
FACE_SWEEP,100,46,257,5473,5314,53014,997,46,52862,152,5162,152,8563,34709,9590
FACE_SWEEP,100,47,257,5475,5316,52944,995,46,52853,91,5225,91,8504,34770,9579
FACE_SWEEP,100,48,257,5489,5329,52969,993,47,52819,150,5179,150,8338,34901,9580
FACE_SWEEP,100,49,257,5494,5330,52952,993,47,52858,94,5236,94,8323,34905,9630
FACE_SWEEP,100,50,257,5501,5342,53014,992,48,52905,109,5233,109,8306,34892,9707
FACE_SWEEP,100,51,257,5494,5310,53034,998,49,52871,163,5147,163,8268,34931,9672
FACE_SWEEP,100,52,257,5465,5283,53006,1003,50,52919,87,5196,87,8440,34805,9674
FACE_SWEEP,100,53,257,5473,5300,53044,1000,51,52902,142,5158,142,8352,34823,9727
FACE_SWEEP,100,54,257,5478,5297,53074,1001,53,52987,87,5210,87,8415,34834,9738
MULTI_AXIS,100,5,257,5363,5147,51728,1005,53,51602,126,5021,126,8357,34234,9011
MULTI_AXIS,100,6,257,5344,5155,51636,1001,55,51538,98,5057,98,8367,34140,9031
MULTI_AXIS,100,7,257,5333,5142,51574,1002,57,51467,107,5035,107,8369,34126,8972
MULTI_AXIS,100,8,257,5310,5119,51522,1006,57,51403,119,5000,119,8357,34079,8967
MULTI_AXIS,100,9,257,5325,5126,51500,1004,56,51395,105,5021,105,8370,34068,8957
MULTI_AXIS,100,10,257,5313,5115,51521,1007,56,51412,109,5006,109,8368,34052,8992
MULTI_AXIS,100,11,257,5334,5117,51547,1007,54,51440,107,5010,107,8344,34027,9069
MULTI_AXIS,100,12,257,5334,5119,51583,1007,53,51477,106,5013,106,8401,34090,8986
MULTI_AXIS,100,13,257,5319,5144,51611,1003,53,51506,105,5039,105,8356,34067,9083
MULTI_AXIS,100,14,257,5334,5140,51699,1005,53,51588,111,5029,111,8362,34110,9116
MULTI_AXIS,100,15,257,5327,5172,51759,1000,52,51654,105,5067,105,8387,34111,9156
MULTI_AXIS,100,16,257,5341,5170,51799,1001,49,51679,120,5050,120,8340,34170,9169
MULTI_AXIS,100,17,257,5366,5189,51849,999,49,51736,113,5076,113,8353,34196,9187
MULTI_AXIS,100,18,257,5375,5214,51965,996,49,51846,119,5095,119,8393,34250,9203
MULTI_AXIS,100,19,257,5398,5227,52029,995,48,51923,106,5121,106,8371,34355,9197
MULTI_AXIS,100,20,257,5401,5220,52191,999,48,52071,120,5100,120,8387,34374,9310
MULTI_AXIS,100,21,257,5419,5259,52262,993,48,52142,120,5139,120,8385,34437,9320
MULTI_AXIS,100,22,257,5439,5258,52402,996,46,52297,105,5153,105,8431,34509,9357
MULTI_AXIS,100,23,257,5443,5265,52369,994,44,52242,127,5138,127,8377,34513,9352
MULTI_AXIS,100,24,257,5432,5265,52362,994,45,52235,127,5138,127,8413,34461,9361
MULTI_AXIS,100,25,257,5425,5270,52374,993,45,52258,116,5154,116,8378,34489,9391
MULTI_AXIS,100,26,257,5431,5252,52386,997,45,52263,123,5129,123,8346,34472,9445
MULTI_AXIS,100,27,257,5436,5239,52372,999,45,52249,123,5116,123,8338,34542,9369
MULTI_AXIS,100,28,257,5425,5231,52375,1001,46,52266,109,5122,109,8346,34476,9444
MULTI_AXIS,100,29,257,5395,5238,52373,999,46,52295,78,5160,78,8428,34467,9400
MULTI_AXIS,100,30,257,5406,5236,52299,998,47,52175,124,5112,124,8345,34429,9401
MULTI_AXIS,100,31,257,5394,5192,52192,1005,48,52084,108,5084,108,8331,34405,9348
MULTI_AXIS,100,32,257,5382,5204,52153,1002,48,52031,122,5082,122,8302,34390,9339
MULTI_AXIS,100,33,257,5370,5176,52054,1005,48,51936,118,5058,118,8279,34289,9368
MULTI_AXIS,100,34,257,5349,5166,51970,1006,48,51835,135,5031,135,8274,34206,9355
MULTI_AXIS,100,35,257,5344,5160,51936,1006,48,51805,131,5029,131,8270,34219,9316
MULTI_AXIS,100,36,257,5341,5155,51915,1007,49,51790,125,5030,125,8248,34163,9379
MULTI_AXIS,100,37,257,5331,5132,51963,1012,50,51829,134,4998,134,8300,34160,9369
MULTI_AXIS,100,38,257,5331,5135,51933,1011,50,51814,119,5016,119,8289,34160,9365
MULTI_AXIS,100,39,257,5335,5152,51941,1008,48,51806,135,5017,135,8275,34147,9384
MULTI_AXIS,100,40,257,5340,5154,51930,1007,47,51811,119,5035,119,8310,34156,9345
MULTI_AXIS,100,41,257,5344,5161,51927,1006,47,51787,140,5021,140,8300,34170,9317
MULTI_AXIS,100,42,257,5334,5169,51911,1004,46,51797,114,5055,114,8286,34145,9366
MULTI_AXIS,100,43,257,5341,5167,51944,1005,44,51821,123,5044,123,8307,34201,9313
MULTI_AXIS,100,44,257,5360,5178,51974,1003,44,51849,125,5053,125,8301,34217,9331
MULTI_AXIS,100,45,257,5365,5173,52075,1006,44,51925,150,5023,150,8336,34254,9335
MULTI_AXIS,100,46,257,5384,5202,52067,1000,43,51933,134,5068,134,8294,34291,9348
MULTI_AXIS,100,47,257,5390,5210,52153,1001,41,52019,134,5076,134,8364,34311,9344
MULTI_AXIS,100,48,257,5406,5238,52198,996,43,52063,135,5103,135,8390,34360,9313
MULTI_AXIS,100,49,257,5419,5242,52256,996,43,52123,133,5109,133,8370,34423,9330
MULTI_AXIS,100,50,257,5433,5269,52305,992,42,52176,129,5140,129,8377,34454,9345
MULTI_AXIS,100,51,257,5453,5294,52430,990,43,52286,144,5150,144,8399,34527,9360
MULTI_AXIS,100,52,257,5442,5273,52361,993,44,52237,124,5149,124,8387,34542,9308
MULTI_AXIS,100,53,257,5431,5269,52289,992,45,52165,124,5145,124,8402,34515,9248
MULTI_AXIS,100,54,257,5442,5270,52291,992,45,52175,116,5154,116,8405,34502,9268
